<annotation>
    <video>164-20160223-09.avi</video>
    <frame>000059</frame>
    <time>2016/02/23 09:53:44</time>
    <width>352</width>
    <height>240</height>
    <weather>1</weather>
    <facing>3</facing>
    <flow>1</flow>
    <vehicle>
        <id>1</id>
        <bndbox>
            <xmax>174</xmax>
            <xmin>167</xmin>
            <ymax>69</ymax>
            <ymin>62</ymin>
        </bndbox>
        <type>3</type>
        <direction>1</direction>
        <previous>0</previous>
    </vehicle>
    <vehicle>
        <id>2</id>
        <bndbox>
            <xmax>201</xmax>
            <xmin>185</xmin>
            <ymax>83</ymax>
            <ymin>75</ymin>
        </bndbox>
        <type>3</type>
        <direction>1</direction>
        <previous>0</previous>
    </vehicle>
    <vehicle>
        <id>3</id>
        <bndbox>
            <xmax>260</xmax>
            <xmin>232</xmin>
            <ymax>108</ymax>
            <ymin>91</ymin>
        </bndbox>
        <type>2</type>
        <direction>1</direction>
        <previous>0</previous>
    </vehicle>
    <vehicle>
        <id>4</id>
        <bndbox>
            <xmax>320</xmax>
            <xmin>289</xmin>
            <ymax>137</ymax>
            <ymin>114</ymin>
        </bndbox>
        <type>3</type>
        <direction>7</direction>
        <previous>0</previous>
    </vehicle>
    <vehicle>
        <id>5</id>
        <bndbox>
            <xmax>353</xmax>
            <xmin>234</xmin>
            <ymax>228</ymax>
            <ymin>128</ymin>
        </bndbox>
        <type>5</type>
        <direction>7</direction>
        <previous>0</previous>
    </vehicle>
    <vehicle>
        <id>6</id>
        <bndbox>
            <xmax>353</xmax>
            <xmin>335</xmin>
            <ymax>241</ymax>
            <ymin>216</ymin>
        </bndbox>
        <type>5</type>
        <direction>4</direction>
        <previous>0</previous>
    </vehicle>
    <vehicle>
        <id>7</id>
        <bndbox>
            <xmax>322</xmax>
            <xmin>227</xmin>
            <ymax>241</ymax>
            <ymin>224</ymin>
        </bndbox>
        <type>2</type>
        <direction>4</direction>
        <previous>0</previous>
    </vehicle>
    <vehicle>
        <id>8</id>
        <bndbox>
            <xmax>151</xmax>
            <xmin>0</xmin>
            <ymax>241</ymax>
            <ymin>171</ymin>
        </bndbox>
        <type>5</type>
        <direction>4</direction>
        <previous>0</previous>
    </vehicle>
    <vehicle>
        <id>9</id>
        <bndbox>
            <xmax>145</xmax>
            <xmin>60</xmin>
            <ymax>194</ymax>
            <ymin>166</ymin>
        </bndbox>
        <type>2</type>
        <direction>4</direction>
        <previous>0</previous>
    </vehicle>
    <vehicle>
        <id>10</id>
        <bndbox>
            <xmax>81</xmax>
            <xmin>42</xmin>
            <ymax>134</ymax>
            <ymin>94</ymin>
        </bndbox>
        <type>5</type>
        <direction>2</direction>
        <previous>2</previous>
    </vehicle>
    <vehicle>
        <id>11</id>
        <bndbox>
            <xmax>103</xmax>
            <xmin>84</xmin>
            <ymax>105</ymax>
            <ymin>83</ymin>
        </bndbox>
        <type>7</type>
        <direction>2</direction>
        <previous>3</previous>
    </vehicle>
    <vehicle>
        <id>12</id>
        <bndbox>
            <xmax>118</xmax>
            <xmin>102</xmin>
            <ymax>89</ymax>
            <ymin>80</ymin>
        </bndbox>
        <type>3</type>
        <direction>2</direction>
        <previous>4</previous>
    </vehicle>
    <vehicle>
        <id>13</id>
        <bndbox>
            <xmax>125</xmax>
            <xmin>107</xmin>
            <ymax>82</ymax>
            <ymin>64</ymin>
        </bndbox>
        <type>5</type>
        <direction>2</direction>
        <previous>5</previous>
    </vehicle>
    <vehicle>
        <id>14</id>
        <bndbox>
            <xmax>134</xmax>
            <xmin>125</xmin>
            <ymax>73</ymax>
            <ymin>65</ymin>
        </bndbox>
        <type>3</type>
        <direction>2</direction>
        <previous>6</previous>
    </vehicle>
    <vehicle>
        <id>15</id>
        <bndbox>
            <xmax>139</xmax>
            <xmin>130</xmin>
            <ymax>70</ymax>
            <ymin>60</ymin>
        </bndbox>
        <type>3</type>
        <direction>2</direction>
        <previous>0</previous>
    </vehicle>
    <vehicle>
        <id>16</id>
        <bndbox>
            <xmax>26</xmax>
            <xmin>0</xmin>
            <ymax>152</ymax>
            <ymin>129</ymin>
        </bndbox>
        <type>2</type>
        <direction>2</direction>
        <previous>7</previous>
    </vehicle>
    <vehicle>
        <id>17</id>
        <bndbox>
            <xmax>46</xmax>
            <xmin>19</xmin>
            <ymax>132</ymax>
            <ymin>115</ymin>
        </bndbox>
        <type>3</type>
        <direction>2</direction>
        <previous>8</previous>
    </vehicle>
    <vehicle>
        <id>18</id>
        <bndbox>
            <xmax>88</xmax>
            <xmin>74</xmin>
            <ymax>96</ymax>
            <ymin>82</ymin>
        </bndbox>
        <type>2</type>
        <direction>2</direction>
        <previous>9</previous>
    </vehicle>
    <vehicle>
        <id>19</id>
        <bndbox>
            <xmax>108</xmax>
            <xmin>97</xmin>
            <ymax>82</ymax>
            <ymin>70</ymin>
        </bndbox>
        <type>5</type>
        <direction>2</direction>
        <previous>0</previous>
    </vehicle>
    <vehicle>
        <id>20</id>
        <bndbox>
            <xmax>9</xmax>
            <xmin>0</xmin>
            <ymax>128</ymax>
            <ymin>109</ymin>
        </bndbox>
        <type>3</type>
        <direction>2</direction>
        <previous>10</previous>
    </vehicle>
    <vehicle>
        <id>21</id>
        <bndbox>
            <xmax>35</xmax>
            <xmin>9</xmin>
            <ymax>124</ymax>
            <ymin>105</ymin>
        </bndbox>
        <type>2</type>
        <direction>2</direction>
        <previous>11</previous>
    </vehicle>
    <vehicle>
        <id>22</id>
        <bndbox>
            <xmax>53</xmax>
            <xmin>32</xmin>
            <ymax>112</ymax>
            <ymin>97</ymin>
        </bndbox>
        <type>3</type>
        <direction>2</direction>
        <previous>12</previous>
    </vehicle>
    <vehicle>
        <id>23</id>
        <bndbox>
            <xmax>84</xmax>
            <xmin>51</xmin>
            <ymax>98</ymax>
            <ymin>70</ymin>
        </bndbox>
        <type>5</type>
        <direction>2</direction>
        <previous>13</previous>
    </vehicle>
    <vehicle>
        <id>24</id>
        <bndbox>
            <xmax>112</xmax>
            <xmin>92</xmin>
            <ymax>77</ymax>
            <ymin>63</ymin>
        </bndbox>
        <type>5</type>
        <direction>2</direction>
        <previous>0</previous>
    </vehicle>
    <vehicle>
        <id>25</id>
        <bndbox>
            <xmax>18</xmax>
            <xmin>0</xmin>
            <ymax>108</ymax>
            <ymin>80</ymin>
        </bndbox>
        <type>5</type>
        <direction>2</direction>
        <previous>14</previous>
    </vehicle>
    <vehicle>
        <id>26</id>
        <bndbox>
            <xmax>41</xmax>
            <xmin>13</xmin>
            <ymax>105</ymax>
            <ymin>85</ymin>
        </bndbox>
        <type>7</type>
        <direction>2</direction>
        <previous>0</previous>
    </vehicle>
    <vehicle>
        <id>27</id>
        <bndbox>
            <xmax>53</xmax>
            <xmin>41</xmin>
            <ymax>95</ymax>
            <ymin>81</ymin>
        </bndbox>
        <type>3</type>
        <direction>2</direction>
        <previous>0</previous>
    </vehicle>
    <vehicle>
        <id>28</id>
        <bndbox>
            <xmax>98</xmax>
            <xmin>77</xmin>
            <ymax>75</ymax>
            <ymin>61</ymin>
        </bndbox>
        <type>5</type>
        <direction>2</direction>
        <previous>0</previous>
    </vehicle>
</annotation>
