<annotation>
    <video>164-20160223-09.avi</video>
    <frame>000074</frame>
    <time>2016/02/23 09:59:39</time>
    <width>352</width>
    <height>240</height>
    <weather>1</weather>
    <facing>3</facing>
    <flow>1</flow>
    <vehicle>
        <id>1</id>
        <bndbox>
            <xmax>169</xmax>
            <xmin>158</xmin>
            <ymax>71</ymax>
            <ymin>63</ymin>
        </bndbox>
        <type>3</type>
        <direction>1</direction>
        <previous>0</previous>
    </vehicle>
    <vehicle>
        <id>2</id>
        <bndbox>
            <xmax>191</xmax>
            <xmin>177</xmin>
            <ymax>74</ymax>
            <ymin>64</ymin>
        </bndbox>
        <type>2</type>
        <direction>1</direction>
        <previous>0</previous>
    </vehicle>
    <vehicle>
        <id>3</id>
        <bndbox>
            <xmax>224</xmax>
            <xmin>201</xmin>
            <ymax>94</ymax>
            <ymin>81</ymin>
        </bndbox>
        <type>2</type>
        <direction>1</direction>
        <previous>0</previous>
    </vehicle>
    <vehicle>
        <id>4</id>
        <bndbox>
            <xmax>353</xmax>
            <xmin>328</xmin>
            <ymax>128</ymax>
            <ymin>96</ymin>
        </bndbox>
        <type>5</type>
        <direction>1</direction>
        <previous>0</previous>
    </vehicle>
    <vehicle>
        <id>5</id>
        <bndbox>
            <xmax>337</xmax>
            <xmin>286</xmin>
            <ymax>164</ymax>
            <ymin>115</ymin>
        </bndbox>
        <type>4</type>
        <direction>7</direction>
        <previous>0</previous>
    </vehicle>
    <vehicle>
        <id>6</id>
        <bndbox>
            <xmax>296</xmax>
            <xmin>219</xmin>
            <ymax>196</ymax>
            <ymin>159</ymin>
        </bndbox>
        <type>2</type>
        <direction>7</direction>
        <previous>0</previous>
    </vehicle>
    <vehicle>
        <id>7</id>
        <bndbox>
            <xmax>167</xmax>
            <xmin>93</xmin>
            <ymax>204</ymax>
            <ymin>173</ymin>
        </bndbox>
        <type>2</type>
        <direction>4</direction>
        <previous>0</previous>
    </vehicle>
    <vehicle>
        <id>8</id>
        <bndbox>
            <xmax>159</xmax>
            <xmin>15</xmin>
            <ymax>241</ymax>
            <ymin>183</ymin>
        </bndbox>
        <type>7</type>
        <direction>4</direction>
        <previous>0</previous>
    </vehicle>
    <vehicle>
        <id>9</id>
        <bndbox>
            <xmax>26</xmax>
            <xmin>0</xmin>
            <ymax>202</ymax>
            <ymin>176</ymin>
        </bndbox>
        <type>3</type>
        <direction>4</direction>
        <previous>0</previous>
    </vehicle>
    <vehicle>
        <id>10</id>
        <bndbox>
            <xmax>68</xmax>
            <xmin>33</xmin>
            <ymax>141</ymax>
            <ymin>113</ymin>
        </bndbox>
        <type>2</type>
        <direction>2</direction>
        <previous>4</previous>
    </vehicle>
    <vehicle>
        <id>11</id>
        <bndbox>
            <xmax>98</xmax>
            <xmin>80</xmin>
            <ymax>109</ymax>
            <ymin>91</ymin>
        </bndbox>
        <type>1</type>
        <direction>2</direction>
        <previous>5</previous>
    </vehicle>
    <vehicle>
        <id>12</id>
        <bndbox>
            <xmax>116</xmax>
            <xmin>87</xmin>
            <ymax>98</ymax>
            <ymin>77</ymin>
        </bndbox>
        <type>4</type>
        <direction>2</direction>
        <previous>6</previous>
    </vehicle>
    <vehicle>
        <id>13</id>
        <bndbox>
            <xmax>127</xmax>
            <xmin>113</xmin>
            <ymax>81</ymax>
            <ymin>70</ymin>
        </bndbox>
        <type>3</type>
        <direction>2</direction>
        <previous>7</previous>
    </vehicle>
    <vehicle>
        <id>14</id>
        <bndbox>
            <xmax>130</xmax>
            <xmin>122</xmin>
            <ymax>75</ymax>
            <ymin>67</ymin>
        </bndbox>
        <type>3</type>
        <direction>2</direction>
        <previous>0</previous>
    </vehicle>
    <vehicle>
        <id>15</id>
        <bndbox>
            <xmax>140</xmax>
            <xmin>127</xmin>
            <ymax>73</ymax>
            <ymin>61</ymin>
        </bndbox>
        <type>3</type>
        <direction>2</direction>
        <previous>0</previous>
    </vehicle>
    <vehicle>
        <id>16</id>
        <bndbox>
            <xmax>30</xmax>
            <xmin>0</xmin>
            <ymax>149</ymax>
            <ymin>107</ymin>
        </bndbox>
        <type>5</type>
        <direction>2</direction>
        <previous>8</previous>
    </vehicle>
    <vehicle>
        <id>17</id>
        <bndbox>
            <xmax>60</xmax>
            <xmin>31</xmin>
            <ymax>125</ymax>
            <ymin>97</ymin>
        </bndbox>
        <type>7</type>
        <direction>2</direction>
        <previous>9</previous>
    </vehicle>
    <vehicle>
        <id>18</id>
        <bndbox>
            <xmax>75</xmax>
            <xmin>60</xmin>
            <ymax>109</ymax>
            <ymin>95</ymin>
        </bndbox>
        <type>3</type>
        <direction>2</direction>
        <previous>10</previous>
    </vehicle>
    <vehicle>
        <id>19</id>
        <bndbox>
            <xmax>39</xmax>
            <xmin>26</xmin>
            <ymax>115</ymax>
            <ymin>100</ymin>
        </bndbox>
        <type>3</type>
        <direction>2</direction>
        <previous>13</previous>
    </vehicle>
    <vehicle>
        <id>20</id>
        <bndbox>
            <xmax>72</xmax>
            <xmin>45</xmin>
            <ymax>100</ymax>
            <ymin>82</ymin>
        </bndbox>
        <type>5</type>
        <direction>2</direction>
        <previous>0</previous>
    </vehicle>
    <vehicle>
        <id>21</id>
        <bndbox>
            <xmax>89</xmax>
            <xmin>76</xmin>
            <ymax>96</ymax>
            <ymin>83</ymin>
        </bndbox>
        <type>3</type>
        <direction>2</direction>
        <previous>0</previous>
    </vehicle>
    <vehicle>
        <id>22</id>
        <bndbox>
            <xmax>32</xmax>
            <xmin>10</xmin>
            <ymax>109</ymax>
            <ymin>96</ymin>
        </bndbox>
        <type>3</type>
        <direction>2</direction>
        <previous>12</previous>
    </vehicle>
    <vehicle>
        <id>23</id>
        <bndbox>
            <xmax>47</xmax>
            <xmin>33</xmin>
            <ymax>101</ymax>
            <ymin>90</ymin>
        </bndbox>
        <type>3</type>
        <direction>2</direction>
        <previous>0</previous>
    </vehicle>
    <vehicle>
        <id>24</id>
        <bndbox>
            <xmax>90</xmax>
            <xmin>64</xmin>
            <ymax>91</ymax>
            <ymin>69</ymin>
        </bndbox>
        <type>5</type>
        <direction>2</direction>
        <previous>0</previous>
    </vehicle>
    <vehicle>
        <id>25</id>
        <bndbox>
            <xmax>25</xmax>
            <xmin>4</xmin>
            <ymax>104</ymax>
            <ymin>88</ymin>
        </bndbox>
        <type>7</type>
        <direction>2</direction>
        <previous>15</previous>
    </vehicle>
    <vehicle>
        <id>26</id>
        <bndbox>
            <xmax>49</xmax>
            <xmin>22</xmin>
            <ymax>96</ymax>
            <ymin>74</ymin>
        </bndbox>
        <type>5</type>
        <direction>2</direction>
        <previous>16</previous>
    </vehicle>
    <vehicle>
        <id>27</id>
        <bndbox>
            <xmax>66</xmax>
            <xmin>48</xmin>
            <ymax>86</ymax>
            <ymin>73</ymin>
        </bndbox>
        <type>4</type>
        <direction>2</direction>
        <previous>17</previous>
    </vehicle>
</annotation>
