<annotation>
    <video>164-20160223-09.avi</video>
    <frame>000024</frame>
    <time>2016/02/23 09:39:21</time>
    <width>352</width>
    <height>240</height>
    <weather>1</weather>
    <facing>3</facing>
    <flow>1</flow>
    <vehicle>
        <id>1</id>
        <bndbox>
            <xmax>349</xmax>
            <xmin>223</xmin>
            <ymax>200</ymax>
            <ymin>145</ymin>
        </bndbox>
        <type>5</type>
        <direction>4</direction>
        <previous>9</previous>
    </vehicle>
    <vehicle>
        <id>2</id>
        <bndbox>
            <xmax>229</xmax>
            <xmin>92</xmin>
            <ymax>241</ymax>
            <ymin>208</ymin>
        </bndbox>
        <type>7</type>
        <direction>4</direction>
        <previous>0</previous>
    </vehicle>
    <vehicle>
        <id>3</id>
        <bndbox>
            <xmax>62</xmax>
            <xmin>32</xmin>
            <ymax>144</ymax>
            <ymin>119</ymin>
        </bndbox>
        <type>3</type>
        <direction>2</direction>
        <previous>10</previous>
    </vehicle>
    <vehicle>
        <id>4</id>
        <bndbox>
            <xmax>91</xmax>
            <xmin>52</xmin>
            <ymax>125</ymax>
            <ymin>87</ymin>
        </bndbox>
        <type>5</type>
        <direction>2</direction>
        <previous>11</previous>
    </vehicle>
    <vehicle>
        <id>5</id>
        <bndbox>
            <xmax>107</xmax>
            <xmin>92</xmin>
            <ymax>94</ymax>
            <ymin>81</ymin>
        </bndbox>
        <type>3</type>
        <direction>2</direction>
        <previous>12</previous>
    </vehicle>
    <vehicle>
        <id>6</id>
        <bndbox>
            <xmax>118</xmax>
            <xmin>104</xmin>
            <ymax>82</ymax>
            <ymin>71</ymin>
        </bndbox>
        <type>3</type>
        <direction>2</direction>
        <previous>13</previous>
    </vehicle>
    <vehicle>
        <id>7</id>
        <bndbox>
            <xmax>131</xmax>
            <xmin>117</xmin>
            <ymax>75</ymax>
            <ymin>64</ymin>
        </bndbox>
        <type>7</type>
        <direction>2</direction>
        <previous>16</previous>
    </vehicle>
    <vehicle>
        <id>8</id>
        <bndbox>
            <xmax>28</xmax>
            <xmin>0</xmin>
            <ymax>149</ymax>
            <ymin>123</ymin>
        </bndbox>
        <type>2</type>
        <direction>2</direction>
        <previous>17</previous>
    </vehicle>
    <vehicle>
        <id>9</id>
        <bndbox>
            <xmax>55</xmax>
            <xmin>26</xmin>
            <ymax>129</ymax>
            <ymin>108</ymin>
        </bndbox>
        <type>3</type>
        <direction>2</direction>
        <previous>18</previous>
    </vehicle>
    <vehicle>
        <id>10</id>
        <bndbox>
            <xmax>32</xmax>
            <xmin>8</xmin>
            <ymax>126</ymax>
            <ymin>112</ymin>
        </bndbox>
        <type>3</type>
        <direction>2</direction>
        <previous>0</previous>
    </vehicle>
    <vehicle>
        <id>11</id>
        <bndbox>
            <xmax>53</xmax>
            <xmin>23</xmin>
            <ymax>113</ymax>
            <ymin>89</ymin>
        </bndbox>
        <type>7</type>
        <direction>2</direction>
        <previous>0</previous>
    </vehicle>
    <vehicle>
        <id>12</id>
        <bndbox>
            <xmax>67</xmax>
            <xmin>51</xmin>
            <ymax>97</ymax>
            <ymin>87</ymin>
        </bndbox>
        <type>3</type>
        <direction>2</direction>
        <previous>0</previous>
    </vehicle>
    <vehicle>
        <id>13</id>
        <bndbox>
            <xmax>64</xmax>
            <xmin>16</xmin>
            <ymax>103</ymax>
            <ymin>74</ymin>
        </bndbox>
        <type>9</type>
        <direction>2</direction>
        <previous>19</previous>
    </vehicle>
    <vehicle>
        <id>14</id>
        <bndbox>
            <xmax>100</xmax>
            <xmin>64</xmin>
            <ymax>88</ymax>
            <ymin>67</ymin>
        </bndbox>
        <type>5</type>
        <direction>2</direction>
        <previous>20</previous>
    </vehicle>
    <vehicle>
        <id>15</id>
        <bndbox>
            <xmax>41</xmax>
            <xmin>0</xmin>
            <ymax>107</ymax>
            <ymin>77</ymin>
        </bndbox>
        <type>9</type>
        <direction>2</direction>
        <previous>21</previous>
    </vehicle>
    <vehicle>
        <id>16</id>
        <bndbox>
            <xmax>115</xmax>
            <xmin>103</xmin>
            <ymax>71</ymax>
            <ymin>62</ymin>
        </bndbox>
        <type>3</type>
        <direction>2</direction>
        <previous>23</previous>
    </vehicle>
    <passengers>
        <id>1</id>
        <bndbox>
            <xmax>45</xmax>
            <xmin>32</xmin>
            <ymax>161</ymax>
            <ymin>141</ymin>
        </bndbox>
    </passengers>
</annotation>
