<annotation>
    <video>164-20160223-09.avi</video>
    <frame>000027</frame>
    <time>2016/02/23 09:40:58</time>
    <width>352</width>
    <height>240</height>
    <weather>1</weather>
    <facing>3</facing>
    <flow>2</flow>
    <vehicle>
        <id>1</id>
        <bndbox>
            <xmax>161</xmax>
            <xmin>154</xmin>
            <ymax>66</ymax>
            <ymin>60</ymin>
        </bndbox>
        <type>3</type>
        <direction>1</direction>
        <previous>0</previous>
    </vehicle>
    <vehicle>
        <id>2</id>
        <bndbox>
            <xmax>209</xmax>
            <xmin>189</xmin>
            <ymax>79</ymax>
            <ymin>66</ymin>
        </bndbox>
        <type>5</type>
        <direction>1</direction>
        <previous>0</previous>
    </vehicle>
    <vehicle>
        <id>3</id>
        <bndbox>
            <xmax>229</xmax>
            <xmin>205</xmin>
            <ymax>93</ymax>
            <ymin>81</ymin>
        </bndbox>
        <type>2</type>
        <direction>1</direction>
        <previous>0</previous>
    </vehicle>
    <vehicle>
        <id>4</id>
        <bndbox>
            <xmax>307</xmax>
            <xmin>265</xmin>
            <ymax>105</ymax>
            <ymin>84</ymin>
        </bndbox>
        <type>7</type>
        <direction>1</direction>
        <previous>0</previous>
    </vehicle>
    <vehicle>
        <id>5</id>
        <bndbox>
            <xmax>353</xmax>
            <xmin>313</xmin>
            <ymax>126</ymax>
            <ymin>109</ymin>
        </bndbox>
        <type>3</type>
        <direction>1</direction>
        <previous>0</previous>
    </vehicle>
    <vehicle>
        <id>6</id>
        <bndbox>
            <xmax>353</xmax>
            <xmin>331</xmin>
            <ymax>193</ymax>
            <ymin>162</ymin>
        </bndbox>
        <type>3</type>
        <direction>4</direction>
        <previous>0</previous>
    </vehicle>
    <vehicle>
        <id>7</id>
        <bndbox>
            <xmax>353</xmax>
            <xmin>334</xmin>
            <ymax>229</ymax>
            <ymin>168</ymin>
        </bndbox>
        <type>5</type>
        <direction>4</direction>
        <previous>4</previous>
    </vehicle>
    <vehicle>
        <id>8</id>
        <bndbox>
            <xmax>308</xmax>
            <xmin>209</xmin>
            <ymax>233</ymax>
            <ymin>186</ymin>
        </bndbox>
        <type>2</type>
        <direction>4</direction>
        <previous>5</previous>
    </vehicle>
    <vehicle>
        <id>9</id>
        <bndbox>
            <xmax>301</xmax>
            <xmin>209</xmin>
            <ymax>241</ymax>
            <ymin>230</ymin>
        </bndbox>
        <type>3</type>
        <direction>4</direction>
        <previous>0</previous>
    </vehicle>
    <vehicle>
        <id>10</id>
        <bndbox>
            <xmax>312</xmax>
            <xmin>185</xmin>
            <ymax>193</ymax>
            <ymin>135</ymin>
        </bndbox>
        <type>5</type>
        <direction>4</direction>
        <previous>6</previous>
    </vehicle>
    <vehicle>
        <id>11</id>
        <bndbox>
            <xmax>168</xmax>
            <xmin>87</xmin>
            <ymax>202</ymax>
            <ymin>159</ymin>
        </bndbox>
        <type>3</type>
        <direction>4</direction>
        <previous>8</previous>
    </vehicle>
    <vehicle>
        <id>12</id>
        <bndbox>
            <xmax>185</xmax>
            <xmin>78</xmin>
            <ymax>238</ymax>
            <ymin>189</ymin>
        </bndbox>
        <type>2</type>
        <direction>4</direction>
        <previous>7</previous>
    </vehicle>
    <vehicle>
        <id>13</id>
        <bndbox>
            <xmax>122</xmax>
            <xmin>32</xmin>
            <ymax>241</ymax>
            <ymin>220</ymin>
        </bndbox>
        <type>2</type>
        <direction>4</direction>
        <previous>0</previous>
    </vehicle>
    <vehicle>
        <id>14</id>
        <bndbox>
            <xmax>32</xmax>
            <xmin>0</xmin>
            <ymax>241</ymax>
            <ymin>172</ymin>
        </bndbox>
        <type>7</type>
        <direction>8</direction>
        <previous>9</previous>
    </vehicle>
    <vehicle>
        <id>15</id>
        <bndbox>
            <xmax>56</xmax>
            <xmin>8</xmin>
            <ymax>194</ymax>
            <ymin>147</ymin>
        </bndbox>
        <type>2</type>
        <direction>8</direction>
        <previous>0</previous>
    </vehicle>
    <vehicle>
        <id>16</id>
        <bndbox>
            <xmax>89</xmax>
            <xmin>42</xmin>
            <ymax>179</ymax>
            <ymin>145</ymin>
        </bndbox>
        <type>2</type>
        <direction>8</direction>
        <previous>0</previous>
    </vehicle>
    <vehicle>
        <id>17</id>
        <bndbox>
            <xmax>56</xmax>
            <xmin>21</xmin>
            <ymax>150</ymax>
            <ymin>119</ymin>
        </bndbox>
        <type>3</type>
        <direction>2</direction>
        <previous>0</previous>
    </vehicle>
    <vehicle>
        <id>18</id>
        <bndbox>
            <xmax>83</xmax>
            <xmin>49</xmin>
            <ymax>129</ymax>
            <ymin>94</ymin>
        </bndbox>
        <type>7</type>
        <direction>2</direction>
        <previous>0</previous>
    </vehicle>
    <vehicle>
        <id>19</id>
        <bndbox>
            <xmax>99</xmax>
            <xmin>85</xmin>
            <ymax>105</ymax>
            <ymin>91</ymin>
        </bndbox>
        <type>3</type>
        <direction>2</direction>
        <previous>0</previous>
    </vehicle>
    <vehicle>
        <id>20</id>
        <bndbox>
            <xmax>130</xmax>
            <xmin>116</xmin>
            <ymax>80</ymax>
            <ymin>66</ymin>
        </bndbox>
        <type>7</type>
        <direction>2</direction>
        <previous>0</previous>
    </vehicle>
    <vehicle>
        <id>21</id>
        <bndbox>
            <xmax>136</xmax>
            <xmin>125</xmin>
            <ymax>70</ymax>
            <ymin>60</ymin>
        </bndbox>
        <type>3</type>
        <direction>2</direction>
        <previous>0</previous>
    </vehicle>
    <vehicle>
        <id>22</id>
        <bndbox>
            <xmax>45</xmax>
            <xmin>1</xmin>
            <ymax>128</ymax>
            <ymin>90</ymin>
        </bndbox>
        <type>5</type>
        <direction>2</direction>
        <previous>15</previous>
    </vehicle>
    <vehicle>
        <id>23</id>
        <bndbox>
            <xmax>89</xmax>
            <xmin>61</xmin>
            <ymax>101</ymax>
            <ymin>80</ymin>
        </bndbox>
        <type>5</type>
        <direction>2</direction>
        <previous>0</previous>
    </vehicle>
    <vehicle>
        <id>24</id>
        <bndbox>
            <xmax>65</xmax>
            <xmin>51</xmin>
            <ymax>99</ymax>
            <ymin>87</ymin>
        </bndbox>
        <type>3</type>
        <direction>2</direction>
        <previous>0</previous>
    </vehicle>
    <vehicle>
        <id>25</id>
        <bndbox>
            <xmax>95</xmax>
            <xmin>80</xmin>
            <ymax>84</ymax>
            <ymin>70</ymin>
        </bndbox>
        <type>3</type>
        <direction>2</direction>
        <previous>0</previous>
    </vehicle>
    <vehicle>
        <id>26</id>
        <bndbox>
            <xmax>124</xmax>
            <xmin>96</xmin>
            <ymax>73</ymax>
            <ymin>55</ymin>
        </bndbox>
        <type>6</type>
        <direction>2</direction>
        <previous>0</previous>
    </vehicle>
    <vehicle>
        <id>27</id>
        <bndbox>
            <xmax>50</xmax>
            <xmin>9</xmin>
            <ymax>97</ymax>
            <ymin>77</ymin>
        </bndbox>
        <type>5</type>
        <direction>2</direction>
        <previous>18</previous>
    </vehicle>
    <vehicle>
        <id>28</id>
        <bndbox>
            <xmax>71</xmax>
            <xmin>41</xmin>
            <ymax>85</ymax>
            <ymin>67</ymin>
        </bndbox>
        <type>5</type>
        <direction>2</direction>
        <previous>0</previous>
    </vehicle>
</annotation>
