<annotation>
    <video>164-20160223-09.avi</video>
    <frame>000047</frame>
    <time>2016/02/23 09:48:32</time>
    <width>352</width>
    <height>240</height>
    <weather>1</weather>
    <facing>3</facing>
    <flow>1</flow>
    <vehicle>
        <id>1</id>
        <bndbox>
            <xmax>353</xmax>
            <xmin>339</xmin>
            <ymax>223</ymax>
            <ymin>173</ymin>
        </bndbox>
        <type>5</type>
        <direction>4</direction>
        <previous>0</previous>
    </vehicle>
    <vehicle>
        <id>2</id>
        <bndbox>
            <xmax>258</xmax>
            <xmin>141</xmin>
            <ymax>239</ymax>
            <ymin>188</ymin>
        </bndbox>
        <type>7</type>
        <direction>4</direction>
        <previous>0</previous>
    </vehicle>
    <vehicle>
        <id>3</id>
        <bndbox>
            <xmax>292</xmax>
            <xmin>161</xmin>
            <ymax>192</ymax>
            <ymin>131</ymin>
        </bndbox>
        <type>5</type>
        <direction>7</direction>
        <previous>0</previous>
    </vehicle>
    <vehicle>
        <id>4</id>
        <bndbox>
            <xmax>56</xmax>
            <xmin>16</xmin>
            <ymax>159</ymax>
            <ymin>108</ymin>
        </bndbox>
        <type>5</type>
        <direction>2</direction>
        <previous>10</previous>
    </vehicle>
    <vehicle>
        <id>5</id>
        <bndbox>
            <xmax>79</xmax>
            <xmin>52</xmin>
            <ymax>130</ymax>
            <ymin>102</ymin>
        </bndbox>
        <type>7</type>
        <direction>2</direction>
        <previous>11</previous>
    </vehicle>
    <vehicle>
        <id>6</id>
        <bndbox>
            <xmax>92</xmax>
            <xmin>75</xmin>
            <ymax>112</ymax>
            <ymin>96</ymin>
        </bndbox>
        <type>3</type>
        <direction>2</direction>
        <previous>12</previous>
    </vehicle>
    <vehicle>
        <id>7</id>
        <bndbox>
            <xmax>109</xmax>
            <xmin>89</xmin>
            <ymax>100</ymax>
            <ymin>80</ymin>
        </bndbox>
        <type>7</type>
        <direction>2</direction>
        <previous>13</previous>
    </vehicle>
    <vehicle>
        <id>8</id>
        <bndbox>
            <xmax>116</xmax>
            <xmin>106</xmin>
            <ymax>89</ymax>
            <ymin>79</ymin>
        </bndbox>
        <type>3</type>
        <direction>2</direction>
        <previous>14</previous>
    </vehicle>
    <vehicle>
        <id>9</id>
        <bndbox>
            <xmax>135</xmax>
            <xmin>116</xmin>
            <ymax>78</ymax>
            <ymin>63</ymin>
        </bndbox>
        <type>5</type>
        <direction>2</direction>
        <previous>15</previous>
    </vehicle>
    <vehicle>
        <id>10</id>
        <bndbox>
            <xmax>17</xmax>
            <xmin>0</xmin>
            <ymax>157</ymax>
            <ymin>126</ymin>
        </bndbox>
        <type>3</type>
        <direction>2</direction>
        <previous>16</previous>
    </vehicle>
    <vehicle>
        <id>11</id>
        <bndbox>
            <xmax>46</xmax>
            <xmin>0</xmin>
            <ymax>122</ymax>
            <ymin>90</ymin>
        </bndbox>
        <type>5</type>
        <direction>2</direction>
        <previous>17</previous>
    </vehicle>
    <vehicle>
        <id>12</id>
        <bndbox>
            <xmax>83</xmax>
            <xmin>42</xmin>
            <ymax>102</ymax>
            <ymin>71</ymin>
        </bndbox>
        <type>5</type>
        <direction>2</direction>
        <previous>18</previous>
    </vehicle>
    <vehicle>
        <id>13</id>
        <bndbox>
            <xmax>120</xmax>
            <xmin>84</xmin>
            <ymax>83</ymax>
            <ymin>57</ymin>
        </bndbox>
        <type>5</type>
        <direction>2</direction>
        <previous>19</previous>
    </vehicle>
    <vehicle>
        <id>14</id>
        <bndbox>
            <xmax>26</xmax>
            <xmin>0</xmin>
            <ymax>101</ymax>
            <ymin>82</ymin>
        </bndbox>
        <type>5</type>
        <direction>2</direction>
        <previous>2</previous>
    </vehicle>
    <vehicle>
        <id>15</id>
        <bndbox>
            <xmax>43</xmax>
            <xmin>27</xmin>
            <ymax>94</ymax>
            <ymin>83</ymin>
        </bndbox>
        <type>3</type>
        <direction>2</direction>
        <previous>0</previous>
    </vehicle>
</annotation>
