<annotation>
    <video>164-20160223-09.avi</video>
    <frame>000068</frame>
    <time>2016/02/23 09:57:17</time>
    <width>352</width>
    <height>240</height>
    <weather>1</weather>
    <facing>3</facing>
    <flow>2</flow>
    <vehicle>
        <id>1</id>
        <bndbox>
            <xmax>168</xmax>
            <xmin>158</xmin>
            <ymax>72</ymax>
            <ymin>64</ymin>
        </bndbox>
        <type>3</type>
        <direction>1</direction>
        <previous>0</previous>
    </vehicle>
    <vehicle>
        <id>2</id>
        <bndbox>
            <xmax>220</xmax>
            <xmin>203</xmin>
            <ymax>85</ymax>
            <ymin>74</ymin>
        </bndbox>
        <type>2</type>
        <direction>1</direction>
        <previous>0</previous>
    </vehicle>
    <vehicle>
        <id>3</id>
        <bndbox>
            <xmax>256</xmax>
            <xmin>227</xmin>
            <ymax>104</ymax>
            <ymin>89</ymin>
        </bndbox>
        <type>2</type>
        <direction>1</direction>
        <previous>0</previous>
    </vehicle>
    <vehicle>
        <id>4</id>
        <bndbox>
            <xmax>353</xmax>
            <xmin>243</xmin>
            <ymax>232</ymax>
            <ymin>174</ymin>
        </bndbox>
        <type>7</type>
        <direction>4</direction>
        <previous>0</previous>
    </vehicle>
    <vehicle>
        <id>5</id>
        <bndbox>
            <xmax>216</xmax>
            <xmin>132</xmin>
            <ymax>212</ymax>
            <ymin>180</ymin>
        </bndbox>
        <type>3</type>
        <direction>4</direction>
        <previous>0</previous>
    </vehicle>
    <vehicle>
        <id>6</id>
        <bndbox>
            <xmax>260</xmax>
            <xmin>116</xmin>
            <ymax>241</ymax>
            <ymin>191</ymin>
        </bndbox>
        <type>7</type>
        <direction>4</direction>
        <previous>0</previous>
    </vehicle>
    <vehicle>
        <id>7</id>
        <bndbox>
            <xmax>178</xmax>
            <xmin>44</xmin>
            <ymax>241</ymax>
            <ymin>230</ymin>
        </bndbox>
        <type>3</type>
        <direction>4</direction>
        <previous>0</previous>
    </vehicle>
    <vehicle>
        <id>8</id>
        <bndbox>
            <xmax>49</xmax>
            <xmin>0</xmin>
            <ymax>241</ymax>
            <ymin>208</ymin>
        </bndbox>
        <type>2</type>
        <direction>4</direction>
        <previous>0</previous>
    </vehicle>
    <vehicle>
        <id>9</id>
        <bndbox>
            <xmax>126</xmax>
            <xmin>59</xmin>
            <ymax>203</ymax>
            <ymin>157</ymin>
        </bndbox>
        <type>2</type>
        <direction>8</direction>
        <previous>0</previous>
    </vehicle>
    <vehicle>
        <id>10</id>
        <bndbox>
            <xmax>88</xmax>
            <xmin>0</xmin>
            <ymax>230</ymax>
            <ymin>141</ymin>
        </bndbox>
        <type>5</type>
        <direction>8</direction>
        <previous>0</previous>
    </vehicle>
    <vehicle>
        <id>11</id>
        <bndbox>
            <xmax>65</xmax>
            <xmin>34</xmin>
            <ymax>163</ymax>
            <ymin>140</ymin>
        </bndbox>
        <type>3</type>
        <direction>8</direction>
        <previous>0</previous>
    </vehicle>
    <vehicle>
        <id>12</id>
        <bndbox>
            <xmax>60</xmax>
            <xmin>29</xmin>
            <ymax>143</ymax>
            <ymin>120</ymin>
        </bndbox>
        <type>1</type>
        <direction>2</direction>
        <previous>0</previous>
    </vehicle>
    <vehicle>
        <id>13</id>
        <bndbox>
            <xmax>83</xmax>
            <xmin>56</xmin>
            <ymax>122</ymax>
            <ymin>100</ymin>
        </bndbox>
        <type>2</type>
        <direction>2</direction>
        <previous>0</previous>
    </vehicle>
    <vehicle>
        <id>14</id>
        <bndbox>
            <xmax>105</xmax>
            <xmin>87</xmin>
            <ymax>99</ymax>
            <ymin>82</ymin>
        </bndbox>
        <type>7</type>
        <direction>2</direction>
        <previous>0</previous>
    </vehicle>
    <vehicle>
        <id>15</id>
        <bndbox>
            <xmax>142</xmax>
            <xmin>132</xmin>
            <ymax>68</ymax>
            <ymin>62</ymin>
        </bndbox>
        <type>3</type>
        <direction>2</direction>
        <previous>0</previous>
    </vehicle>
    <vehicle>
        <id>16</id>
        <bndbox>
            <xmax>104</xmax>
            <xmin>87</xmin>
            <ymax>88</ymax>
            <ymin>78</ymin>
        </bndbox>
        <type>3</type>
        <direction>2</direction>
        <previous>0</previous>
    </vehicle>
    <vehicle>
        <id>17</id>
        <bndbox>
            <xmax>120</xmax>
            <xmin>108</xmin>
            <ymax>77</ymax>
            <ymin>69</ymin>
        </bndbox>
        <type>2</type>
        <direction>2</direction>
        <previous>0</previous>
    </vehicle>
    <vehicle>
        <id>18</id>
        <bndbox>
            <xmax>8</xmax>
            <xmin>0</xmin>
            <ymax>118</ymax>
            <ymin>105</ymin>
        </bndbox>
        <type>3</type>
        <direction>2</direction>
        <previous>0</previous>
    </vehicle>
    <vehicle>
        <id>19</id>
        <bndbox>
            <xmax>37</xmax>
            <xmin>8</xmin>
            <ymax>109</ymax>
            <ymin>89</ymin>
        </bndbox>
        <type>7</type>
        <direction>2</direction>
        <previous>0</previous>
    </vehicle>
    <vehicle>
        <id>20</id>
        <bndbox>
            <xmax>63</xmax>
            <xmin>31</xmin>
            <ymax>100</ymax>
            <ymin>74</ymin>
        </bndbox>
        <type>8</type>
        <direction>2</direction>
        <previous>0</previous>
    </vehicle>
    <vehicle>
        <id>21</id>
        <bndbox>
            <xmax>74</xmax>
            <xmin>60</xmin>
            <ymax>86</ymax>
            <ymin>71</ymin>
        </bndbox>
        <type>3</type>
        <direction>2</direction>
        <previous>0</previous>
    </vehicle>
    <vehicle>
        <id>22</id>
        <bndbox>
            <xmax>92</xmax>
            <xmin>74</xmin>
            <ymax>82</ymax>
            <ymin>71</ymin>
        </bndbox>
        <type>7</type>
        <direction>2</direction>
        <previous>0</previous>
    </vehicle>
    <vehicle>
        <id>23</id>
        <bndbox>
            <xmax>112</xmax>
            <xmin>91</xmin>
            <ymax>72</ymax>
            <ymin>59</ymin>
        </bndbox>
        <type>5</type>
        <direction>2</direction>
        <previous>0</previous>
    </vehicle>
    <vehicle>
        <id>24</id>
        <bndbox>
            <xmax>10</xmax>
            <xmin>0</xmin>
            <ymax>104</ymax>
            <ymin>95</ymin>
        </bndbox>
        <type>3</type>
        <direction>2</direction>
        <previous>0</previous>
    </vehicle>
    <vehicle>
        <id>25</id>
        <bndbox>
            <xmax>28</xmax>
            <xmin>16</xmin>
            <ymax>92</ymax>
            <ymin>85</ymin>
        </bndbox>
        <type>3</type>
        <direction>2</direction>
        <previous>0</previous>
    </vehicle>
</annotation>
