<annotation>
    <video>164-20160223-09.avi</video>
    <frame>000079</frame>
    <time>2016/02/23 10:01:37</time>
    <width>352</width>
    <height>240</height>
    <weather>1</weather>
    <facing>3</facing>
    <flow>2</flow>
    <vehicle>
        <id>1</id>
        <bndbox>
            <xmax>173</xmax>
            <xmin>161</xmin>
            <ymax>76</ymax>
            <ymin>66</ymin>
        </bndbox>
        <type>3</type>
        <direction>1</direction>
        <previous>0</previous>
    </vehicle>
    <vehicle>
        <id>2</id>
        <bndbox>
            <xmax>186</xmax>
            <xmin>168</xmin>
            <ymax>70</ymax>
            <ymin>58</ymin>
        </bndbox>
        <type>5</type>
        <direction>1</direction>
        <previous>0</previous>
    </vehicle>
    <vehicle>
        <id>3</id>
        <bndbox>
            <xmax>204</xmax>
            <xmin>186</xmin>
            <ymax>81</ymax>
            <ymin>71</ymin>
        </bndbox>
        <type>3</type>
        <direction>1</direction>
        <previous>0</previous>
    </vehicle>
    <vehicle>
        <id>4</id>
        <bndbox>
            <xmax>350</xmax>
            <xmin>211</xmin>
            <ymax>205</ymax>
            <ymin>147</ymin>
        </bndbox>
        <type>5</type>
        <direction>4</direction>
        <previous>0</previous>
    </vehicle>
    <vehicle>
        <id>5</id>
        <bndbox>
            <xmax>353</xmax>
            <xmin>235</xmin>
            <ymax>241</ymax>
            <ymin>219</ymin>
        </bndbox>
        <type>7</type>
        <direction>4</direction>
        <previous>0</previous>
    </vehicle>
    <vehicle>
        <id>6</id>
        <bndbox>
            <xmax>259</xmax>
            <xmin>138</xmin>
            <ymax>236</ymax>
            <ymin>174</ymin>
        </bndbox>
        <type>4</type>
        <direction>4</direction>
        <previous>0</previous>
    </vehicle>
    <vehicle>
        <id>7</id>
        <bndbox>
            <xmax>109</xmax>
            <xmin>16</xmin>
            <ymax>241</ymax>
            <ymin>196</ymin>
        </bndbox>
        <type>3</type>
        <direction>4</direction>
        <previous>0</previous>
    </vehicle>
    <vehicle>
        <id>8</id>
        <bndbox>
            <xmax>65</xmax>
            <xmin>9</xmin>
            <ymax>191</ymax>
            <ymin>106</ymin>
        </bndbox>
        <type>6</type>
        <direction>8</direction>
        <previous>0</previous>
    </vehicle>
    <vehicle>
        <id>9</id>
        <bndbox>
            <xmax>85</xmax>
            <xmin>59</xmin>
            <ymax>125</ymax>
            <ymin>102</ymin>
        </bndbox>
        <type>7</type>
        <direction>2</direction>
        <previous>0</previous>
    </vehicle>
    <vehicle>
        <id>10</id>
        <bndbox>
            <xmax>112</xmax>
            <xmin>96</xmin>
            <ymax>94</ymax>
            <ymin>81</ymin>
        </bndbox>
        <type>3</type>
        <direction>2</direction>
        <previous>0</previous>
    </vehicle>
    <vehicle>
        <id>11</id>
        <bndbox>
            <xmax>130</xmax>
            <xmin>119</xmin>
            <ymax>80</ymax>
            <ymin>69</ymin>
        </bndbox>
        <type>3</type>
        <direction>2</direction>
        <previous>0</previous>
    </vehicle>
    <vehicle>
        <id>12</id>
        <bndbox>
            <xmax>140</xmax>
            <xmin>125</xmin>
            <ymax>73</ymax>
            <ymin>62</ymin>
        </bndbox>
        <type>7</type>
        <direction>2</direction>
        <previous>0</previous>
    </vehicle>
    <vehicle>
        <id>13</id>
        <bndbox>
            <xmax>64</xmax>
            <xmin>45</xmin>
            <ymax>124</ymax>
            <ymin>104</ymin>
        </bndbox>
        <type>4</type>
        <direction>2</direction>
        <previous>0</previous>
    </vehicle>
    <vehicle>
        <id>14</id>
        <bndbox>
            <xmax>83</xmax>
            <xmin>63</xmin>
            <ymax>105</ymax>
            <ymin>90</ymin>
        </bndbox>
        <type>3</type>
        <direction>2</direction>
        <previous>0</previous>
    </vehicle>
    <vehicle>
        <id>15</id>
        <bndbox>
            <xmax>14</xmax>
            <xmin>0</xmin>
            <ymax>131</ymax>
            <ymin>109</ymin>
        </bndbox>
        <type>3</type>
        <direction>2</direction>
        <previous>0</previous>
    </vehicle>
    <vehicle>
        <id>16</id>
        <bndbox>
            <xmax>64</xmax>
            <xmin>41</xmin>
            <ymax>107</ymax>
            <ymin>91</ymin>
        </bndbox>
        <type>3</type>
        <direction>2</direction>
        <previous>0</previous>
    </vehicle>
    <vehicle>
        <id>17</id>
        <bndbox>
            <xmax>85</xmax>
            <xmin>68</xmin>
            <ymax>92</ymax>
            <ymin>81</ymin>
        </bndbox>
        <type>2</type>
        <direction>2</direction>
        <previous>0</previous>
    </vehicle>
    <vehicle>
        <id>18</id>
        <bndbox>
            <xmax>107</xmax>
            <xmin>91</xmin>
            <ymax>80</ymax>
            <ymin>67</ymin>
        </bndbox>
        <type>7</type>
        <direction>2</direction>
        <previous>0</previous>
    </vehicle>
    <vehicle>
        <id>19</id>
        <bndbox>
            <xmax>117</xmax>
            <xmin>107</xmin>
            <ymax>73</ymax>
            <ymin>66</ymin>
        </bndbox>
        <type>2</type>
        <direction>2</direction>
        <previous>0</previous>
    </vehicle>
    <vehicle>
        <id>20</id>
        <bndbox>
            <xmax>31</xmax>
            <xmin>9</xmin>
            <ymax>110</ymax>
            <ymin>96</ymin>
        </bndbox>
        <type>1</type>
        <direction>2</direction>
        <previous>0</previous>
    </vehicle>
    <vehicle>
        <id>21</id>
        <bndbox>
            <xmax>16</xmax>
            <xmin>0</xmin>
            <ymax>109</ymax>
            <ymin>95</ymin>
        </bndbox>
        <type>2</type>
        <direction>2</direction>
        <previous>0</previous>
    </vehicle>
    <vehicle>
        <id>22</id>
        <bndbox>
            <xmax>42</xmax>
            <xmin>23</xmin>
            <ymax>97</ymax>
            <ymin>86</ymin>
        </bndbox>
        <type>2</type>
        <direction>2</direction>
        <previous>0</previous>
    </vehicle>
    <vehicle>
        <id>23</id>
        <bndbox>
            <xmax>62</xmax>
            <xmin>43</xmin>
            <ymax>93</ymax>
            <ymin>82</ymin>
        </bndbox>
        <type>2</type>
        <direction>2</direction>
        <previous>0</previous>
    </vehicle>
</annotation>
