<annotation>
    <video>164-20160223-09.avi</video>
    <frame>000093</frame>
    <time>2016/02/23 10:07:12</time>
    <width>352</width>
    <height>240</height>
    <weather>1</weather>
    <facing>3</facing>
    <flow>1</flow>
    <vehicle>
        <id>1</id>
        <bndbox>
            <xmax>75</xmax>
            <xmin>35</xmin>
            <ymax>140</ymax>
            <ymin>101</ymin>
        </bndbox>
        <type>5</type>
        <direction>2</direction>
        <previous>1</previous>
    </vehicle>
    <vehicle>
        <id>2</id>
        <bndbox>
            <xmax>95</xmax>
            <xmin>63</xmin>
            <ymax>117</ymax>
            <ymin>83</ymin>
        </bndbox>
        <type>5</type>
        <direction>2</direction>
        <previous>2</previous>
    </vehicle>
    <vehicle>
        <id>3</id>
        <bndbox>
            <xmax>111</xmax>
            <xmin>89</xmin>
            <ymax>95</ymax>
            <ymin>73</ymin>
        </bndbox>
        <type>5</type>
        <direction>2</direction>
        <previous>3</previous>
    </vehicle>
    <vehicle>
        <id>4</id>
        <bndbox>
            <xmax>19</xmax>
            <xmin>0</xmin>
            <ymax>153</ymax>
            <ymin>127</ymin>
        </bndbox>
        <type>2</type>
        <direction>2</direction>
        <previous>4</previous>
    </vehicle>
    <vehicle>
        <id>5</id>
        <bndbox>
            <xmax>68</xmax>
            <xmin>16</xmin>
            <ymax>131</ymax>
            <ymin>85</ymin>
        </bndbox>
        <type>5</type>
        <direction>2</direction>
        <previous>5</previous>
    </vehicle>
    <vehicle>
        <id>6</id>
        <bndbox>
            <xmax>18</xmax>
            <xmin>0</xmin>
            <ymax>128</ymax>
            <ymin>109</ymin>
        </bndbox>
        <type>2</type>
        <direction>2</direction>
        <previous>6</previous>
    </vehicle>
    <vehicle>
        <id>7</id>
        <bndbox>
            <xmax>43</xmax>
            <xmin>19</xmin>
            <ymax>103</ymax>
            <ymin>87</ymin>
        </bndbox>
        <type>7</type>
        <direction>2</direction>
        <previous>7</previous>
    </vehicle>
    <vehicle>
        <id>8</id>
        <bndbox>
            <xmax>14</xmax>
            <xmin>0</xmin>
            <ymax>113</ymax>
            <ymin>84</ymin>
        </bndbox>
        <type>5</type>
        <direction>2</direction>
        <previous>8</previous>
    </vehicle>
    <vehicle>
        <id>9</id>
        <bndbox>
            <xmax>34</xmax>
            <xmin>16</xmin>
            <ymax>97</ymax>
            <ymin>81</ymin>
        </bndbox>
        <type>3</type>
        <direction>2</direction>
        <previous>9</previous>
    </vehicle>
    <vehicle>
        <id>10</id>
        <bndbox>
            <xmax>54</xmax>
            <xmin>35</xmin>
            <ymax>88</ymax>
            <ymin>79</ymin>
        </bndbox>
        <type>3</type>
        <direction>2</direction>
        <previous>10</previous>
    </vehicle>
    <vehicle>
        <id>11</id>
        <bndbox>
            <xmax>76</xmax>
            <xmin>52</xmin>
            <ymax>87</ymax>
            <ymin>71</ymin>
        </bndbox>
        <type>5</type>
        <direction>2</direction>
        <previous>15</previous>
    </vehicle>
    <vehicle>
        <id>12</id>
        <bndbox>
            <xmax>100</xmax>
            <xmin>77</xmin>
            <ymax>83</ymax>
            <ymin>66</ymin>
        </bndbox>
        <type>5</type>
        <direction>2</direction>
        <previous>12</previous>
    </vehicle>
    <vehicle>
        <id>13</id>
        <bndbox>
            <xmax>107</xmax>
            <xmin>85</xmin>
            <ymax>72</ymax>
            <ymin>60</ymin>
        </bndbox>
        <type>5</type>
        <direction>2</direction>
        <previous>16</previous>
    </vehicle>
    <vehicle>
        <id>14</id>
        <bndbox>
            <xmax>118</xmax>
            <xmin>110</xmin>
            <ymax>80</ymax>
            <ymin>70</ymin>
        </bndbox>
        <type>3</type>
        <direction>2</direction>
        <previous>0</previous>
    </vehicle>
    <vehicle>
        <id>15</id>
        <bndbox>
            <xmax>135</xmax>
            <xmin>126</xmin>
            <ymax>76</ymax>
            <ymin>66</ymin>
        </bndbox>
        <type>1</type>
        <direction>2</direction>
        <previous>0</previous>
    </vehicle>
    <vehicle>
        <id>16</id>
        <bndbox>
            <xmax>126</xmax>
            <xmin>118</xmin>
            <ymax>73</ymax>
            <ymin>65</ymin>
        </bndbox>
        <type>3</type>
        <direction>2</direction>
        <previous>0</previous>
    </vehicle>
    <vehicle>
        <id>17</id>
        <bndbox>
            <xmax>136</xmax>
            <xmin>108</xmin>
            <ymax>71</ymax>
            <ymin>51</ymin>
        </bndbox>
        <type>6</type>
        <direction>2</direction>
        <previous>0</previous>
    </vehicle>
    <vehicle>
        <id>18</id>
        <bndbox>
            <xmax>201</xmax>
            <xmin>177</xmin>
            <ymax>83</ymax>
            <ymin>69</ymin>
        </bndbox>
        <type>5</type>
        <direction>1</direction>
        <previous>0</previous>
    </vehicle>
    <vehicle>
        <id>19</id>
        <bndbox>
            <xmax>173</xmax>
            <xmin>166</xmin>
            <ymax>66</ymax>
            <ymin>59</ymin>
        </bndbox>
        <type>3</type>
        <direction>1</direction>
        <previous>0</previous>
    </vehicle>
    <vehicle>
        <id>20</id>
        <bndbox>
            <xmax>225</xmax>
            <xmin>201</xmin>
            <ymax>95</ymax>
            <ymin>82</ymin>
        </bndbox>
        <type>2</type>
        <direction>1</direction>
        <previous>0</previous>
    </vehicle>
    <vehicle>
        <id>21</id>
        <bndbox>
            <xmax>203</xmax>
            <xmin>196</xmin>
            <ymax>77</ymax>
            <ymin>69</ymin>
        </bndbox>
        <type>3</type>
        <direction>1</direction>
        <previous>0</previous>
    </vehicle>
    <vehicle>
        <id>22</id>
        <bndbox>
            <xmax>256</xmax>
            <xmin>231</xmin>
            <ymax>106</ymax>
            <ymin>93</ymin>
        </bndbox>
        <type>2</type>
        <direction>1</direction>
        <previous>0</previous>
    </vehicle>
    <vehicle>
        <id>23</id>
        <bndbox>
            <xmax>296</xmax>
            <xmin>257</xmin>
            <ymax>122</ymax>
            <ymin>94</ymin>
        </bndbox>
        <type>7</type>
        <direction>1</direction>
        <previous>0</previous>
    </vehicle>
    <vehicle>
        <id>24</id>
        <bndbox>
            <xmax>353</xmax>
            <xmin>322</xmin>
            <ymax>130</ymax>
            <ymin>108</ymin>
        </bndbox>
        <type>2</type>
        <direction>1</direction>
        <previous>0</previous>
    </vehicle>
    <vehicle>
        <id>25</id>
        <bndbox>
            <xmax>331</xmax>
            <xmin>301</xmin>
            <ymax>164</ymax>
            <ymin>135</ymin>
        </bndbox>
        <type>3</type>
        <direction>7</direction>
        <previous>0</previous>
    </vehicle>
    <vehicle>
        <id>26</id>
        <bndbox>
            <xmax>275</xmax>
            <xmin>205</xmin>
            <ymax>187</ymax>
            <ymin>154</ymin>
        </bndbox>
        <type>3</type>
        <direction>4</direction>
        <previous>0</previous>
    </vehicle>
    <vehicle>
        <id>27</id>
        <bndbox>
            <xmax>327</xmax>
            <xmin>239</xmin>
            <ymax>218</ymax>
            <ymin>181</ymin>
        </bndbox>
        <type>1</type>
        <direction>4</direction>
        <previous>0</previous>
    </vehicle>
    <vehicle>
        <id>28</id>
        <bndbox>
            <xmax>229</xmax>
            <xmin>78</xmin>
            <ymax>241</ymax>
            <ymin>209</ymin>
        </bndbox>
        <type>5</type>
        <direction>4</direction>
        <previous>0</previous>
    </vehicle>
    <vehicle>
        <id>29</id>
        <bndbox>
            <xmax>160</xmax>
            <xmin>63</xmin>
            <ymax>204</ymax>
            <ymin>161</ymin>
        </bndbox>
        <type>7</type>
        <direction>4</direction>
        <previous>0</previous>
    </vehicle>
    <vehicle>
        <id>30</id>
        <bndbox>
            <xmax>10</xmax>
            <xmin>0</xmin>
            <ymax>191</ymax>
            <ymin>169</ymin>
        </bndbox>
        <type>3</type>
        <direction>4</direction>
        <previous>0</previous>
    </vehicle>
</annotation>
