<annotation>
    <video>164-20160223-09.avi</video>
    <frame>000040</frame>
    <time>2016/02/23 09:46:07</time>
    <width>352</width>
    <height>240</height>
    <weather>1</weather>
    <facing>3</facing>
    <flow>1</flow>
    <vehicle>
        <id>1</id>
        <bndbox>
            <xmax>52</xmax>
            <xmin>16</xmin>
            <ymax>161</ymax>
            <ymin>132</ymin>
        </bndbox>
        <type>2</type>
        <direction>2</direction>
        <previous>5</previous>
    </vehicle>
    <vehicle>
        <id>2</id>
        <bndbox>
            <xmax>107</xmax>
            <xmin>90</xmin>
            <ymax>101</ymax>
            <ymin>85</ymin>
        </bndbox>
        <type>2</type>
        <direction>2</direction>
        <previous>6</previous>
    </vehicle>
    <vehicle>
        <id>3</id>
        <bndbox>
            <xmax>131</xmax>
            <xmin>106</xmin>
            <ymax>86</ymax>
            <ymin>64</ymin>
        </bndbox>
        <type>5</type>
        <direction>2</direction>
        <previous>7</previous>
    </vehicle>
    <vehicle>
        <id>4</id>
        <bndbox>
            <xmax>148</xmax>
            <xmin>134</xmin>
            <ymax>67</ymax>
            <ymin>52</ymin>
        </bndbox>
        <type>5</type>
        <direction>2</direction>
        <previous>8</previous>
    </vehicle>
    <vehicle>
        <id>5</id>
        <bndbox>
            <xmax>82</xmax>
            <xmin>7</xmin>
            <ymax>141</ymax>
            <ymin>77</ymin>
        </bndbox>
        <type>6</type>
        <direction>2</direction>
        <previous>9</previous>
    </vehicle>
    <vehicle>
        <id>6</id>
        <bndbox>
            <xmax>89</xmax>
            <xmin>83</xmin>
            <ymax>95</ymax>
            <ymin>86</ymin>
        </bndbox>
        <type>3</type>
        <direction>2</direction>
        <previous>10</previous>
    </vehicle>
    <vehicle>
        <id>7</id>
        <bndbox>
            <xmax>104</xmax>
            <xmin>86</xmin>
            <ymax>88</ymax>
            <ymin>71</ymin>
        </bndbox>
        <type>5</type>
        <direction>2</direction>
        <previous>11</previous>
    </vehicle>
    <vehicle>
        <id>8</id>
        <bndbox>
            <xmax>16</xmax>
            <xmin>0</xmin>
            <ymax>133</ymax>
            <ymin>115</ymin>
        </bndbox>
        <type>2</type>
        <direction>2</direction>
        <previous>12</previous>
    </vehicle>
    <vehicle>
        <id>9</id>
        <bndbox>
            <xmax>17</xmax>
            <xmin>0</xmin>
            <ymax>118</ymax>
            <ymin>105</ymin>
        </bndbox>
        <type>3</type>
        <direction>2</direction>
        <previous>13</previous>
    </vehicle>
    <vehicle>
        <id>10</id>
        <bndbox>
            <xmax>28</xmax>
            <xmin>14</xmin>
            <ymax>110</ymax>
            <ymin>95</ymin>
        </bndbox>
        <type>3</type>
        <direction>2</direction>
        <previous>14</previous>
    </vehicle>
    <vehicle>
        <id>11</id>
        <bndbox>
            <xmax>13</xmax>
            <xmin>0</xmin>
            <ymax>107</ymax>
            <ymin>95</ymin>
        </bndbox>
        <type>3</type>
        <direction>2</direction>
        <previous>15</previous>
    </vehicle>
    <vehicle>
        <id>12</id>
        <bndbox>
            <xmax>36</xmax>
            <xmin>16</xmin>
            <ymax>100</ymax>
            <ymin>86</ymin>
        </bndbox>
        <type>3</type>
        <direction>2</direction>
        <previous>16</previous>
    </vehicle>
    <vehicle>
        <id>13</id>
        <bndbox>
            <xmax>86</xmax>
            <xmin>42</xmin>
            <ymax>88</ymax>
            <ymin>68</ymin>
        </bndbox>
        <type>6</type>
        <direction>2</direction>
        <previous>17</previous>
    </vehicle>
    <vehicle>
        <id>14</id>
        <bndbox>
            <xmax>96</xmax>
            <xmin>75</xmin>
            <ymax>74</ymax>
            <ymin>62</ymin>
        </bndbox>
        <type>5</type>
        <direction>2</direction>
        <previous>18</previous>
    </vehicle>
    <vehicle>
        <id>15</id>
        <bndbox>
            <xmax>117</xmax>
            <xmin>87</xmin>
            <ymax>77</ymax>
            <ymin>58</ymin>
        </bndbox>
        <type>5</type>
        <direction>2</direction>
        <previous>0</previous>
    </vehicle>
    <vehicle>
        <id>16</id>
        <bndbox>
            <xmax>166</xmax>
            <xmin>156</xmin>
            <ymax>68</ymax>
            <ymin>60</ymin>
        </bndbox>
        <type>3</type>
        <direction>1</direction>
        <previous>0</previous>
    </vehicle>
    <vehicle>
        <id>17</id>
        <bndbox>
            <xmax>182</xmax>
            <xmin>172</xmin>
            <ymax>71</ymax>
            <ymin>63</ymin>
        </bndbox>
        <type>3</type>
        <direction>1</direction>
        <previous>0</previous>
    </vehicle>
    <vehicle>
        <id>18</id>
        <bndbox>
            <xmax>179</xmax>
            <xmin>166</xmin>
            <ymax>77</ymax>
            <ymin>69</ymin>
        </bndbox>
        <type>3</type>
        <direction>1</direction>
        <previous>0</previous>
    </vehicle>
    <vehicle>
        <id>19</id>
        <bndbox>
            <xmax>234</xmax>
            <xmin>208</xmin>
            <ymax>97</ymax>
            <ymin>84</ymin>
        </bndbox>
        <type>2</type>
        <direction>1</direction>
        <previous>0</previous>
    </vehicle>
    <vehicle>
        <id>20</id>
        <bndbox>
            <xmax>293</xmax>
            <xmin>263</xmin>
            <ymax>117</ymax>
            <ymin>100</ymin>
        </bndbox>
        <type>1</type>
        <direction>1</direction>
        <previous>0</previous>
    </vehicle>
    <vehicle>
        <id>21</id>
        <bndbox>
            <xmax>328</xmax>
            <xmin>296</xmin>
            <ymax>156</ymax>
            <ymin>131</ymin>
        </bndbox>
        <type>2</type>
        <direction>7</direction>
        <previous>0</previous>
    </vehicle>
    <vehicle>
        <id>22</id>
        <bndbox>
            <xmax>335</xmax>
            <xmin>267</xmin>
            <ymax>189</ymax>
            <ymin>158</ymin>
        </bndbox>
        <type>3</type>
        <direction>7</direction>
        <previous>0</previous>
    </vehicle>
    <vehicle>
        <id>23</id>
        <bndbox>
            <xmax>221</xmax>
            <xmin>142</xmin>
            <ymax>195</ymax>
            <ymin>166</ymin>
        </bndbox>
        <type>2</type>
        <direction>4</direction>
        <previous>0</previous>
    </vehicle>
    <vehicle>
        <id>24</id>
        <bndbox>
            <xmax>278</xmax>
            <xmin>169</xmin>
            <ymax>237</ymax>
            <ymin>195</ymin>
        </bndbox>
        <type>2</type>
        <direction>4</direction>
        <previous>0</previous>
    </vehicle>
    <vehicle>
        <id>25</id>
        <bndbox>
            <xmax>190</xmax>
            <xmin>0</xmin>
            <ymax>241</ymax>
            <ymin>198</ymin>
        </bndbox>
        <type>6</type>
        <direction>4</direction>
        <previous>0</previous>
    </vehicle>
</annotation>
