<annotation>
    <video>164-20160223-09.avi</video>
    <frame>000018</frame>
    <time>2016/02/23 09:37:23</time>
    <width>352</width>
    <height>240</height>
    <weather>1</weather>
    <facing>3</facing>
    <flow>2</flow>
    <vehicle>
        <id>1</id>
        <bndbox>
            <xmax>162</xmax>
            <xmin>155</xmin>
            <ymax>65</ymax>
            <ymin>60</ymin>
        </bndbox>
        <type>3</type>
        <direction>1</direction>
        <previous>0</previous>
    </vehicle>
    <vehicle>
        <id>2</id>
        <bndbox>
            <xmax>174</xmax>
            <xmin>166</xmin>
            <ymax>66</ymax>
            <ymin>57</ymin>
        </bndbox>
        <type>6</type>
        <direction>1</direction>
        <previous>0</previous>
    </vehicle>
    <vehicle>
        <id>3</id>
        <bndbox>
            <xmax>176</xmax>
            <xmin>164</xmin>
            <ymax>74</ymax>
            <ymin>65</ymin>
        </bndbox>
        <type>3</type>
        <direction>1</direction>
        <previous>0</previous>
    </vehicle>
    <vehicle>
        <id>4</id>
        <bndbox>
            <xmax>187</xmax>
            <xmin>177</xmin>
            <ymax>72</ymax>
            <ymin>65</ymin>
        </bndbox>
        <type>3</type>
        <direction>1</direction>
        <previous>0</previous>
    </vehicle>
    <vehicle>
        <id>5</id>
        <bndbox>
            <xmax>196</xmax>
            <xmin>179</xmin>
            <ymax>83</ymax>
            <ymin>74</ymin>
        </bndbox>
        <type>3</type>
        <direction>1</direction>
        <previous>0</previous>
    </vehicle>
    <vehicle>
        <id>6</id>
        <bndbox>
            <xmax>213</xmax>
            <xmin>197</xmin>
            <ymax>81</ymax>
            <ymin>72</ymin>
        </bndbox>
        <type>3</type>
        <direction>1</direction>
        <previous>0</previous>
    </vehicle>
    <vehicle>
        <id>7</id>
        <bndbox>
            <xmax>253</xmax>
            <xmin>228</xmin>
            <ymax>93</ymax>
            <ymin>80</ymin>
        </bndbox>
        <type>3</type>
        <direction>1</direction>
        <previous>0</previous>
    </vehicle>
    <vehicle>
        <id>8</id>
        <bndbox>
            <xmax>254</xmax>
            <xmin>229</xmin>
            <ymax>104</ymax>
            <ymin>92</ymin>
        </bndbox>
        <type>3</type>
        <direction>1</direction>
        <previous>0</previous>
    </vehicle>
    <vehicle>
        <id>9</id>
        <bndbox>
            <xmax>353</xmax>
            <xmin>315</xmin>
            <ymax>126</ymax>
            <ymin>95</ymin>
        </bndbox>
        <type>7</type>
        <direction>1</direction>
        <previous>0</previous>
    </vehicle>
    <vehicle>
        <id>10</id>
        <bndbox>
            <xmax>320</xmax>
            <xmin>289</xmin>
            <ymax>143</ymax>
            <ymin>118</ymin>
        </bndbox>
        <type>3</type>
        <direction>1</direction>
        <previous>0</previous>
    </vehicle>
    <vehicle>
        <id>11</id>
        <bndbox>
            <xmax>301</xmax>
            <xmin>232</xmin>
            <ymax>183</ymax>
            <ymin>152</ymin>
        </bndbox>
        <type>2</type>
        <direction>7</direction>
        <previous>0</previous>
    </vehicle>
    <vehicle>
        <id>12</id>
        <bndbox>
            <xmax>229</xmax>
            <xmin>140</xmin>
            <ymax>209</ymax>
            <ymin>176</ymin>
        </bndbox>
        <type>1</type>
        <direction>4</direction>
        <previous>0</previous>
    </vehicle>
    <vehicle>
        <id>13</id>
        <bndbox>
            <xmax>113</xmax>
            <xmin>38</xmin>
            <ymax>194</ymax>
            <ymin>163</ymin>
        </bndbox>
        <type>3</type>
        <direction>4</direction>
        <previous>0</previous>
    </vehicle>
    <vehicle>
        <id>14</id>
        <bndbox>
            <xmax>46</xmax>
            <xmin>13</xmin>
            <ymax>161</ymax>
            <ymin>131</ymin>
        </bndbox>
        <type>2</type>
        <direction>2</direction>
        <previous>12</previous>
    </vehicle>
    <vehicle>
        <id>15</id>
        <bndbox>
            <xmax>68</xmax>
            <xmin>41</xmin>
            <ymax>141</ymax>
            <ymin>118</ymin>
        </bndbox>
        <type>3</type>
        <direction>2</direction>
        <previous>13</previous>
    </vehicle>
    <vehicle>
        <id>16</id>
        <bndbox>
            <xmax>93</xmax>
            <xmin>66</xmin>
            <ymax>118</ymax>
            <ymin>92</ymin>
        </bndbox>
        <type>7</type>
        <direction>2</direction>
        <previous>14</previous>
    </vehicle>
    <vehicle>
        <id>17</id>
        <bndbox>
            <xmax>104</xmax>
            <xmin>91</xmin>
            <ymax>99</ymax>
            <ymin>86</ymin>
        </bndbox>
        <type>3</type>
        <direction>2</direction>
        <previous>15</previous>
    </vehicle>
    <vehicle>
        <id>18</id>
        <bndbox>
            <xmax>119</xmax>
            <xmin>101</xmin>
            <ymax>93</ymax>
            <ymin>73</ymin>
        </bndbox>
        <type>5</type>
        <direction>2</direction>
        <previous>16</previous>
    </vehicle>
    <vehicle>
        <id>19</id>
        <bndbox>
            <xmax>13</xmax>
            <xmin>0</xmin>
            <ymax>155</ymax>
            <ymin>131</ymin>
        </bndbox>
        <type>2</type>
        <direction>2</direction>
        <previous>18</previous>
    </vehicle>
    <vehicle>
        <id>20</id>
        <bndbox>
            <xmax>63</xmax>
            <xmin>16</xmin>
            <ymax>132</ymax>
            <ymin>86</ymin>
        </bndbox>
        <type>6</type>
        <direction>2</direction>
        <previous>19</previous>
    </vehicle>
    <vehicle>
        <id>21</id>
        <bndbox>
            <xmax>92</xmax>
            <xmin>73</xmin>
            <ymax>95</ymax>
            <ymin>82</ymin>
        </bndbox>
        <type>2</type>
        <direction>2</direction>
        <previous>20</previous>
    </vehicle>
    <vehicle>
        <id>22</id>
        <bndbox>
            <xmax>104</xmax>
            <xmin>94</xmin>
            <ymax>85</ymax>
            <ymin>76</ymin>
        </bndbox>
        <type>3</type>
        <direction>2</direction>
        <previous>17</previous>
    </vehicle>
    <vehicle>
        <id>23</id>
        <bndbox>
            <xmax>16</xmax>
            <xmin>0</xmin>
            <ymax>135</ymax>
            <ymin>111</ymin>
        </bndbox>
        <type>2</type>
        <direction>2</direction>
        <previous>21</previous>
    </vehicle>
    <vehicle>
        <id>24</id>
        <bndbox>
            <xmax>55</xmax>
            <xmin>17</xmin>
            <ymax>116</ymax>
            <ymin>84</ymin>
        </bndbox>
        <type>5</type>
        <direction>2</direction>
        <previous>29</previous>
    </vehicle>
    <vehicle>
        <id>25</id>
        <bndbox>
            <xmax>24</xmax>
            <xmin>0</xmin>
            <ymax>114</ymax>
            <ymin>84</ymin>
        </bndbox>
        <type>5</type>
        <direction>2</direction>
        <previous>22</previous>
    </vehicle>
    <vehicle>
        <id>26</id>
        <bndbox>
            <xmax>48</xmax>
            <xmin>23</xmin>
            <ymax>93</ymax>
            <ymin>72</ymin>
        </bndbox>
        <type>6</type>
        <direction>2</direction>
        <previous>23</previous>
    </vehicle>
    <vehicle>
        <id>27</id>
        <bndbox>
            <xmax>75</xmax>
            <xmin>58</xmin>
            <ymax>95</ymax>
            <ymin>78</ymin>
        </bndbox>
        <type>7</type>
        <direction>2</direction>
        <previous>0</previous>
    </vehicle>
    <vehicle>
        <id>28</id>
        <bndbox>
            <xmax>83</xmax>
            <xmin>73</xmin>
            <ymax>82</ymax>
            <ymin>72</ymin>
        </bndbox>
        <type>3</type>
        <direction>2</direction>
        <previous>25</previous>
    </vehicle>
    <vehicle>
        <id>29</id>
        <bndbox>
            <xmax>105</xmax>
            <xmin>90</xmin>
            <ymax>78</ymax>
            <ymin>65</ymin>
        </bndbox>
        <type>5</type>
        <direction>2</direction>
        <previous>0</previous>
    </vehicle>
    <vehicle>
        <id>30</id>
        <bndbox>
            <xmax>119</xmax>
            <xmin>108</xmin>
            <ymax>73</ymax>
            <ymin>66</ymin>
        </bndbox>
        <type>3</type>
        <direction>2</direction>
        <previous>0</previous>
    </vehicle>
</annotation>
