<annotation>
    <video>164-20160223-09.avi</video>
    <frame>000071</frame>
    <time>2016/02/23 09:58:28</time>
    <width>352</width>
    <height>240</height>
    <weather>1</weather>
    <facing>3</facing>
    <flow>2</flow>
    <vehicle>
        <id>1</id>
        <bndbox>
            <xmax>179</xmax>
            <xmin>166</xmin>
            <ymax>76</ymax>
            <ymin>67</ymin>
        </bndbox>
        <type>2</type>
        <direction>1</direction>
        <previous>0</previous>
    </vehicle>
    <vehicle>
        <id>2</id>
        <bndbox>
            <xmax>208</xmax>
            <xmin>189</xmin>
            <ymax>88</ymax>
            <ymin>78</ymin>
        </bndbox>
        <type>3</type>
        <direction>1</direction>
        <previous>0</previous>
    </vehicle>
    <vehicle>
        <id>3</id>
        <bndbox>
            <xmax>245</xmax>
            <xmin>224</xmin>
            <ymax>104</ymax>
            <ymin>91</ymin>
        </bndbox>
        <type>3</type>
        <direction>1</direction>
        <previous>0</previous>
    </vehicle>
    <vehicle>
        <id>4</id>
        <bndbox>
            <xmax>322</xmax>
            <xmin>286</xmin>
            <ymax>116</ymax>
            <ymin>101</ymin>
        </bndbox>
        <type>1</type>
        <direction>1</direction>
        <previous>0</previous>
    </vehicle>
    <vehicle>
        <id>5</id>
        <bndbox>
            <xmax>316</xmax>
            <xmin>291</xmin>
            <ymax>144</ymax>
            <ymin>121</ymin>
        </bndbox>
        <type>3</type>
        <direction>7</direction>
        <previous>0</previous>
    </vehicle>
    <vehicle>
        <id>6</id>
        <bndbox>
            <xmax>353</xmax>
            <xmin>337</xmin>
            <ymax>142</ymax>
            <ymin>122</ymin>
        </bndbox>
        <type>2</type>
        <direction>1</direction>
        <previous>0</previous>
    </vehicle>
    <vehicle>
        <id>7</id>
        <bndbox>
            <xmax>302</xmax>
            <xmin>215</xmin>
            <ymax>192</ymax>
            <ymin>152</ymin>
        </bndbox>
        <type>2</type>
        <direction>7</direction>
        <previous>0</previous>
    </vehicle>
    <vehicle>
        <id>8</id>
        <bndbox>
            <xmax>98</xmax>
            <xmin>29</xmin>
            <ymax>206</ymax>
            <ymin>154</ymin>
        </bndbox>
        <type>2</type>
        <direction>8</direction>
        <previous>0</previous>
    </vehicle>
    <vehicle>
        <id>9</id>
        <bndbox>
            <xmax>64</xmax>
            <xmin>0</xmin>
            <ymax>241</ymax>
            <ymin>206</ymin>
        </bndbox>
        <type>3</type>
        <direction>8</direction>
        <previous>0</previous>
    </vehicle>
    <vehicle>
        <id>10</id>
        <bndbox>
            <xmax>74</xmax>
            <xmin>40</xmin>
            <ymax>133</ymax>
            <ymin>105</ymin>
        </bndbox>
        <type>7</type>
        <direction>2</direction>
        <previous>2</previous>
    </vehicle>
    <vehicle>
        <id>11</id>
        <bndbox>
            <xmax>97</xmax>
            <xmin>73</xmin>
            <ymax>113</ymax>
            <ymin>88</ymin>
        </bndbox>
        <type>7</type>
        <direction>2</direction>
        <previous>3</previous>
    </vehicle>
    <vehicle>
        <id>12</id>
        <bndbox>
            <xmax>106</xmax>
            <xmin>96</xmin>
            <ymax>98</ymax>
            <ymin>86</ymin>
        </bndbox>
        <type>3</type>
        <direction>2</direction>
        <previous>0</previous>
    </vehicle>
    <vehicle>
        <id>13</id>
        <bndbox>
            <xmax>122</xmax>
            <xmin>103</xmin>
            <ymax>88</ymax>
            <ymin>69</ymin>
        </bndbox>
        <type>5</type>
        <direction>2</direction>
        <previous>4</previous>
    </vehicle>
    <vehicle>
        <id>14</id>
        <bndbox>
            <xmax>133</xmax>
            <xmin>125</xmin>
            <ymax>74</ymax>
            <ymin>67</ymin>
        </bndbox>
        <type>3</type>
        <direction>2</direction>
        <previous>0</previous>
    </vehicle>
    <vehicle>
        <id>15</id>
        <bndbox>
            <xmax>142</xmax>
            <xmin>133</xmin>
            <ymax>70</ymax>
            <ymin>63</ymin>
        </bndbox>
        <type>3</type>
        <direction>2</direction>
        <previous>0</previous>
    </vehicle>
    <vehicle>
        <id>16</id>
        <bndbox>
            <xmax>23</xmax>
            <xmin>0</xmin>
            <ymax>135</ymax>
            <ymin>110</ymin>
        </bndbox>
        <type>3</type>
        <direction>2</direction>
        <previous>9</previous>
    </vehicle>
    <vehicle>
        <id>17</id>
        <bndbox>
            <xmax>75</xmax>
            <xmin>43</xmin>
            <ymax>115</ymax>
            <ymin>85</ymin>
        </bndbox>
        <type>5</type>
        <direction>2</direction>
        <previous>18</previous>
    </vehicle>
    <vehicle>
        <id>18</id>
        <bndbox>
            <xmax>103</xmax>
            <xmin>91</xmin>
            <ymax>88</ymax>
            <ymin>74</ymin>
        </bndbox>
        <type>5</type>
        <direction>2</direction>
        <previous>19</previous>
    </vehicle>
    <vehicle>
        <id>19</id>
        <bndbox>
            <xmax>84</xmax>
            <xmin>67</xmin>
            <ymax>88</ymax>
            <ymin>76</ymin>
        </bndbox>
        <type>7</type>
        <direction>2</direction>
        <previous>14</previous>
    </vehicle>
    <vehicle>
        <id>20</id>
        <bndbox>
            <xmax>111</xmax>
            <xmin>87</xmin>
            <ymax>81</ymax>
            <ymin>61</ymin>
        </bndbox>
        <type>5</type>
        <direction>2</direction>
        <previous>15</previous>
    </vehicle>
    <vehicle>
        <id>21</id>
        <bndbox>
            <xmax>127</xmax>
            <xmin>112</xmin>
            <ymax>71</ymax>
            <ymin>58</ymin>
        </bndbox>
        <type>5</type>
        <direction>2</direction>
        <previous>0</previous>
    </vehicle>
    <vehicle>
        <id>22</id>
        <bndbox>
            <xmax>47</xmax>
            <xmin>1</xmin>
            <ymax>112</ymax>
            <ymin>80</ymin>
        </bndbox>
        <type>8</type>
        <direction>2</direction>
        <previous>12</previous>
    </vehicle>
    <vehicle>
        <id>23</id>
        <bndbox>
            <xmax>58</xmax>
            <xmin>44</xmin>
            <ymax>94</ymax>
            <ymin>81</ymin>
        </bndbox>
        <type>3</type>
        <direction>2</direction>
        <previous>13</previous>
    </vehicle>
    <vehicle>
        <id>24</id>
        <bndbox>
            <xmax>66</xmax>
            <xmin>49</xmin>
            <ymax>85</ymax>
            <ymin>73</ymin>
        </bndbox>
        <type>7</type>
        <direction>2</direction>
        <previous>0</previous>
    </vehicle>
    <vehicle>
        <id>25</id>
        <bndbox>
            <xmax>90</xmax>
            <xmin>71</xmin>
            <ymax>78</ymax>
            <ymin>69</ymin>
        </bndbox>
        <type>3</type>
        <direction>2</direction>
        <previous>0</previous>
    </vehicle>
</annotation>
