<annotation>
    <video>164-20160223-09.avi</video>
    <frame>000053</frame>
    <time>2016/02/23 09:51:20</time>
    <width>352</width>
    <height>240</height>
    <weather>1</weather>
    <facing>3</facing>
    <flow>2</flow>
    <vehicle>
        <id>1</id>
        <bndbox>
            <xmax>164</xmax>
            <xmin>156</xmin>
            <ymax>66</ymax>
            <ymin>60</ymin>
        </bndbox>
        <type>3</type>
        <direction>1</direction>
        <previous>0</previous>
    </vehicle>
    <vehicle>
        <id>2</id>
        <bndbox>
            <xmax>241</xmax>
            <xmin>186</xmin>
            <ymax>97</ymax>
            <ymin>66</ymin>
        </bndbox>
        <type>9</type>
        <direction>1</direction>
        <previous>0</previous>
    </vehicle>
    <vehicle>
        <id>3</id>
        <bndbox>
            <xmax>332</xmax>
            <xmin>294</xmin>
            <ymax>112</ymax>
            <ymin>96</ymin>
        </bndbox>
        <type>2</type>
        <direction>1</direction>
        <previous>0</previous>
    </vehicle>
    <vehicle>
        <id>4</id>
        <bndbox>
            <xmax>353</xmax>
            <xmin>248</xmin>
            <ymax>198</ymax>
            <ymin>134</ymin>
        </bndbox>
        <type>5</type>
        <direction>4</direction>
        <previous>0</previous>
    </vehicle>
    <vehicle>
        <id>5</id>
        <bndbox>
            <xmax>235</xmax>
            <xmin>141</xmin>
            <ymax>196</ymax>
            <ymin>172</ymin>
        </bndbox>
        <type>2</type>
        <direction>4</direction>
        <previous>0</previous>
    </vehicle>
    <vehicle>
        <id>6</id>
        <bndbox>
            <xmax>353</xmax>
            <xmin>37</xmin>
            <ymax>241</ymax>
            <ymin>184</ymin>
        </bndbox>
        <type>5</type>
        <direction>4</direction>
        <previous>0</previous>
    </vehicle>
    <vehicle>
        <id>7</id>
        <bndbox>
            <xmax>31</xmax>
            <xmin>0</xmin>
            <ymax>233</ymax>
            <ymin>184</ymin>
        </bndbox>
        <type>2</type>
        <direction>8</direction>
        <previous>28</previous>
    </vehicle>
    <vehicle>
        <id>8</id>
        <bndbox>
            <xmax>88</xmax>
            <xmin>39</xmin>
            <ymax>201</ymax>
            <ymin>160</ymin>
        </bndbox>
        <type>2</type>
        <direction>8</direction>
        <previous>4</previous>
    </vehicle>
    <vehicle>
        <id>9</id>
        <bndbox>
            <xmax>53</xmax>
            <xmin>29</xmin>
            <ymax>171</ymax>
            <ymin>141</ymin>
        </bndbox>
        <type>2</type>
        <direction>8</direction>
        <previous>5</previous>
    </vehicle>
    <vehicle>
        <id>10</id>
        <bndbox>
            <xmax>68</xmax>
            <xmin>34</xmin>
            <ymax>143</ymax>
            <ymin>120</ymin>
        </bndbox>
        <type>2</type>
        <direction>2</direction>
        <previous>6</previous>
    </vehicle>
    <vehicle>
        <id>11</id>
        <bndbox>
            <xmax>85</xmax>
            <xmin>62</xmin>
            <ymax>121</ymax>
            <ymin>103</ymin>
        </bndbox>
        <type>2</type>
        <direction>2</direction>
        <previous>7</previous>
    </vehicle>
    <vehicle>
        <id>12</id>
        <bndbox>
            <xmax>103</xmax>
            <xmin>80</xmin>
            <ymax>106</ymax>
            <ymin>85</ymin>
        </bndbox>
        <type>5</type>
        <direction>2</direction>
        <previous>0</previous>
    </vehicle>
    <vehicle>
        <id>13</id>
        <bndbox>
            <xmax>116</xmax>
            <xmin>100</xmin>
            <ymax>90</ymax>
            <ymin>77</ymin>
        </bndbox>
        <type>7</type>
        <direction>2</direction>
        <previous>0</previous>
    </vehicle>
    <vehicle>
        <id>14</id>
        <bndbox>
            <xmax>137</xmax>
            <xmin>127</xmin>
            <ymax>73</ymax>
            <ymin>66</ymin>
        </bndbox>
        <type>3</type>
        <direction>2</direction>
        <previous>0</previous>
    </vehicle>
    <vehicle>
        <id>15</id>
        <bndbox>
            <xmax>35</xmax>
            <xmin>0</xmin>
            <ymax>146</ymax>
            <ymin>116</ymin>
        </bndbox>
        <type>3</type>
        <direction>2</direction>
        <previous>29</previous>
    </vehicle>
    <vehicle>
        <id>16</id>
        <bndbox>
            <xmax>80</xmax>
            <xmin>32</xmin>
            <ymax>123</ymax>
            <ymin>79</ymin>
        </bndbox>
        <type>5</type>
        <direction>2</direction>
        <previous>30</previous>
    </vehicle>
    <vehicle>
        <id>17</id>
        <bndbox>
            <xmax>117</xmax>
            <xmin>91</xmin>
            <ymax>86</ymax>
            <ymin>65</ymin>
        </bndbox>
        <type>5</type>
        <direction>2</direction>
        <previous>0</previous>
    </vehicle>
    <vehicle>
        <id>18</id>
        <bndbox>
            <xmax>128</xmax>
            <xmin>117</xmin>
            <ymax>68</ymax>
            <ymin>60</ymin>
        </bndbox>
        <type>7</type>
        <direction>2</direction>
        <previous>0</previous>
    </vehicle>
    <vehicle>
        <id>19</id>
        <bndbox>
            <xmax>34</xmax>
            <xmin>4</xmin>
            <ymax>124</ymax>
            <ymin>106</ymin>
        </bndbox>
        <type>3</type>
        <direction>2</direction>
        <previous>0</previous>
    </vehicle>
    <vehicle>
        <id>20</id>
        <bndbox>
            <xmax>18</xmax>
            <xmin>0</xmin>
            <ymax>109</ymax>
            <ymin>85</ymin>
        </bndbox>
        <type>5</type>
        <direction>2</direction>
        <previous>0</previous>
    </vehicle>
</annotation>
