<annotation>
    <video>164-20160223-09.avi</video>
    <frame>000057</frame>
    <time>2016/02/23 09:52:56</time>
    <width>352</width>
    <height>240</height>
    <weather>1</weather>
    <facing>3</facing>
    <flow>2</flow>
    <vehicle>
        <id>1</id>
        <bndbox>
            <xmax>171</xmax>
            <xmin>163</xmin>
            <ymax>66</ymax>
            <ymin>61</ymin>
        </bndbox>
        <type>3</type>
        <direction>1</direction>
        <previous>0</previous>
    </vehicle>
    <vehicle>
        <id>2</id>
        <bndbox>
            <xmax>176</xmax>
            <xmin>161</xmin>
            <ymax>76</ymax>
            <ymin>68</ymin>
        </bndbox>
        <type>2</type>
        <direction>1</direction>
        <previous>0</previous>
    </vehicle>
    <vehicle>
        <id>3</id>
        <bndbox>
            <xmax>206</xmax>
            <xmin>178</xmin>
            <ymax>77</ymax>
            <ymin>59</ymin>
        </bndbox>
        <type>5</type>
        <direction>1</direction>
        <previous>0</previous>
    </vehicle>
    <vehicle>
        <id>4</id>
        <bndbox>
            <xmax>227</xmax>
            <xmin>205</xmin>
            <ymax>94</ymax>
            <ymin>82</ymin>
        </bndbox>
        <type>3</type>
        <direction>1</direction>
        <previous>0</previous>
    </vehicle>
    <vehicle>
        <id>5</id>
        <bndbox>
            <xmax>268</xmax>
            <xmin>242</xmin>
            <ymax>96</ymax>
            <ymin>84</ymin>
        </bndbox>
        <type>2</type>
        <direction>1</direction>
        <previous>0</previous>
    </vehicle>
    <vehicle>
        <id>6</id>
        <bndbox>
            <xmax>351</xmax>
            <xmin>309</xmin>
            <ymax>119</ymax>
            <ymin>102</ymin>
        </bndbox>
        <type>2</type>
        <direction>1</direction>
        <previous>0</previous>
    </vehicle>
    <vehicle>
        <id>7</id>
        <bndbox>
            <xmax>353</xmax>
            <xmin>337</xmin>
            <ymax>182</ymax>
            <ymin>172</ymin>
        </bndbox>
        <type>3</type>
        <direction>4</direction>
        <previous>0</previous>
    </vehicle>
    <vehicle>
        <id>8</id>
        <bndbox>
            <xmax>308</xmax>
            <xmin>170</xmin>
            <ymax>199</ymax>
            <ymin>152</ymin>
        </bndbox>
        <type>4</type>
        <direction>4</direction>
        <previous>0</previous>
    </vehicle>
    <vehicle>
        <id>9</id>
        <bndbox>
            <xmax>175</xmax>
            <xmin>20</xmin>
            <ymax>241</ymax>
            <ymin>192</ymin>
        </bndbox>
        <type>7</type>
        <direction>4</direction>
        <previous>9</previous>
    </vehicle>
    <vehicle>
        <id>10</id>
        <bndbox>
            <xmax>162</xmax>
            <xmin>90</xmin>
            <ymax>191</ymax>
            <ymin>157</ymin>
        </bndbox>
        <type>3</type>
        <direction>4</direction>
        <previous>0</previous>
    </vehicle>
    <vehicle>
        <id>11</id>
        <bndbox>
            <xmax>77</xmax>
            <xmin>18</xmin>
            <ymax>183</ymax>
            <ymin>126</ymin>
        </bndbox>
        <type>5</type>
        <direction>8</direction>
        <previous>0</previous>
    </vehicle>
    <vehicle>
        <id>12</id>
        <bndbox>
            <xmax>61</xmax>
            <xmin>34</xmin>
            <ymax>138</ymax>
            <ymin>120</ymin>
        </bndbox>
        <type>2</type>
        <direction>2</direction>
        <previous>0</previous>
    </vehicle>
    <vehicle>
        <id>13</id>
        <bndbox>
            <xmax>89</xmax>
            <xmin>55</xmin>
            <ymax>123</ymax>
            <ymin>87</ymin>
        </bndbox>
        <type>5</type>
        <direction>2</direction>
        <previous>0</previous>
    </vehicle>
    <vehicle>
        <id>14</id>
        <bndbox>
            <xmax>117</xmax>
            <xmin>100</xmin>
            <ymax>90</ymax>
            <ymin>74</ymin>
        </bndbox>
        <type>7</type>
        <direction>2</direction>
        <previous>0</previous>
    </vehicle>
    <vehicle>
        <id>15</id>
        <bndbox>
            <xmax>353</xmax>
            <xmin>231</xmin>
            <ymax>241</ymax>
            <ymin>181</ymin>
        </bndbox>
        <type>5</type>
        <direction>4</direction>
        <previous>7</previous>
    </vehicle>
    <vehicle>
        <id>16</id>
        <bndbox>
            <xmax>131</xmax>
            <xmin>120</xmin>
            <ymax>80</ymax>
            <ymin>69</ymin>
        </bndbox>
        <type>3</type>
        <direction>2</direction>
        <previous>0</previous>
    </vehicle>
    <vehicle>
        <id>17</id>
        <bndbox>
            <xmax>32</xmax>
            <xmin>0</xmin>
            <ymax>144</ymax>
            <ymin>118</ymin>
        </bndbox>
        <type>3</type>
        <direction>2</direction>
        <previous>0</previous>
    </vehicle>
    <vehicle>
        <id>18</id>
        <bndbox>
            <xmax>123</xmax>
            <xmin>107</xmin>
            <ymax>75</ymax>
            <ymin>62</ymin>
        </bndbox>
        <type>7</type>
        <direction>2</direction>
        <previous>0</previous>
    </vehicle>
    <vehicle>
        <id>19</id>
        <bndbox>
            <xmax>40</xmax>
            <xmin>12</xmin>
            <ymax>119</ymax>
            <ymin>100</ymin>
        </bndbox>
        <type>2</type>
        <direction>2</direction>
        <previous>0</previous>
    </vehicle>
    <vehicle>
        <id>20</id>
        <bndbox>
            <xmax>10</xmax>
            <xmin>0</xmin>
            <ymax>116</ymax>
            <ymin>91</ymin>
        </bndbox>
        <type>5</type>
        <direction>2</direction>
        <previous>0</previous>
    </vehicle>
    <vehicle>
        <id>21</id>
        <bndbox>
            <xmax>60</xmax>
            <xmin>36</xmin>
            <ymax>99</ymax>
            <ymin>82</ymin>
        </bndbox>
        <type>7</type>
        <direction>2</direction>
        <previous>0</previous>
    </vehicle>
    <vehicle>
        <id>22</id>
        <bndbox>
            <xmax>82</xmax>
            <xmin>65</xmin>
            <ymax>86</ymax>
            <ymin>75</ymin>
        </bndbox>
        <type>2</type>
        <direction>2</direction>
        <previous>0</previous>
    </vehicle>
</annotation>
