<annotation>
    <video>164-20160223-09.avi</video>
    <frame>000048</frame>
    <time>2016/02/23 09:49:20</time>
    <width>352</width>
    <height>240</height>
    <weather>1</weather>
    <facing>3</facing>
    <flow>1</flow>
    <vehicle>
        <id>1</id>
        <bndbox>
            <xmax>56</xmax>
            <xmin>16</xmin>
            <ymax>159</ymax>
            <ymin>108</ymin>
        </bndbox>
        <type>5</type>
        <direction>2</direction>
        <previous>4</previous>
    </vehicle>
    <vehicle>
        <id>2</id>
        <bndbox>
            <xmax>79</xmax>
            <xmin>52</xmin>
            <ymax>130</ymax>
            <ymin>102</ymin>
        </bndbox>
        <type>7</type>
        <direction>2</direction>
        <previous>5</previous>
    </vehicle>
    <vehicle>
        <id>3</id>
        <bndbox>
            <xmax>92</xmax>
            <xmin>75</xmin>
            <ymax>112</ymax>
            <ymin>96</ymin>
        </bndbox>
        <type>3</type>
        <direction>2</direction>
        <previous>6</previous>
    </vehicle>
    <vehicle>
        <id>4</id>
        <bndbox>
            <xmax>109</xmax>
            <xmin>89</xmin>
            <ymax>100</ymax>
            <ymin>80</ymin>
        </bndbox>
        <type>7</type>
        <direction>2</direction>
        <previous>7</previous>
    </vehicle>
    <vehicle>
        <id>5</id>
        <bndbox>
            <xmax>115</xmax>
            <xmin>106</xmin>
            <ymax>88</ymax>
            <ymin>79</ymin>
        </bndbox>
        <type>3</type>
        <direction>2</direction>
        <previous>8</previous>
    </vehicle>
    <vehicle>
        <id>6</id>
        <bndbox>
            <xmax>134</xmax>
            <xmin>114</xmin>
            <ymax>80</ymax>
            <ymin>64</ymin>
        </bndbox>
        <type>5</type>
        <direction>2</direction>
        <previous>9</previous>
    </vehicle>
    <vehicle>
        <id>7</id>
        <bndbox>
            <xmax>17</xmax>
            <xmin>0</xmin>
            <ymax>157</ymax>
            <ymin>126</ymin>
        </bndbox>
        <type>3</type>
        <direction>2</direction>
        <previous>10</previous>
    </vehicle>
    <vehicle>
        <id>8</id>
        <bndbox>
            <xmax>46</xmax>
            <xmin>0</xmin>
            <ymax>122</ymax>
            <ymin>90</ymin>
        </bndbox>
        <type>5</type>
        <direction>2</direction>
        <previous>11</previous>
    </vehicle>
    <vehicle>
        <id>9</id>
        <bndbox>
            <xmax>83</xmax>
            <xmin>42</xmin>
            <ymax>102</ymax>
            <ymin>71</ymin>
        </bndbox>
        <type>5</type>
        <direction>2</direction>
        <previous>12</previous>
    </vehicle>
    <vehicle>
        <id>10</id>
        <bndbox>
            <xmax>120</xmax>
            <xmin>84</xmin>
            <ymax>83</ymax>
            <ymin>57</ymin>
        </bndbox>
        <type>5</type>
        <direction>2</direction>
        <previous>13</previous>
    </vehicle>
    <vehicle>
        <id>11</id>
        <bndbox>
            <xmax>26</xmax>
            <xmin>0</xmin>
            <ymax>101</ymax>
            <ymin>82</ymin>
        </bndbox>
        <type>5</type>
        <direction>2</direction>
        <previous>14</previous>
    </vehicle>
    <vehicle>
        <id>12</id>
        <bndbox>
            <xmax>43</xmax>
            <xmin>27</xmin>
            <ymax>94</ymax>
            <ymin>83</ymin>
        </bndbox>
        <type>3</type>
        <direction>2</direction>
        <previous>15</previous>
    </vehicle>
    <vehicle>
        <id>13</id>
        <bndbox>
            <xmax>64</xmax>
            <xmin>40</xmin>
            <ymax>110</ymax>
            <ymin>97</ymin>
        </bndbox>
        <type>7</type>
        <direction>2</direction>
        <previous>0</previous>
    </vehicle>
    <vehicle>
        <id>14</id>
        <bndbox>
            <xmax>165</xmax>
            <xmin>155</xmin>
            <ymax>70</ymax>
            <ymin>62</ymin>
        </bndbox>
        <type>3</type>
        <direction>1</direction>
        <previous>0</previous>
    </vehicle>
    <vehicle>
        <id>15</id>
        <bndbox>
            <xmax>183</xmax>
            <xmin>173</xmin>
            <ymax>72</ymax>
            <ymin>64</ymin>
        </bndbox>
        <type>3</type>
        <direction>1</direction>
        <previous>0</previous>
    </vehicle>
    <vehicle>
        <id>16</id>
        <bndbox>
            <xmax>203</xmax>
            <xmin>186</xmin>
            <ymax>86</ymax>
            <ymin>75</ymin>
        </bndbox>
        <type>3</type>
        <direction>1</direction>
        <previous>0</previous>
    </vehicle>
    <vehicle>
        <id>17</id>
        <bndbox>
            <xmax>217</xmax>
            <xmin>201</xmin>
            <ymax>81</ymax>
            <ymin>73</ymin>
        </bndbox>
        <type>1</type>
        <direction>1</direction>
        <previous>0</previous>
    </vehicle>
    <vehicle>
        <id>18</id>
        <bndbox>
            <xmax>267</xmax>
            <xmin>239</xmin>
            <ymax>99</ymax>
            <ymin>86</ymin>
        </bndbox>
        <type>2</type>
        <direction>1</direction>
        <previous>0</previous>
    </vehicle>
    <vehicle>
        <id>19</id>
        <bndbox>
            <xmax>318</xmax>
            <xmin>292</xmin>
            <ymax>145</ymax>
            <ymin>112</ymin>
        </bndbox>
        <type>3</type>
        <direction>7</direction>
        <previous>0</previous>
    </vehicle>
    <vehicle>
        <id>20</id>
        <bndbox>
            <xmax>353</xmax>
            <xmin>339</xmin>
            <ymax>185</ymax>
            <ymin>156</ymin>
        </bndbox>
        <type>2</type>
        <direction>7</direction>
        <previous>0</previous>
    </vehicle>
    <vehicle>
        <id>21</id>
        <bndbox>
            <xmax>300</xmax>
            <xmin>210</xmin>
            <ymax>187</ymax>
            <ymin>141</ymin>
        </bndbox>
        <type>4</type>
        <direction>7</direction>
        <previous>0</previous>
    </vehicle>
    <vehicle>
        <id>22</id>
        <bndbox>
            <xmax>317</xmax>
            <xmin>233</xmin>
            <ymax>224</ymax>
            <ymin>182</ymin>
        </bndbox>
        <type>3</type>
        <direction>4</direction>
        <previous>0</previous>
    </vehicle>
    <vehicle>
        <id>23</id>
        <bndbox>
            <xmax>146</xmax>
            <xmin>70</xmin>
            <ymax>200</ymax>
            <ymin>167</ymin>
        </bndbox>
        <type>3</type>
        <direction>4</direction>
        <previous>0</previous>
    </vehicle>
    <vehicle>
        <id>24</id>
        <bndbox>
            <xmax>92</xmax>
            <xmin>0</xmin>
            <ymax>239</ymax>
            <ymin>157</ymin>
        </bndbox>
        <type>5</type>
        <direction>4</direction>
        <previous>0</previous>
    </vehicle>
</annotation>
