<annotation>
    <video>164-20160223-09.avi</video>
    <frame>000049</frame>
    <time>2016/02/23 09:49:44</time>
    <width>352</width>
    <height>240</height>
    <weather>1</weather>
    <facing>3</facing>
    <flow>2</flow>
    <vehicle>
        <id>1</id>
        <bndbox>
            <xmax>249</xmax>
            <xmin>220</xmin>
            <ymax>93</ymax>
            <ymin>78</ymin>
        </bndbox>
        <type>7</type>
        <direction>1</direction>
        <previous>0</previous>
    </vehicle>
    <vehicle>
        <id>2</id>
        <bndbox>
            <xmax>270</xmax>
            <xmin>240</xmin>
            <ymax>108</ymax>
            <ymin>93</ymin>
        </bndbox>
        <type>3</type>
        <direction>1</direction>
        <previous>0</previous>
    </vehicle>
    <vehicle>
        <id>3</id>
        <bndbox>
            <xmax>353</xmax>
            <xmin>317</xmin>
            <ymax>132</ymax>
            <ymin>114</ymin>
        </bndbox>
        <type>2</type>
        <direction>1</direction>
        <previous>0</previous>
    </vehicle>
    <vehicle>
        <id>4</id>
        <bndbox>
            <xmax>353</xmax>
            <xmin>341</xmin>
            <ymax>185</ymax>
            <ymin>150</ymin>
        </bndbox>
        <type>5</type>
        <direction>4</direction>
        <previous>0</previous>
    </vehicle>
    <vehicle>
        <id>5</id>
        <bndbox>
            <xmax>353</xmax>
            <xmin>252</xmin>
            <ymax>232</ymax>
            <ymin>178</ymin>
        </bndbox>
        <type>7</type>
        <direction>4</direction>
        <previous>0</previous>
    </vehicle>
    <vehicle>
        <id>6</id>
        <bndbox>
            <xmax>353</xmax>
            <xmin>256</xmin>
            <ymax>241</ymax>
            <ymin>228</ymin>
        </bndbox>
        <type>3</type>
        <direction>4</direction>
        <previous>0</previous>
    </vehicle>
    <vehicle>
        <id>7</id>
        <bndbox>
            <xmax>246</xmax>
            <xmin>163</xmin>
            <ymax>202</ymax>
            <ymin>170</ymin>
        </bndbox>
        <type>3</type>
        <direction>4</direction>
        <previous>0</previous>
    </vehicle>
    <vehicle>
        <id>8</id>
        <bndbox>
            <xmax>222</xmax>
            <xmin>111</xmin>
            <ymax>241</ymax>
            <ymin>197</ymin>
        </bndbox>
        <type>3</type>
        <direction>4</direction>
        <previous>0</previous>
    </vehicle>
    <vehicle>
        <id>9</id>
        <bndbox>
            <xmax>59</xmax>
            <xmin>0</xmin>
            <ymax>241</ymax>
            <ymin>223</ymin>
        </bndbox>
        <type>2</type>
        <direction>4</direction>
        <previous>0</previous>
    </vehicle>
    <vehicle>
        <id>10</id>
        <bndbox>
            <xmax>91</xmax>
            <xmin>0</xmin>
            <ymax>239</ymax>
            <ymin>176</ymin>
        </bndbox>
        <type>7</type>
        <direction>4</direction>
        <previous>0</previous>
    </vehicle>
    <vehicle>
        <id>11</id>
        <bndbox>
            <xmax>85</xmax>
            <xmin>31</xmin>
            <ymax>187</ymax>
            <ymin>140</ymin>
        </bndbox>
        <type>7</type>
        <direction>8</direction>
        <previous>0</previous>
    </vehicle>
    <vehicle>
        <id>12</id>
        <bndbox>
            <xmax>69</xmax>
            <xmin>39</xmin>
            <ymax>139</ymax>
            <ymin>117</ymin>
        </bndbox>
        <type>3</type>
        <direction>2</direction>
        <previous>0</previous>
    </vehicle>
    <vehicle>
        <id>13</id>
        <bndbox>
            <xmax>102</xmax>
            <xmin>68</xmin>
            <ymax>109</ymax>
            <ymin>77</ymin>
        </bndbox>
        <type>5</type>
        <direction>2</direction>
        <previous>0</previous>
    </vehicle>
    <vehicle>
        <id>14</id>
        <bndbox>
            <xmax>119</xmax>
            <xmin>104</xmin>
            <ymax>88</ymax>
            <ymin>76</ymin>
        </bndbox>
        <type>2</type>
        <direction>2</direction>
        <previous>0</previous>
    </vehicle>
    <vehicle>
        <id>15</id>
        <bndbox>
            <xmax>140</xmax>
            <xmin>129</xmin>
            <ymax>72</ymax>
            <ymin>63</ymin>
        </bndbox>
        <type>3</type>
        <direction>2</direction>
        <previous>0</previous>
    </vehicle>
    <vehicle>
        <id>16</id>
        <bndbox>
            <xmax>83</xmax>
            <xmin>3</xmin>
            <ymax>125</ymax>
            <ymin>69</ymin>
        </bndbox>
        <type>6</type>
        <direction>2</direction>
        <previous>0</previous>
    </vehicle>
    <vehicle>
        <id>17</id>
        <bndbox>
            <xmax>99</xmax>
            <xmin>81</xmin>
            <ymax>82</ymax>
            <ymin>68</ymin>
        </bndbox>
        <type>5</type>
        <direction>2</direction>
        <previous>0</previous>
    </vehicle>
    <vehicle>
        <id>18</id>
        <bndbox>
            <xmax>119</xmax>
            <xmin>100</xmin>
            <ymax>79</ymax>
            <ymin>65</ymin>
        </bndbox>
        <type>8</type>
        <direction>2</direction>
        <previous>0</previous>
    </vehicle>
    <vehicle>
        <id>19</id>
        <bndbox>
            <xmax>124</xmax>
            <xmin>111</xmin>
            <ymax>71</ymax>
            <ymin>62</ymin>
        </bndbox>
        <type>7</type>
        <direction>2</direction>
        <previous>0</previous>
    </vehicle>
</annotation>
