<annotation>
    <video>164-20160223-09.avi</video>
    <frame>000086</frame>
    <time>2016/02/23 10:04:26</time>
    <width>352</width>
    <height>240</height>
    <weather>1</weather>
    <facing>3</facing>
    <flow>2</flow>
    <vehicle>
        <id>1</id>
        <bndbox>
            <xmax>160</xmax>
            <xmin>154</xmin>
            <ymax>67</ymax>
            <ymin>61</ymin>
        </bndbox>
        <type>3</type>
        <direction>1</direction>
        <previous>0</previous>
    </vehicle>
    <vehicle>
        <id>2</id>
        <bndbox>
            <xmax>178</xmax>
            <xmin>164</xmin>
            <ymax>67</ymax>
            <ymin>53</ymin>
        </bndbox>
        <type>6</type>
        <direction>1</direction>
        <previous>0</previous>
    </vehicle>
    <vehicle>
        <id>3</id>
        <bndbox>
            <xmax>184</xmax>
            <xmin>169</xmin>
            <ymax>78</ymax>
            <ymin>69</ymin>
        </bndbox>
        <type>3</type>
        <direction>1</direction>
        <previous>0</previous>
    </vehicle>
    <vehicle>
        <id>4</id>
        <bndbox>
            <xmax>222</xmax>
            <xmin>206</xmin>
            <ymax>85</ymax>
            <ymin>75</ymin>
        </bndbox>
        <type>3</type>
        <direction>1</direction>
        <previous>0</previous>
    </vehicle>
    <vehicle>
        <id>5</id>
        <bndbox>
            <xmax>241</xmax>
            <xmin>217</xmin>
            <ymax>94</ymax>
            <ymin>83</ymin>
        </bndbox>
        <type>1</type>
        <direction>1</direction>
        <previous>0</previous>
    </vehicle>
    <vehicle>
        <id>6</id>
        <bndbox>
            <xmax>311</xmax>
            <xmin>279</xmin>
            <ymax>109</ymax>
            <ymin>94</ymin>
        </bndbox>
        <type>1</type>
        <direction>1</direction>
        <previous>0</previous>
    </vehicle>
    <vehicle>
        <id>7</id>
        <bndbox>
            <xmax>325</xmax>
            <xmin>297</xmin>
            <ymax>139</ymax>
            <ymin>118</ymin>
        </bndbox>
        <type>1</type>
        <direction>7</direction>
        <previous>0</previous>
    </vehicle>
    <vehicle>
        <id>8</id>
        <bndbox>
            <xmax>321</xmax>
            <xmin>258</xmin>
            <ymax>178</ymax>
            <ymin>146</ymin>
        </bndbox>
        <type>2</type>
        <direction>7</direction>
        <previous>0</previous>
    </vehicle>
    <vehicle>
        <id>9</id>
        <bndbox>
            <xmax>353</xmax>
            <xmin>251</xmin>
            <ymax>239</ymax>
            <ymin>199</ymin>
        </bndbox>
        <type>2</type>
        <direction>4</direction>
        <previous>0</previous>
    </vehicle>
    <vehicle>
        <id>10</id>
        <bndbox>
            <xmax>232</xmax>
            <xmin>138</xmin>
            <ymax>204</ymax>
            <ymin>164</ymin>
        </bndbox>
        <type>7</type>
        <direction>4</direction>
        <previous>0</previous>
    </vehicle>
    <vehicle>
        <id>11</id>
        <bndbox>
            <xmax>49</xmax>
            <xmin>5</xmin>
            <ymax>179</ymax>
            <ymin>115</ymin>
        </bndbox>
        <type>5</type>
        <direction>2</direction>
        <previous>10</previous>
    </vehicle>
    <vehicle>
        <id>12</id>
        <bndbox>
            <xmax>82</xmax>
            <xmin>52</xmin>
            <ymax>128</ymax>
            <ymin>102</ymin>
        </bndbox>
        <type>7</type>
        <direction>2</direction>
        <previous>11</previous>
    </vehicle>
    <vehicle>
        <id>13</id>
        <bndbox>
            <xmax>102</xmax>
            <xmin>86</xmin>
            <ymax>103</ymax>
            <ymin>91</ymin>
        </bndbox>
        <type>2</type>
        <direction>2</direction>
        <previous>12</previous>
    </vehicle>
    <vehicle>
        <id>14</id>
        <bndbox>
            <xmax>115</xmax>
            <xmin>98</xmin>
            <ymax>91</ymax>
            <ymin>79</ymin>
        </bndbox>
        <type>7</type>
        <direction>2</direction>
        <previous>13</previous>
    </vehicle>
    <vehicle>
        <id>15</id>
        <bndbox>
            <xmax>146</xmax>
            <xmin>134</xmin>
            <ymax>69</ymax>
            <ymin>56</ymin>
        </bndbox>
        <type>5</type>
        <direction>2</direction>
        <previous>0</previous>
    </vehicle>
    <vehicle>
        <id>16</id>
        <bndbox>
            <xmax>66</xmax>
            <xmin>38</xmin>
            <ymax>119</ymax>
            <ymin>96</ymin>
        </bndbox>
        <type>7</type>
        <direction>2</direction>
        <previous>15</previous>
    </vehicle>
    <vehicle>
        <id>17</id>
        <bndbox>
            <xmax>86</xmax>
            <xmin>72</xmin>
            <ymax>99</ymax>
            <ymin>87</ymin>
        </bndbox>
        <type>3</type>
        <direction>2</direction>
        <previous>16</previous>
    </vehicle>
    <vehicle>
        <id>18</id>
        <bndbox>
            <xmax>99</xmax>
            <xmin>87</xmin>
            <ymax>91</ymax>
            <ymin>79</ymin>
        </bndbox>
        <type>3</type>
        <direction>2</direction>
        <previous>17</previous>
    </vehicle>
    <vehicle>
        <id>19</id>
        <bndbox>
            <xmax>124</xmax>
            <xmin>98</xmin>
            <ymax>82</ymax>
            <ymin>63</ymin>
        </bndbox>
        <type>5</type>
        <direction>2</direction>
        <previous>18</previous>
    </vehicle>
    <vehicle>
        <id>20</id>
        <bndbox>
            <xmax>42</xmax>
            <xmin>0</xmin>
            <ymax>128</ymax>
            <ymin>91</ymin>
        </bndbox>
        <type>5</type>
        <direction>2</direction>
        <previous>21</previous>
    </vehicle>
    <vehicle>
        <id>21</id>
        <bndbox>
            <xmax>65</xmax>
            <xmin>46</xmin>
            <ymax>101</ymax>
            <ymin>88</ymin>
        </bndbox>
        <type>3</type>
        <direction>2</direction>
        <previous>22</previous>
    </vehicle>
    <vehicle>
        <id>22</id>
        <bndbox>
            <xmax>77</xmax>
            <xmin>64</xmin>
            <ymax>94</ymax>
            <ymin>82</ymin>
        </bndbox>
        <type>3</type>
        <direction>2</direction>
        <previous>23</previous>
    </vehicle>
    <vehicle>
        <id>23</id>
        <bndbox>
            <xmax>96</xmax>
            <xmin>83</xmin>
            <ymax>84</ymax>
            <ymin>75</ymin>
        </bndbox>
        <type>3</type>
        <direction>2</direction>
        <previous>0</previous>
    </vehicle>
    <vehicle>
        <id>24</id>
        <bndbox>
            <xmax>32</xmax>
            <xmin>0</xmin>
            <ymax>103</ymax>
            <ymin>79</ymin>
        </bndbox>
        <type>5</type>
        <direction>2</direction>
        <previous>25</previous>
    </vehicle>
    <vehicle>
        <id>25</id>
        <bndbox>
            <xmax>45</xmax>
            <xmin>33</xmin>
            <ymax>91</ymax>
            <ymin>82</ymin>
        </bndbox>
        <type>3</type>
        <direction>2</direction>
        <previous>0</previous>
    </vehicle>
    <vehicle>
        <id>26</id>
        <bndbox>
            <xmax>68</xmax>
            <xmin>49</xmin>
            <ymax>91</ymax>
            <ymin>78</ymin>
        </bndbox>
        <type>7</type>
        <direction>2</direction>
        <previous>26</previous>
    </vehicle>
    <vehicle>
        <id>27</id>
        <bndbox>
            <xmax>79</xmax>
            <xmin>69</xmin>
            <ymax>84</ymax>
            <ymin>76</ymin>
        </bndbox>
        <type>3</type>
        <direction>2</direction>
        <previous>27</previous>
    </vehicle>
    <vehicle>
        <id>28</id>
        <bndbox>
            <xmax>80</xmax>
            <xmin>64</xmin>
            <ymax>77</ymax>
            <ymin>67</ymin>
        </bndbox>
        <type>5</type>
        <direction>2</direction>
        <previous>0</previous>
    </vehicle>
    <vehicle>
        <id>29</id>
        <bndbox>
            <xmax>98</xmax>
            <xmin>79</xmin>
            <ymax>76</ymax>
            <ymin>63</ymin>
        </bndbox>
        <type>5</type>
        <direction>2</direction>
        <previous>0</previous>
    </vehicle>
</annotation>
