<annotation>
    <video>164-20160223-09.avi</video>
    <frame>000082</frame>
    <time>2016/02/23 10:02:48</time>
    <width>352</width>
    <height>240</height>
    <weather>1</weather>
    <facing>3</facing>
    <flow>1</flow>
    <vehicle>
        <id>1</id>
        <bndbox>
            <xmax>80</xmax>
            <xmin>47</xmin>
            <ymax>135</ymax>
            <ymin>110</ymin>
        </bndbox>
        <type>4</type>
        <direction>2</direction>
        <previous>1</previous>
    </vehicle>
    <vehicle>
        <id>2</id>
        <bndbox>
            <xmax>91</xmax>
            <xmin>71</xmin>
            <ymax>116</ymax>
            <ymin>96</ymin>
        </bndbox>
        <type>3</type>
        <direction>2</direction>
        <previous>2</previous>
    </vehicle>
    <vehicle>
        <id>3</id>
        <bndbox>
            <xmax>14</xmax>
            <xmin>0</xmin>
            <ymax>154</ymax>
            <ymin>130</ymin>
        </bndbox>
        <type>7</type>
        <direction>2</direction>
        <previous>3</previous>
    </vehicle>
    <vehicle>
        <id>4</id>
        <bndbox>
            <xmax>43</xmax>
            <xmin>10</xmin>
            <ymax>141</ymax>
            <ymin>115</ymin>
        </bndbox>
        <type>7</type>
        <direction>2</direction>
        <previous>4</previous>
    </vehicle>
    <vehicle>
        <id>5</id>
        <bndbox>
            <xmax>57</xmax>
            <xmin>37</xmin>
            <ymax>121</ymax>
            <ymin>106</ymin>
        </bndbox>
        <type>3</type>
        <direction>2</direction>
        <previous>5</previous>
    </vehicle>
    <vehicle>
        <id>6</id>
        <bndbox>
            <xmax>76</xmax>
            <xmin>57</xmin>
            <ymax>110</ymax>
            <ymin>94</ymin>
        </bndbox>
        <type>3</type>
        <direction>2</direction>
        <previous>6</previous>
    </vehicle>
    <vehicle>
        <id>7</id>
        <bndbox>
            <xmax>97</xmax>
            <xmin>77</xmin>
            <ymax>96</ymax>
            <ymin>81</ymin>
        </bndbox>
        <type>3</type>
        <direction>2</direction>
        <previous>7</previous>
    </vehicle>
    <vehicle>
        <id>8</id>
        <bndbox>
            <xmax>125</xmax>
            <xmin>106</xmin>
            <ymax>79</ymax>
            <ymin>68</ymin>
        </bndbox>
        <type>7</type>
        <direction>2</direction>
        <previous>8</previous>
    </vehicle>
    <vehicle>
        <id>9</id>
        <bndbox>
            <xmax>134</xmax>
            <xmin>125</xmin>
            <ymax>74</ymax>
            <ymin>66</ymin>
        </bndbox>
        <type>3</type>
        <direction>2</direction>
        <previous>9</previous>
    </vehicle>
    <vehicle>
        <id>10</id>
        <bndbox>
            <xmax>115</xmax>
            <xmin>107</xmin>
            <ymax>74</ymax>
            <ymin>65</ymin>
        </bndbox>
        <type>7</type>
        <direction>2</direction>
        <previous>10</previous>
    </vehicle>
    <vehicle>
        <id>11</id>
        <bndbox>
            <xmax>18</xmax>
            <xmin>0</xmin>
            <ymax>135</ymax>
            <ymin>118</ymin>
        </bndbox>
        <type>2</type>
        <direction>2</direction>
        <previous>11</previous>
    </vehicle>
    <vehicle>
        <id>12</id>
        <bndbox>
            <xmax>41</xmax>
            <xmin>10</xmin>
            <ymax>120</ymax>
            <ymin>103</ymin>
        </bndbox>
        <type>4</type>
        <direction>2</direction>
        <previous>12</previous>
    </vehicle>
    <vehicle>
        <id>13</id>
        <bndbox>
            <xmax>59</xmax>
            <xmin>38</xmin>
            <ymax>106</ymax>
            <ymin>93</ymin>
        </bndbox>
        <type>3</type>
        <direction>2</direction>
        <previous>13</previous>
    </vehicle>
    <vehicle>
        <id>14</id>
        <bndbox>
            <xmax>75</xmax>
            <xmin>58</xmin>
            <ymax>97</ymax>
            <ymin>85</ymin>
        </bndbox>
        <type>3</type>
        <direction>2</direction>
        <previous>14</previous>
    </vehicle>
    <vehicle>
        <id>15</id>
        <bndbox>
            <xmax>107</xmax>
            <xmin>82</xmin>
            <ymax>86</ymax>
            <ymin>65</ymin>
        </bndbox>
        <type>5</type>
        <direction>2</direction>
        <previous>15</previous>
    </vehicle>
    <vehicle>
        <id>16</id>
        <bndbox>
            <xmax>7</xmax>
            <xmin>0</xmin>
            <ymax>118</ymax>
            <ymin>101</ymin>
        </bndbox>
        <type>7</type>
        <direction>2</direction>
        <previous>16</previous>
    </vehicle>
    <vehicle>
        <id>17</id>
        <bndbox>
            <xmax>44</xmax>
            <xmin>17</xmin>
            <ymax>105</ymax>
            <ymin>88</ymin>
        </bndbox>
        <type>5</type>
        <direction>2</direction>
        <previous>17</previous>
    </vehicle>
    <vehicle>
        <id>18</id>
        <bndbox>
            <xmax>60</xmax>
            <xmin>43</xmin>
            <ymax>94</ymax>
            <ymin>83</ymin>
        </bndbox>
        <type>7</type>
        <direction>2</direction>
        <previous>18</previous>
    </vehicle>
    <vehicle>
        <id>19</id>
        <bndbox>
            <xmax>70</xmax>
            <xmin>59</xmin>
            <ymax>87</ymax>
            <ymin>79</ymin>
        </bndbox>
        <type>2</type>
        <direction>2</direction>
        <previous>19</previous>
    </vehicle>
    <vehicle>
        <id>20</id>
        <bndbox>
            <xmax>84</xmax>
            <xmin>70</xmin>
            <ymax>88</ymax>
            <ymin>77</ymin>
        </bndbox>
        <type>7</type>
        <direction>2</direction>
        <previous>20</previous>
    </vehicle>
    <vehicle>
        <id>21</id>
        <bndbox>
            <xmax>26</xmax>
            <xmin>5</xmin>
            <ymax>105</ymax>
            <ymin>89</ymin>
        </bndbox>
        <type>3</type>
        <direction>2</direction>
        <previous>21</previous>
    </vehicle>
    <vehicle>
        <id>22</id>
        <bndbox>
            <xmax>61</xmax>
            <xmin>45</xmin>
            <ymax>85</ymax>
            <ymin>77</ymin>
        </bndbox>
        <type>2</type>
        <direction>2</direction>
        <previous>22</previous>
    </vehicle>
    <vehicle>
        <id>23</id>
        <bndbox>
            <xmax>72</xmax>
            <xmin>60</xmin>
            <ymax>79</ymax>
            <ymin>68</ymin>
        </bndbox>
        <type>7</type>
        <direction>2</direction>
        <previous>23</previous>
    </vehicle>
    <vehicle>
        <id>24</id>
        <bndbox>
            <xmax>116</xmax>
            <xmin>99</xmin>
            <ymax>71</ymax>
            <ymin>61</ymin>
        </bndbox>
        <type>5</type>
        <direction>2</direction>
        <previous>0</previous>
    </vehicle>
    <vehicle>
        <id>25</id>
        <bndbox>
            <xmax>167</xmax>
            <xmin>157</xmin>
            <ymax>70</ymax>
            <ymin>63</ymin>
        </bndbox>
        <type>3</type>
        <direction>1</direction>
        <previous>0</previous>
    </vehicle>
    <vehicle>
        <id>26</id>
        <bndbox>
            <xmax>214</xmax>
            <xmin>191</xmin>
            <ymax>89</ymax>
            <ymin>76</ymin>
        </bndbox>
        <type>7</type>
        <direction>1</direction>
        <previous>0</previous>
    </vehicle>
    <vehicle>
        <id>27</id>
        <bndbox>
            <xmax>288</xmax>
            <xmin>257</xmin>
            <ymax>109</ymax>
            <ymin>92</ymin>
        </bndbox>
        <type>2</type>
        <direction>1</direction>
        <previous>0</previous>
    </vehicle>
    <vehicle>
        <id>28</id>
        <bndbox>
            <xmax>339</xmax>
            <xmin>287</xmin>
            <ymax>165</ymax>
            <ymin>127</ymin>
        </bndbox>
        <type>4</type>
        <direction>7</direction>
        <previous>0</previous>
    </vehicle>
    <vehicle>
        <id>29</id>
        <bndbox>
            <xmax>279</xmax>
            <xmin>194</xmin>
            <ymax>191</ymax>
            <ymin>160</ymin>
        </bndbox>
        <type>3</type>
        <direction>7</direction>
        <previous>0</previous>
    </vehicle>
    <vehicle>
        <id>30</id>
        <bndbox>
            <xmax>282</xmax>
            <xmin>127</xmin>
            <ymax>237</ymax>
            <ymin>174</ymin>
        </bndbox>
        <type>7</type>
        <direction>4</direction>
        <previous>0</previous>
    </vehicle>
    <vehicle>
        <id>31</id>
        <bndbox>
            <xmax>143</xmax>
            <xmin>134</xmin>
            <ymax>66</ymax>
            <ymin>58</ymin>
        </bndbox>
        <type>3</type>
        <direction>2</direction>
        <previous>0</previous>
    </vehicle>
    <vehicle>
        <id>32</id>
        <bndbox>
            <xmax>130</xmax>
            <xmin>119</xmin>
            <ymax>67</ymax>
            <ymin>57</ymin>
        </bndbox>
        <type>3</type>
        <direction>2</direction>
        <previous>0</previous>
    </vehicle>
</annotation>
