<annotation>
    <video>164-20160223-09.avi</video>
    <frame>000036</frame>
    <time>2016/02/23 09:44:33</time>
    <width>352</width>
    <height>240</height>
    <weather>1</weather>
    <facing>3</facing>
    <flow>1</flow>
    <vehicle>
        <id>1</id>
        <bndbox>
            <xmax>55</xmax>
            <xmin>22</xmin>
            <ymax>163</ymax>
            <ymin>127</ymin>
        </bndbox>
        <type>3</type>
        <direction>8</direction>
        <previous>9</previous>
    </vehicle>
    <vehicle>
        <id>2</id>
        <bndbox>
            <xmax>73</xmax>
            <xmin>39</xmin>
            <ymax>137</ymax>
            <ymin>109</ymin>
        </bndbox>
        <type>7</type>
        <direction>2</direction>
        <previous>10</previous>
    </vehicle>
    <vehicle>
        <id>3</id>
        <bndbox>
            <xmax>83</xmax>
            <xmin>66</xmin>
            <ymax>121</ymax>
            <ymin>104</ymin>
        </bndbox>
        <type>2</type>
        <direction>2</direction>
        <previous>11</previous>
    </vehicle>
    <vehicle>
        <id>4</id>
        <bndbox>
            <xmax>112</xmax>
            <xmin>89</xmin>
            <ymax>99</ymax>
            <ymin>79</ymin>
        </bndbox>
        <type>5</type>
        <direction>2</direction>
        <previous>12</previous>
    </vehicle>
    <vehicle>
        <id>5</id>
        <bndbox>
            <xmax>65</xmax>
            <xmin>0</xmin>
            <ymax>150</ymax>
            <ymin>98</ymin>
        </bndbox>
        <type>6</type>
        <direction>2</direction>
        <previous>13</previous>
    </vehicle>
    <vehicle>
        <id>6</id>
        <bndbox>
            <xmax>82</xmax>
            <xmin>65</xmin>
            <ymax>103</ymax>
            <ymin>90</ymin>
        </bndbox>
        <type>3</type>
        <direction>2</direction>
        <previous>14</previous>
    </vehicle>
    <vehicle>
        <id>7</id>
        <bndbox>
            <xmax>127</xmax>
            <xmin>102</xmin>
            <ymax>84</ymax>
            <ymin>71</ymin>
        </bndbox>
        <type>3</type>
        <direction>2</direction>
        <previous>0</previous>
    </vehicle>
    <vehicle>
        <id>8</id>
        <bndbox>
            <xmax>36</xmax>
            <xmin>11</xmin>
            <ymax>117</ymax>
            <ymin>101</ymin>
        </bndbox>
        <type>2</type>
        <direction>2</direction>
        <previous>17</previous>
    </vehicle>
    <vehicle>
        <id>9</id>
        <bndbox>
            <xmax>61</xmax>
            <xmin>35</xmin>
            <ymax>104</ymax>
            <ymin>90</ymin>
        </bndbox>
        <type>2</type>
        <direction>2</direction>
        <previous>18</previous>
    </vehicle>
    <vehicle>
        <id>10</id>
        <bndbox>
            <xmax>84</xmax>
            <xmin>61</xmin>
            <ymax>97</ymax>
            <ymin>80</ymin>
        </bndbox>
        <type>7</type>
        <direction>2</direction>
        <previous>19</previous>
    </vehicle>
    <vehicle>
        <id>11</id>
        <bndbox>
            <xmax>93</xmax>
            <xmin>76</xmin>
            <ymax>84</ymax>
            <ymin>75</ymin>
        </bndbox>
        <type>3</type>
        <direction>2</direction>
        <previous>21</previous>
    </vehicle>
    <vehicle>
        <id>12</id>
        <bndbox>
            <xmax>98</xmax>
            <xmin>86</xmin>
            <ymax>78</ymax>
            <ymin>71</ymin>
        </bndbox>
        <type>3</type>
        <direction>2</direction>
        <previous>22</previous>
    </vehicle>
    <vehicle>
        <id>13</id>
        <bndbox>
            <xmax>108</xmax>
            <xmin>97</xmin>
            <ymax>74</ymax>
            <ymin>67</ymin>
        </bndbox>
        <type>3</type>
        <direction>2</direction>
        <previous>23</previous>
    </vehicle>
    <vehicle>
        <id>14</id>
        <bndbox>
            <xmax>118</xmax>
            <xmin>108</xmin>
            <ymax>71</ymax>
            <ymin>62</ymin>
        </bndbox>
        <type>3</type>
        <direction>2</direction>
        <previous>0</previous>
    </vehicle>
    <vehicle>
        <id>15</id>
        <bndbox>
            <xmax>12</xmax>
            <xmin>0</xmin>
            <ymax>115</ymax>
            <ymin>102</ymin>
        </bndbox>
        <type>3</type>
        <direction>2</direction>
        <previous>24</previous>
    </vehicle>
    <vehicle>
        <id>16</id>
        <bndbox>
            <xmax>34</xmax>
            <xmin>16</xmin>
            <ymax>104</ymax>
            <ymin>93</ymin>
        </bndbox>
        <type>3</type>
        <direction>2</direction>
        <previous>25</previous>
    </vehicle>
    <vehicle>
        <id>17</id>
        <bndbox>
            <xmax>45</xmax>
            <xmin>31</xmin>
            <ymax>96</ymax>
            <ymin>85</ymin>
        </bndbox>
        <type>3</type>
        <direction>2</direction>
        <previous>26</previous>
    </vehicle>
    <vehicle>
        <id>18</id>
        <bndbox>
            <xmax>67</xmax>
            <xmin>49</xmin>
            <ymax>89</ymax>
            <ymin>77</ymin>
        </bndbox>
        <type>7</type>
        <direction>2</direction>
        <previous>27</previous>
    </vehicle>
    <vehicle>
        <id>19</id>
        <bndbox>
            <xmax>21</xmax>
            <xmin>6</xmin>
            <ymax>101</ymax>
            <ymin>92</ymin>
        </bndbox>
        <type>3</type>
        <direction>2</direction>
        <previous>28</previous>
    </vehicle>
    <vehicle>
        <id>20</id>
        <bndbox>
            <xmax>48</xmax>
            <xmin>35</xmin>
            <ymax>91</ymax>
            <ymin>81</ymin>
        </bndbox>
        <type>3</type>
        <direction>2</direction>
        <previous>29</previous>
    </vehicle>
    <vehicle>
        <id>21</id>
        <bndbox>
            <xmax>72</xmax>
            <xmin>59</xmin>
            <ymax>81</ymax>
            <ymin>72</ymin>
        </bndbox>
        <type>3</type>
        <direction>2</direction>
        <previous>30</previous>
    </vehicle>
    <vehicle>
        <id>22</id>
        <bndbox>
            <xmax>143</xmax>
            <xmin>122</xmin>
            <ymax>72</ymax>
            <ymin>53</ymin>
        </bndbox>
        <type>6</type>
        <direction>2</direction>
        <previous>0</previous>
    </vehicle>
    <vehicle>
        <id>23</id>
        <bndbox>
            <xmax>160</xmax>
            <xmin>152</xmin>
            <ymax>69</ymax>
            <ymin>61</ymin>
        </bndbox>
        <type>3</type>
        <direction>1</direction>
        <previous>0</previous>
    </vehicle>
    <vehicle>
        <id>24</id>
        <bndbox>
            <xmax>174</xmax>
            <xmin>167</xmin>
            <ymax>66</ymax>
            <ymin>61</ymin>
        </bndbox>
        <type>3</type>
        <direction>1</direction>
        <previous>0</previous>
    </vehicle>
    <vehicle>
        <id>25</id>
        <bndbox>
            <xmax>178</xmax>
            <xmin>167</xmin>
            <ymax>75</ymax>
            <ymin>67</ymin>
        </bndbox>
        <type>3</type>
        <direction>1</direction>
        <previous>0</previous>
    </vehicle>
    <vehicle>
        <id>26</id>
        <bndbox>
            <xmax>186</xmax>
            <xmin>176</xmin>
            <ymax>72</ymax>
            <ymin>65</ymin>
        </bndbox>
        <type>2</type>
        <direction>1</direction>
        <previous>0</previous>
    </vehicle>
    <vehicle>
        <id>27</id>
        <bndbox>
            <xmax>220</xmax>
            <xmin>200</xmin>
            <ymax>92</ymax>
            <ymin>81</ymin>
        </bndbox>
        <type>2</type>
        <direction>1</direction>
        <previous>0</previous>
    </vehicle>
    <vehicle>
        <id>28</id>
        <bndbox>
            <xmax>285</xmax>
            <xmin>256</xmin>
            <ymax>109</ymax>
            <ymin>95</ymin>
        </bndbox>
        <type>2</type>
        <direction>1</direction>
        <previous>0</previous>
    </vehicle>
    <vehicle>
        <id>29</id>
        <bndbox>
            <xmax>342</xmax>
            <xmin>260</xmin>
            <ymax>174</ymax>
            <ymin>110</ymin>
        </bndbox>
        <type>8</type>
        <direction>7</direction>
        <previous>0</previous>
    </vehicle>
    <vehicle>
        <id>30</id>
        <bndbox>
            <xmax>317</xmax>
            <xmin>218</xmin>
            <ymax>226</ymax>
            <ymin>178</ymin>
        </bndbox>
        <type>2</type>
        <direction>4</direction>
        <previous>0</previous>
    </vehicle>
    <vehicle>
        <id>31</id>
        <bndbox>
            <xmax>353</xmax>
            <xmin>331</xmin>
            <ymax>241</ymax>
            <ymin>216</ymin>
        </bndbox>
        <type>3</type>
        <direction>4</direction>
        <previous>0</previous>
    </vehicle>
    <vehicle>
        <id>32</id>
        <bndbox>
            <xmax>129</xmax>
            <xmin>37</xmin>
            <ymax>241</ymax>
            <ymin>233</ymin>
        </bndbox>
        <type>3</type>
        <direction>4</direction>
        <previous>0</previous>
    </vehicle>
    <vehicle>
        <id>33</id>
        <bndbox>
            <xmax>23</xmax>
            <xmin>0</xmin>
            <ymax>233</ymax>
            <ymin>196</ymin>
        </bndbox>
        <type>3</type>
        <direction>4</direction>
        <previous>0</previous>
    </vehicle>
    <vehicle>
        <id>34</id>
        <bndbox>
            <xmax>130</xmax>
            <xmin>49</xmin>
            <ymax>201</ymax>
            <ymin>170</ymin>
        </bndbox>
        <type>2</type>
        <direction>4</direction>
        <previous>0</previous>
    </vehicle>
</annotation>
