<annotation>
    <video>164-20160223-09.avi</video>
    <frame>000092</frame>
    <time>2016/02/23 10:06:49</time>
    <width>352</width>
    <height>240</height>
    <weather>1</weather>
    <facing>3</facing>
    <flow>1</flow>
    <vehicle>
        <id>1</id>
        <bndbox>
            <xmax>75</xmax>
            <xmin>35</xmin>
            <ymax>140</ymax>
            <ymin>101</ymin>
        </bndbox>
        <type>5</type>
        <direction>2</direction>
        <previous>0</previous>
    </vehicle>
    <vehicle>
        <id>2</id>
        <bndbox>
            <xmax>95</xmax>
            <xmin>63</xmin>
            <ymax>117</ymax>
            <ymin>83</ymin>
        </bndbox>
        <type>5</type>
        <direction>2</direction>
        <previous>0</previous>
    </vehicle>
    <vehicle>
        <id>3</id>
        <bndbox>
            <xmax>111</xmax>
            <xmin>89</xmin>
            <ymax>95</ymax>
            <ymin>73</ymin>
        </bndbox>
        <type>5</type>
        <direction>2</direction>
        <previous>0</previous>
    </vehicle>
    <vehicle>
        <id>4</id>
        <bndbox>
            <xmax>19</xmax>
            <xmin>0</xmin>
            <ymax>153</ymax>
            <ymin>127</ymin>
        </bndbox>
        <type>2</type>
        <direction>2</direction>
        <previous>0</previous>
    </vehicle>
    <vehicle>
        <id>5</id>
        <bndbox>
            <xmax>68</xmax>
            <xmin>16</xmin>
            <ymax>131</ymax>
            <ymin>85</ymin>
        </bndbox>
        <type>5</type>
        <direction>2</direction>
        <previous>0</previous>
    </vehicle>
    <vehicle>
        <id>6</id>
        <bndbox>
            <xmax>18</xmax>
            <xmin>0</xmin>
            <ymax>128</ymax>
            <ymin>109</ymin>
        </bndbox>
        <type>2</type>
        <direction>2</direction>
        <previous>0</previous>
    </vehicle>
    <vehicle>
        <id>7</id>
        <bndbox>
            <xmax>43</xmax>
            <xmin>19</xmin>
            <ymax>103</ymax>
            <ymin>87</ymin>
        </bndbox>
        <type>7</type>
        <direction>2</direction>
        <previous>0</previous>
    </vehicle>
    <vehicle>
        <id>8</id>
        <bndbox>
            <xmax>14</xmax>
            <xmin>0</xmin>
            <ymax>113</ymax>
            <ymin>84</ymin>
        </bndbox>
        <type>5</type>
        <direction>2</direction>
        <previous>0</previous>
    </vehicle>
    <vehicle>
        <id>9</id>
        <bndbox>
            <xmax>34</xmax>
            <xmin>16</xmin>
            <ymax>97</ymax>
            <ymin>81</ymin>
        </bndbox>
        <type>3</type>
        <direction>2</direction>
        <previous>0</previous>
    </vehicle>
    <vehicle>
        <id>10</id>
        <bndbox>
            <xmax>54</xmax>
            <xmin>35</xmin>
            <ymax>88</ymax>
            <ymin>79</ymin>
        </bndbox>
        <type>3</type>
        <direction>2</direction>
        <previous>0</previous>
    </vehicle>
    <vehicle>
        <id>11</id>
        <bndbox>
            <xmax>75</xmax>
            <xmin>58</xmin>
            <ymax>88</ymax>
            <ymin>79</ymin>
        </bndbox>
        <type>7</type>
        <direction>2</direction>
        <previous>0</previous>
    </vehicle>
    <vehicle>
        <id>12</id>
        <bndbox>
            <xmax>97</xmax>
            <xmin>77</xmin>
            <ymax>80</ymax>
            <ymin>66</ymin>
        </bndbox>
        <type>5</type>
        <direction>2</direction>
        <previous>0</previous>
    </vehicle>
    <vehicle>
        <id>13</id>
        <bndbox>
            <xmax>115</xmax>
            <xmin>102</xmin>
            <ymax>75</ymax>
            <ymin>67</ymin>
        </bndbox>
        <type>3</type>
        <direction>2</direction>
        <previous>0</previous>
    </vehicle>
    <vehicle>
        <id>14</id>
        <bndbox>
            <xmax>136</xmax>
            <xmin>120</xmin>
            <ymax>72</ymax>
            <ymin>58</ymin>
        </bndbox>
        <type>5</type>
        <direction>2</direction>
        <previous>0</previous>
    </vehicle>
    <vehicle>
        <id>15</id>
        <bndbox>
            <xmax>77</xmax>
            <xmin>54</xmin>
            <ymax>83</ymax>
            <ymin>67</ymin>
        </bndbox>
        <type>5</type>
        <direction>2</direction>
        <previous>0</previous>
    </vehicle>
    <vehicle>
        <id>16</id>
        <bndbox>
            <xmax>106</xmax>
            <xmin>87</xmin>
            <ymax>73</ymax>
            <ymin>60</ymin>
        </bndbox>
        <type>5</type>
        <direction>2</direction>
        <previous>0</previous>
    </vehicle>
    <vehicle>
        <id>17</id>
        <bndbox>
            <xmax>333</xmax>
            <xmin>134</xmin>
            <ymax>198</ymax>
            <ymin>130</ymin>
        </bndbox>
        <type>9</type>
        <direction>7</direction>
        <previous>0</previous>
    </vehicle>
    <vehicle>
        <id>18</id>
        <bndbox>
            <xmax>350</xmax>
            <xmin>253</xmin>
            <ymax>233</ymax>
            <ymin>193</ymin>
        </bndbox>
        <type>1</type>
        <direction>4</direction>
        <previous>0</previous>
    </vehicle>
    <vehicle>
        <id>19</id>
        <bndbox>
            <xmax>320</xmax>
            <xmin>216</xmin>
            <ymax>241</ymax>
            <ymin>232</ymin>
        </bndbox>
        <type>3</type>
        <direction>4</direction>
        <previous>0</previous>
    </vehicle>
    <vehicle>
        <id>20</id>
        <bndbox>
            <xmax>113</xmax>
            <xmin>0</xmin>
            <ymax>241</ymax>
            <ymin>223</ymin>
        </bndbox>
        <type>5</type>
        <direction>4</direction>
        <previous>0</previous>
    </vehicle>
    <vehicle>
        <id>21</id>
        <bndbox>
            <xmax>100</xmax>
            <xmin>4</xmin>
            <ymax>226</ymax>
            <ymin>195</ymin>
        </bndbox>
        <type>2</type>
        <direction>4</direction>
        <previous>0</previous>
    </vehicle>
    <vehicle>
        <id>22</id>
        <bndbox>
            <xmax>54</xmax>
            <xmin>0</xmin>
            <ymax>195</ymax>
            <ymin>163</ymin>
        </bndbox>
        <type>3</type>
        <direction>4</direction>
        <previous>0</previous>
    </vehicle>
</annotation>
