<annotation>
    <video>164-20160223-09.avi</video>
    <frame>000025</frame>
    <time>2016/02/23 09:40:11</time>
    <width>352</width>
    <height>240</height>
    <weather>1</weather>
    <facing>3</facing>
    <flow>1</flow>
    <vehicle>
        <id>1</id>
        <bndbox>
            <xmax>62</xmax>
            <xmin>32</xmin>
            <ymax>144</ymax>
            <ymin>119</ymin>
        </bndbox>
        <type>3</type>
        <direction>2</direction>
        <previous>3</previous>
    </vehicle>
    <vehicle>
        <id>2</id>
        <bndbox>
            <xmax>91</xmax>
            <xmin>52</xmin>
            <ymax>125</ymax>
            <ymin>87</ymin>
        </bndbox>
        <type>5</type>
        <direction>2</direction>
        <previous>4</previous>
    </vehicle>
    <vehicle>
        <id>3</id>
        <bndbox>
            <xmax>98</xmax>
            <xmin>86</xmin>
            <ymax>104</ymax>
            <ymin>89</ymin>
        </bndbox>
        <type>3</type>
        <direction>2</direction>
        <previous>5</previous>
    </vehicle>
    <vehicle>
        <id>4</id>
        <bndbox>
            <xmax>109</xmax>
            <xmin>87</xmin>
            <ymax>91</ymax>
            <ymin>77</ymin>
        </bndbox>
        <type>7</type>
        <direction>2</direction>
        <previous>7</previous>
    </vehicle>
    <vehicle>
        <id>5</id>
        <bndbox>
            <xmax>28</xmax>
            <xmin>0</xmin>
            <ymax>149</ymax>
            <ymin>123</ymin>
        </bndbox>
        <type>2</type>
        <direction>2</direction>
        <previous>8</previous>
    </vehicle>
    <vehicle>
        <id>6</id>
        <bndbox>
            <xmax>55</xmax>
            <xmin>26</xmin>
            <ymax>129</ymax>
            <ymin>108</ymin>
        </bndbox>
        <type>3</type>
        <direction>2</direction>
        <previous>9</previous>
    </vehicle>
    <vehicle>
        <id>7</id>
        <bndbox>
            <xmax>32</xmax>
            <xmin>8</xmin>
            <ymax>126</ymax>
            <ymin>112</ymin>
        </bndbox>
        <type>3</type>
        <direction>2</direction>
        <previous>10</previous>
    </vehicle>
    <vehicle>
        <id>8</id>
        <bndbox>
            <xmax>53</xmax>
            <xmin>23</xmin>
            <ymax>113</ymax>
            <ymin>89</ymin>
        </bndbox>
        <type>7</type>
        <direction>2</direction>
        <previous>11</previous>
    </vehicle>
    <vehicle>
        <id>9</id>
        <bndbox>
            <xmax>67</xmax>
            <xmin>51</xmin>
            <ymax>97</ymax>
            <ymin>87</ymin>
        </bndbox>
        <type>3</type>
        <direction>2</direction>
        <previous>12</previous>
    </vehicle>
    <vehicle>
        <id>10</id>
        <bndbox>
            <xmax>64</xmax>
            <xmin>16</xmin>
            <ymax>103</ymax>
            <ymin>74</ymin>
        </bndbox>
        <type>9</type>
        <direction>2</direction>
        <previous>13</previous>
    </vehicle>
    <vehicle>
        <id>11</id>
        <bndbox>
            <xmax>100</xmax>
            <xmin>64</xmin>
            <ymax>88</ymax>
            <ymin>67</ymin>
        </bndbox>
        <type>5</type>
        <direction>2</direction>
        <previous>14</previous>
    </vehicle>
    <vehicle>
        <id>12</id>
        <bndbox>
            <xmax>40</xmax>
            <xmin>0</xmin>
            <ymax>107</ymax>
            <ymin>77</ymin>
        </bndbox>
        <type>9</type>
        <direction>2</direction>
        <previous>15</previous>
    </vehicle>
    <vehicle>
        <id>13</id>
        <bndbox>
            <xmax>132</xmax>
            <xmin>122</xmin>
            <ymax>73</ymax>
            <ymin>66</ymin>
        </bndbox>
        <type>3</type>
        <direction>2</direction>
        <previous>0</previous>
    </vehicle>
    <vehicle>
        <id>14</id>
        <bndbox>
            <xmax>142</xmax>
            <xmin>132</xmin>
            <ymax>68</ymax>
            <ymin>62</ymin>
        </bndbox>
        <type>3</type>
        <direction>2</direction>
        <previous>0</previous>
    </vehicle>
    <vehicle>
        <id>15</id>
        <bndbox>
            <xmax>125</xmax>
            <xmin>104</xmin>
            <ymax>76</ymax>
            <ymin>58</ymin>
        </bndbox>
        <type>5</type>
        <direction>2</direction>
        <previous>0</previous>
    </vehicle>
    <vehicle>
        <id>16</id>
        <bndbox>
            <xmax>168</xmax>
            <xmin>154</xmin>
            <ymax>72</ymax>
            <ymin>59</ymin>
        </bndbox>
        <type>6</type>
        <direction>1</direction>
        <previous>0</previous>
    </vehicle>
    <vehicle>
        <id>17</id>
        <bndbox>
            <xmax>175</xmax>
            <xmin>169</xmin>
            <ymax>67</ymax>
            <ymin>62</ymin>
        </bndbox>
        <type>3</type>
        <direction>1</direction>
        <previous>0</previous>
    </vehicle>
    <vehicle>
        <id>18</id>
        <bndbox>
            <xmax>188</xmax>
            <xmin>175</xmin>
            <ymax>73</ymax>
            <ymin>65</ymin>
        </bndbox>
        <type>2</type>
        <direction>1</direction>
        <previous>0</previous>
    </vehicle>
    <vehicle>
        <id>19</id>
        <bndbox>
            <xmax>197</xmax>
            <xmin>182</xmin>
            <ymax>84</ymax>
            <ymin>73</ymin>
        </bndbox>
        <type>3</type>
        <direction>1</direction>
        <previous>0</previous>
    </vehicle>
    <vehicle>
        <id>20</id>
        <bndbox>
            <xmax>309</xmax>
            <xmin>271</xmin>
            <ymax>131</ymax>
            <ymin>109</ymin>
        </bndbox>
        <type>2</type>
        <direction>1</direction>
        <previous>0</previous>
    </vehicle>
    <vehicle>
        <id>21</id>
        <bndbox>
            <xmax>351</xmax>
            <xmin>316</xmin>
            <ymax>122</ymax>
            <ymin>105</ymin>
        </bndbox>
        <type>2</type>
        <direction>1</direction>
        <previous>0</previous>
    </vehicle>
    <vehicle>
        <id>22</id>
        <bndbox>
            <xmax>302</xmax>
            <xmin>228</xmin>
            <ymax>194</ymax>
            <ymin>158</ymin>
        </bndbox>
        <type>3</type>
        <direction>7</direction>
        <previous>0</previous>
    </vehicle>
    <vehicle>
        <id>23</id>
        <bndbox>
            <xmax>237</xmax>
            <xmin>136</xmin>
            <ymax>239</ymax>
            <ymin>198</ymin>
        </bndbox>
        <type>3</type>
        <direction>4</direction>
        <previous>0</previous>
    </vehicle>
    <vehicle>
        <id>24</id>
        <bndbox>
            <xmax>186</xmax>
            <xmin>58</xmin>
            <ymax>207</ymax>
            <ymin>155</ymin>
        </bndbox>
        <type>5</type>
        <direction>4</direction>
        <previous>0</previous>
    </vehicle>
    <vehicle>
        <id>25</id>
        <bndbox>
            <xmax>21</xmax>
            <xmin>0</xmin>
            <ymax>204</ymax>
            <ymin>179</ymin>
        </bndbox>
        <type>3</type>
        <direction>4</direction>
        <previous>0</previous>
    </vehicle>
    <vehicle>
        <id>26</id>
        <bndbox>
            <xmax>15</xmax>
            <xmin>0</xmin>
            <ymax>180</ymax>
            <ymin>161</ymin>
        </bndbox>
        <type>1</type>
        <direction>4</direction>
        <previous>0</previous>
    </vehicle>
    <passengers>
        <id>1</id>
        <bndbox>
            <xmax>286</xmax>
            <xmin>276</xmin>
            <ymax>147</ymax>
            <ymin>126</ymin>
        </bndbox>
    </passengers>
</annotation>
