<annotation>
    <video>164-20160223-09.avi</video>
    <frame>000080</frame>
    <time>2016/02/23 10:02:01</time>
    <width>352</width>
    <height>240</height>
    <weather>1</weather>
    <facing>3</facing>
    <flow>2</flow>
    <vehicle>
        <id>1</id>
        <bndbox>
            <xmax>163</xmax>
            <xmin>155</xmin>
            <ymax>67</ymax>
            <ymin>60</ymin>
        </bndbox>
        <type>3</type>
        <direction>1</direction>
        <previous>0</previous>
    </vehicle>
    <vehicle>
        <id>2</id>
        <bndbox>
            <xmax>194</xmax>
            <xmin>175</xmin>
            <ymax>83</ymax>
            <ymin>72</ymin>
        </bndbox>
        <type>7</type>
        <direction>1</direction>
        <previous>0</previous>
    </vehicle>
    <vehicle>
        <id>3</id>
        <bndbox>
            <xmax>224</xmax>
            <xmin>194</xmin>
            <ymax>82</ymax>
            <ymin>68</ymin>
        </bndbox>
        <type>5</type>
        <direction>1</direction>
        <previous>0</previous>
    </vehicle>
    <vehicle>
        <id>4</id>
        <bndbox>
            <xmax>234</xmax>
            <xmin>207</xmin>
            <ymax>95</ymax>
            <ymin>80</ymin>
        </bndbox>
        <type>7</type>
        <direction>1</direction>
        <previous>0</previous>
    </vehicle>
    <vehicle>
        <id>5</id>
        <bndbox>
            <xmax>267</xmax>
            <xmin>248</xmin>
            <ymax>96</ymax>
            <ymin>85</ymin>
        </bndbox>
        <type>3</type>
        <direction>1</direction>
        <previous>0</previous>
    </vehicle>
    <vehicle>
        <id>6</id>
        <bndbox>
            <xmax>284</xmax>
            <xmin>252</xmin>
            <ymax>105</ymax>
            <ymin>92</ymin>
        </bndbox>
        <type>1</type>
        <direction>1</direction>
        <previous>0</previous>
    </vehicle>
    <vehicle>
        <id>7</id>
        <bndbox>
            <xmax>349</xmax>
            <xmin>212</xmin>
            <ymax>205</ymax>
            <ymin>147</ymin>
        </bndbox>
        <type>5</type>
        <direction>4</direction>
        <previous>4</previous>
    </vehicle>
    <vehicle>
        <id>8</id>
        <bndbox>
            <xmax>353</xmax>
            <xmin>275</xmin>
            <ymax>241</ymax>
            <ymin>216</ymin>
        </bndbox>
        <type>7</type>
        <direction>4</direction>
        <previous>5</previous>
    </vehicle>
    <vehicle>
        <id>9</id>
        <bndbox>
            <xmax>219</xmax>
            <xmin>102</xmin>
            <ymax>241</ymax>
            <ymin>217</ymin>
        </bndbox>
        <type>3</type>
        <direction>4</direction>
        <previous>7</previous>
    </vehicle>
    <vehicle>
        <id>10</id>
        <bndbox>
            <xmax>310</xmax>
            <xmin>77</xmin>
            <ymax>238</ymax>
            <ymin>135</ymin>
        </bndbox>
        <type>6</type>
        <direction>4</direction>
        <previous>8</previous>
    </vehicle>
    <vehicle>
        <id>11</id>
        <bndbox>
            <xmax>62</xmax>
            <xmin>0</xmin>
            <ymax>241</ymax>
            <ymin>187</ymin>
        </bndbox>
        <type>3</type>
        <direction>4</direction>
        <previous>0</previous>
    </vehicle>
    <vehicle>
        <id>12</id>
        <bndbox>
            <xmax>54</xmax>
            <xmin>8</xmin>
            <ymax>200</ymax>
            <ymin>155</ymin>
        </bndbox>
        <type>7</type>
        <direction>8</direction>
        <previous>0</previous>
    </vehicle>
    <vehicle>
        <id>13</id>
        <bndbox>
            <xmax>81</xmax>
            <xmin>43</xmin>
            <ymax>179</ymax>
            <ymin>146</ymin>
        </bndbox>
        <type>4</type>
        <direction>8</direction>
        <previous>0</previous>
    </vehicle>
    <vehicle>
        <id>14</id>
        <bndbox>
            <xmax>49</xmax>
            <xmin>15</xmin>
            <ymax>163</ymax>
            <ymin>128</ymin>
        </bndbox>
        <type>7</type>
        <direction>2</direction>
        <previous>0</previous>
    </vehicle>
    <vehicle>
        <id>15</id>
        <bndbox>
            <xmax>94</xmax>
            <xmin>70</xmin>
            <ymax>116</ymax>
            <ymin>96</ymin>
        </bndbox>
        <type>3</type>
        <direction>2</direction>
        <previous>0</previous>
    </vehicle>
    <vehicle>
        <id>16</id>
        <bndbox>
            <xmax>144</xmax>
            <xmin>133</xmin>
            <ymax>68</ymax>
            <ymin>61</ymin>
        </bndbox>
        <type>3</type>
        <direction>2</direction>
        <previous>0</previous>
    </vehicle>
    <vehicle>
        <id>17</id>
        <bndbox>
            <xmax>42</xmax>
            <xmin>9</xmin>
            <ymax>143</ymax>
            <ymin>115</ymin>
        </bndbox>
        <type>2</type>
        <direction>2</direction>
        <previous>0</previous>
    </vehicle>
    <vehicle>
        <id>18</id>
        <bndbox>
            <xmax>65</xmax>
            <xmin>40</xmin>
            <ymax>121</ymax>
            <ymin>102</ymin>
        </bndbox>
        <type>3</type>
        <direction>2</direction>
        <previous>0</previous>
    </vehicle>
    <vehicle>
        <id>19</id>
        <bndbox>
            <xmax>83</xmax>
            <xmin>63</xmin>
            <ymax>107</ymax>
            <ymin>90</ymin>
        </bndbox>
        <type>2</type>
        <direction>2</direction>
        <previous>0</previous>
    </vehicle>
    <vehicle>
        <id>20</id>
        <bndbox>
            <xmax>104</xmax>
            <xmin>83</xmin>
            <ymax>92</ymax>
            <ymin>79</ymin>
        </bndbox>
        <type>2</type>
        <direction>2</direction>
        <previous>0</previous>
    </vehicle>
    <vehicle>
        <id>21</id>
        <bndbox>
            <xmax>126</xmax>
            <xmin>112</xmin>
            <ymax>78</ymax>
            <ymin>69</ymin>
        </bndbox>
        <type>3</type>
        <direction>2</direction>
        <previous>0</previous>
    </vehicle>
    <vehicle>
        <id>22</id>
        <bndbox>
            <xmax>22</xmax>
            <xmin>0</xmin>
            <ymax>132</ymax>
            <ymin>99</ymin>
        </bndbox>
        <type>5</type>
        <direction>2</direction>
        <previous>0</previous>
    </vehicle>
    <vehicle>
        <id>23</id>
        <bndbox>
            <xmax>61</xmax>
            <xmin>36</xmin>
            <ymax>110</ymax>
            <ymin>95</ymin>
        </bndbox>
        <type>2</type>
        <direction>2</direction>
        <previous>0</previous>
    </vehicle>
    <vehicle>
        <id>24</id>
        <bndbox>
            <xmax>34</xmax>
            <xmin>12</xmin>
            <ymax>101</ymax>
            <ymin>87</ymin>
        </bndbox>
        <type>3</type>
        <direction>2</direction>
        <previous>0</previous>
    </vehicle>
    <vehicle>
        <id>25</id>
        <bndbox>
            <xmax>62</xmax>
            <xmin>39</xmin>
            <ymax>92</ymax>
            <ymin>80</ymin>
        </bndbox>
        <type>2</type>
        <direction>2</direction>
        <previous>0</previous>
    </vehicle>
    <vehicle>
        <id>26</id>
        <bndbox>
            <xmax>82</xmax>
            <xmin>64</xmin>
            <ymax>83</ymax>
            <ymin>70</ymin>
        </bndbox>
        <type>7</type>
        <direction>2</direction>
        <previous>0</previous>
    </vehicle>
    <vehicle>
        <id>27</id>
        <bndbox>
            <xmax>103</xmax>
            <xmin>88</xmin>
            <ymax>77</ymax>
            <ymin>67</ymin>
        </bndbox>
        <type>3</type>
        <direction>2</direction>
        <previous>0</previous>
    </vehicle>
</annotation>
