<annotation>
    <video>164-20160223-09.avi</video>
    <frame>000051</frame>
    <time>2016/02/23 09:50:32</time>
    <width>352</width>
    <height>240</height>
    <weather>1</weather>
    <facing>3</facing>
    <flow>1</flow>
    <vehicle>
        <id>1</id>
        <bndbox>
            <xmax>353</xmax>
            <xmin>174</xmin>
            <ymax>225</ymax>
            <ymin>135</ymin>
        </bndbox>
        <type>6</type>
        <direction>4</direction>
        <previous>0</previous>
    </vehicle>
    <vehicle>
        <id>2</id>
        <bndbox>
            <xmax>14</xmax>
            <xmin>0</xmin>
            <ymax>213</ymax>
            <ymin>182</ymin>
        </bndbox>
        <type>3</type>
        <direction>4</direction>
        <previous>0</previous>
    </vehicle>
    <vehicle>
        <id>3</id>
        <bndbox>
            <xmax>66</xmax>
            <xmin>0</xmin>
            <ymax>195</ymax>
            <ymin>166</ymin>
        </bndbox>
        <type>2</type>
        <direction>4</direction>
        <previous>0</previous>
    </vehicle>
    <vehicle>
        <id>4</id>
        <bndbox>
            <xmax>63</xmax>
            <xmin>32</xmin>
            <ymax>174</ymax>
            <ymin>138</ymin>
        </bndbox>
        <type>3</type>
        <direction>8</direction>
        <previous>0</previous>
    </vehicle>
    <vehicle>
        <id>5</id>
        <bndbox>
            <xmax>89</xmax>
            <xmin>45</xmin>
            <ymax>135</ymax>
            <ymin>87</ymin>
        </bndbox>
        <type>5</type>
        <direction>2</direction>
        <previous>0</previous>
    </vehicle>
    <vehicle>
        <id>6</id>
        <bndbox>
            <xmax>55</xmax>
            <xmin>30</xmin>
            <ymax>143</ymax>
            <ymin>115</ymin>
        </bndbox>
        <type>3</type>
        <direction>2</direction>
        <previous>0</previous>
    </vehicle>
    <vehicle>
        <id>7</id>
        <bndbox>
            <xmax>96</xmax>
            <xmin>89</xmin>
            <ymax>110</ymax>
            <ymin>94</ymin>
        </bndbox>
        <type>2</type>
        <direction>2</direction>
        <previous>0</previous>
    </vehicle>
    <vehicle>
        <id>8</id>
        <bndbox>
            <xmax>110</xmax>
            <xmin>98</xmin>
            <ymax>93</ymax>
            <ymin>82</ymin>
        </bndbox>
        <type>2</type>
        <direction>2</direction>
        <previous>0</previous>
    </vehicle>
    <vehicle>
        <id>9</id>
        <bndbox>
            <xmax>119</xmax>
            <xmin>108</xmin>
            <ymax>86</ymax>
            <ymin>78</ymin>
        </bndbox>
        <type>2</type>
        <direction>2</direction>
        <previous>0</previous>
    </vehicle>
    <vehicle>
        <id>10</id>
        <bndbox>
            <xmax>129</xmax>
            <xmin>116</xmin>
            <ymax>82</ymax>
            <ymin>72</ymin>
        </bndbox>
        <type>2</type>
        <direction>2</direction>
        <previous>0</previous>
    </vehicle>
    <vehicle>
        <id>11</id>
        <bndbox>
            <xmax>135</xmax>
            <xmin>127</xmin>
            <ymax>74</ymax>
            <ymin>66</ymin>
        </bndbox>
        <type>3</type>
        <direction>2</direction>
        <previous>0</previous>
    </vehicle>
    <vehicle>
        <id>12</id>
        <bndbox>
            <xmax>140</xmax>
            <xmin>131</xmin>
            <ymax>68</ymax>
            <ymin>62</ymin>
        </bndbox>
        <type>3</type>
        <direction>2</direction>
        <previous>0</previous>
    </vehicle>
    <vehicle>
        <id>13</id>
        <bndbox>
            <xmax>19</xmax>
            <xmin>0</xmin>
            <ymax>163</ymax>
            <ymin>136</ymin>
        </bndbox>
        <type>2</type>
        <direction>2</direction>
        <previous>0</previous>
    </vehicle>
    <vehicle>
        <id>14</id>
        <bndbox>
            <xmax>36</xmax>
            <xmin>10</xmin>
            <ymax>140</ymax>
            <ymin>116</ymin>
        </bndbox>
        <type>1</type>
        <direction>2</direction>
        <previous>0</previous>
    </vehicle>
    <vehicle>
        <id>15</id>
        <bndbox>
            <xmax>96</xmax>
            <xmin>83</xmin>
            <ymax>94</ymax>
            <ymin>83</ymin>
        </bndbox>
        <type>2</type>
        <direction>2</direction>
        <previous>0</previous>
    </vehicle>
    <vehicle>
        <id>16</id>
        <bndbox>
            <xmax>104</xmax>
            <xmin>93</xmin>
            <ymax>88</ymax>
            <ymin>77</ymin>
        </bndbox>
        <type>2</type>
        <direction>2</direction>
        <previous>0</previous>
    </vehicle>
    <vehicle>
        <id>17</id>
        <bndbox>
            <xmax>116</xmax>
            <xmin>105</xmin>
            <ymax>81</ymax>
            <ymin>73</ymin>
        </bndbox>
        <type>2</type>
        <direction>2</direction>
        <previous>0</previous>
    </vehicle>
    <vehicle>
        <id>18</id>
        <bndbox>
            <xmax>126</xmax>
            <xmin>114</xmin>
            <ymax>73</ymax>
            <ymin>62</ymin>
        </bndbox>
        <type>7</type>
        <direction>2</direction>
        <previous>0</previous>
    </vehicle>
    <vehicle>
        <id>19</id>
        <bndbox>
            <xmax>62</xmax>
            <xmin>0</xmin>
            <ymax>134</ymax>
            <ymin>77</ymin>
        </bndbox>
        <type>6</type>
        <direction>2</direction>
        <previous>21</previous>
    </vehicle>
    <vehicle>
        <id>20</id>
        <bndbox>
            <xmax>91</xmax>
            <xmin>60</xmin>
            <ymax>91</ymax>
            <ymin>74</ymin>
        </bndbox>
        <type>5</type>
        <direction>2</direction>
        <previous>22</previous>
    </vehicle>
    <vehicle>
        <id>21</id>
        <bndbox>
            <xmax>74</xmax>
            <xmin>51</xmin>
            <ymax>81</ymax>
            <ymin>67</ymin>
        </bndbox>
        <type>5</type>
        <direction>2</direction>
        <previous>23</previous>
    </vehicle>
    <vehicle>
        <id>22</id>
        <bndbox>
            <xmax>110</xmax>
            <xmin>95</xmin>
            <ymax>77</ymax>
            <ymin>64</ymin>
        </bndbox>
        <type>5</type>
        <direction>2</direction>
        <previous>0</previous>
    </vehicle>
</annotation>
