<annotation>
    <video>164-20160223-09.avi</video>
    <frame>000038</frame>
    <time>2016/02/23 09:45:20</time>
    <width>352</width>
    <height>240</height>
    <weather>1</weather>
    <facing>3</facing>
    <flow>1</flow>
    <vehicle>
        <id>1</id>
        <bndbox>
            <xmax>346</xmax>
            <xmin>288</xmin>
            <ymax>233</ymax>
            <ymin>197</ymin>
        </bndbox>
        <type>2</type>
        <direction>4</direction>
        <previous>0</previous>
    </vehicle>
    <vehicle>
        <id>2</id>
        <bndbox>
            <xmax>256</xmax>
            <xmin>139</xmin>
            <ymax>220</ymax>
            <ymin>151</ymin>
        </bndbox>
        <type>7</type>
        <direction>4</direction>
        <previous>0</previous>
    </vehicle>
    <vehicle>
        <id>3</id>
        <bndbox>
            <xmax>351</xmax>
            <xmin>13</xmin>
            <ymax>241</ymax>
            <ymin>173</ymin>
        </bndbox>
        <type>6</type>
        <direction>4</direction>
        <previous>0</previous>
    </vehicle>
    <vehicle>
        <id>4</id>
        <bndbox>
            <xmax>40</xmax>
            <xmin>0</xmin>
            <ymax>241</ymax>
            <ymin>213</ymin>
        </bndbox>
        <type>2</type>
        <direction>4</direction>
        <previous>0</previous>
    </vehicle>
    <vehicle>
        <id>5</id>
        <bndbox>
            <xmax>102</xmax>
            <xmin>27</xmin>
            <ymax>184</ymax>
            <ymin>126</ymin>
        </bndbox>
        <type>5</type>
        <direction>8</direction>
        <previous>0</previous>
    </vehicle>
    <vehicle>
        <id>6</id>
        <bndbox>
            <xmax>33</xmax>
            <xmin>15</xmin>
            <ymax>160</ymax>
            <ymin>136</ymin>
        </bndbox>
        <type>2</type>
        <direction>2</direction>
        <previous>0</previous>
    </vehicle>
    <vehicle>
        <id>7</id>
        <bndbox>
            <xmax>83</xmax>
            <xmin>7</xmin>
            <ymax>141</ymax>
            <ymin>77</ymin>
        </bndbox>
        <type>6</type>
        <direction>2</direction>
        <previous>0</previous>
    </vehicle>
    <vehicle>
        <id>8</id>
        <bndbox>
            <xmax>96</xmax>
            <xmin>83</xmin>
            <ymax>93</ymax>
            <ymin>81</ymin>
        </bndbox>
        <type>3</type>
        <direction>2</direction>
        <previous>0</previous>
    </vehicle>
    <vehicle>
        <id>9</id>
        <bndbox>
            <xmax>14</xmax>
            <xmin>0</xmin>
            <ymax>130</ymax>
            <ymin>114</ymin>
        </bndbox>
        <type>2</type>
        <direction>2</direction>
        <previous>0</previous>
    </vehicle>
    <vehicle>
        <id>10</id>
        <bndbox>
            <xmax>111</xmax>
            <xmin>96</xmin>
            <ymax>79</ymax>
            <ymin>71</ymin>
        </bndbox>
        <type>3</type>
        <direction>2</direction>
        <previous>0</previous>
    </vehicle>
    <vehicle>
        <id>11</id>
        <bndbox>
            <xmax>101</xmax>
            <xmin>89</xmin>
            <ymax>76</ymax>
            <ymin>68</ymin>
        </bndbox>
        <type>3</type>
        <direction>2</direction>
        <previous>0</previous>
    </vehicle>
    <vehicle>
        <id>12</id>
        <bndbox>
            <xmax>122</xmax>
            <xmin>114</xmin>
            <ymax>70</ymax>
            <ymin>64</ymin>
        </bndbox>
        <type>3</type>
        <direction>2</direction>
        <previous>0</previous>
    </vehicle>
    <vehicle>
        <id>13</id>
        <bndbox>
            <xmax>132</xmax>
            <xmin>124</xmin>
            <ymax>66</ymax>
            <ymin>60</ymin>
        </bndbox>
        <type>3</type>
        <direction>2</direction>
        <previous>0</previous>
    </vehicle>
    <vehicle>
        <id>14</id>
        <bndbox>
            <xmax>148</xmax>
            <xmin>134</xmin>
            <ymax>64</ymax>
            <ymin>52</ymin>
        </bndbox>
        <type>5</type>
        <direction>2</direction>
        <previous>0</previous>
    </vehicle>
    <vehicle>
        <id>15</id>
        <bndbox>
            <xmax>15</xmax>
            <xmin>0</xmin>
            <ymax>109</ymax>
            <ymin>85</ymin>
        </bndbox>
        <type>5</type>
        <direction>2</direction>
        <previous>0</previous>
    </vehicle>
    <vehicle>
        <id>16</id>
        <bndbox>
            <xmax>40</xmax>
            <xmin>17</xmin>
            <ymax>100</ymax>
            <ymin>83</ymin>
        </bndbox>
        <type>7</type>
        <direction>2</direction>
        <previous>0</previous>
    </vehicle>
    <vehicle>
        <id>17</id>
        <bndbox>
            <xmax>107</xmax>
            <xmin>91</xmin>
            <ymax>99</ymax>
            <ymin>86</ymin>
        </bndbox>
        <type>2</type>
        <direction>2</direction>
        <previous>0</previous>
    </vehicle>
</annotation>
