<annotation>
    <video>164-20160223-09.avi</video>
    <frame>000046</frame>
    <time>2016/02/23 09:48:32</time>
    <width>352</width>
    <height>240</height>
    <weather>1</weather>
    <facing>3</facing>
    <flow>2</flow>
    <vehicle>
        <id>1</id>
        <bndbox>
            <xmax>353</xmax>
            <xmin>283</xmin>
            <ymax>197</ymax>
            <ymin>151</ymin>
        </bndbox>
        <type>7</type>
        <direction>4</direction>
        <previous>1</previous>
    </vehicle>
    <vehicle>
        <id>2</id>
        <bndbox>
            <xmax>353</xmax>
            <xmin>287</xmin>
            <ymax>241</ymax>
            <ymin>183</ymin>
        </bndbox>
        <type>5</type>
        <direction>4</direction>
        <previous>2</previous>
    </vehicle>
    <vehicle>
        <id>3</id>
        <bndbox>
            <xmax>277</xmax>
            <xmin>24</xmin>
            <ymax>241</ymax>
            <ymin>220</ymin>
        </bndbox>
        <type>5</type>
        <direction>4</direction>
        <previous>3</previous>
    </vehicle>
    <vehicle>
        <id>4</id>
        <bndbox>
            <xmax>35</xmax>
            <xmin>0</xmin>
            <ymax>241</ymax>
            <ymin>222</ymin>
        </bndbox>
        <type>3</type>
        <direction>4</direction>
        <previous>0</previous>
    </vehicle>
    <vehicle>
        <id>5</id>
        <bndbox>
            <xmax>254</xmax>
            <xmin>38</xmin>
            <ymax>224</ymax>
            <ymin>142</ymin>
        </bndbox>
        <type>5</type>
        <direction>4</direction>
        <previous>4</previous>
    </vehicle>
    <vehicle>
        <id>6</id>
        <bndbox>
            <xmax>258</xmax>
            <xmin>199</xmin>
            <ymax>195</ymax>
            <ymin>164</ymin>
        </bndbox>
        <type>1</type>
        <direction>4</direction>
        <previous>5</previous>
    </vehicle>
    <vehicle>
        <id>7</id>
        <bndbox>
            <xmax>46</xmax>
            <xmin>0</xmin>
            <ymax>222</ymax>
            <ymin>180</ymin>
        </bndbox>
        <type>2</type>
        <direction>4</direction>
        <previous>26</previous>
    </vehicle>
    <vehicle>
        <id>8</id>
        <bndbox>
            <xmax>16</xmax>
            <xmin>0</xmin>
            <ymax>184</ymax>
            <ymin>139</ymin>
        </bndbox>
        <type>7</type>
        <direction>8</direction>
        <previous>6</previous>
    </vehicle>
    <vehicle>
        <id>9</id>
        <bndbox>
            <xmax>67</xmax>
            <xmin>24</xmin>
            <ymax>160</ymax>
            <ymin>108</ymin>
        </bndbox>
        <type>5</type>
        <direction>8</direction>
        <previous>7</previous>
    </vehicle>
    <vehicle>
        <id>10</id>
        <bndbox>
            <xmax>76</xmax>
            <xmin>39</xmin>
            <ymax>128</ymax>
            <ymin>96</ymin>
        </bndbox>
        <type>5</type>
        <direction>2</direction>
        <previous>8</previous>
    </vehicle>
    <vehicle>
        <id>11</id>
        <bndbox>
            <xmax>92</xmax>
            <xmin>73</xmin>
            <ymax>114</ymax>
            <ymin>94</ymin>
        </bndbox>
        <type>7</type>
        <direction>2</direction>
        <previous>9</previous>
    </vehicle>
    <vehicle>
        <id>12</id>
        <bndbox>
            <xmax>103</xmax>
            <xmin>85</xmin>
            <ymax>103</ymax>
            <ymin>88</ymin>
        </bndbox>
        <type>3</type>
        <direction>2</direction>
        <previous>10</previous>
    </vehicle>
    <vehicle>
        <id>13</id>
        <bndbox>
            <xmax>119</xmax>
            <xmin>98</xmin>
            <ymax>92</ymax>
            <ymin>76</ymin>
        </bndbox>
        <type>7</type>
        <direction>2</direction>
        <previous>11</previous>
    </vehicle>
    <vehicle>
        <id>14</id>
        <bndbox>
            <xmax>123</xmax>
            <xmin>114</xmin>
            <ymax>81</ymax>
            <ymin>74</ymin>
        </bndbox>
        <type>3</type>
        <direction>2</direction>
        <previous>0</previous>
    </vehicle>
    <vehicle>
        <id>15</id>
        <bndbox>
            <xmax>139</xmax>
            <xmin>120</xmin>
            <ymax>78</ymax>
            <ymin>59</ymin>
        </bndbox>
        <type>5</type>
        <direction>2</direction>
        <previous>0</previous>
    </vehicle>
    <vehicle>
        <id>16</id>
        <bndbox>
            <xmax>27</xmax>
            <xmin>0</xmin>
            <ymax>142</ymax>
            <ymin>115</ymin>
        </bndbox>
        <type>3</type>
        <direction>2</direction>
        <previous>0</previous>
    </vehicle>
    <vehicle>
        <id>17</id>
        <bndbox>
            <xmax>69</xmax>
            <xmin>30</xmin>
            <ymax>108</ymax>
            <ymin>79</ymin>
        </bndbox>
        <type>5</type>
        <direction>2</direction>
        <previous>0</previous>
    </vehicle>
    <vehicle>
        <id>18</id>
        <bndbox>
            <xmax>98</xmax>
            <xmin>66</xmin>
            <ymax>92</ymax>
            <ymin>64</ymin>
        </bndbox>
        <type>5</type>
        <direction>2</direction>
        <previous>0</previous>
    </vehicle>
    <vehicle>
        <id>19</id>
        <bndbox>
            <xmax>129</xmax>
            <xmin>102</xmin>
            <ymax>75</ymax>
            <ymin>54</ymin>
        </bndbox>
        <type>5</type>
        <direction>2</direction>
        <previous>0</previous>
    </vehicle>
    <vehicle>
        <id>20</id>
        <bndbox>
            <xmax>21</xmax>
            <xmin>0</xmin>
            <ymax>121</ymax>
            <ymin>87</ymin>
        </bndbox>
        <type>6</type>
        <direction>2</direction>
        <previous>0</previous>
    </vehicle>
    <vehicle>
        <id>21</id>
        <bndbox>
            <xmax>43</xmax>
            <xmin>14</xmin>
            <ymax>100</ymax>
            <ymin>75</ymin>
        </bndbox>
        <type>5</type>
        <direction>2</direction>
        <previous>0</previous>
    </vehicle>
</annotation>
