<annotation>
    <video>164-20160223-09.avi</video>
    <frame>000063</frame>
    <time>2016/02/23 09:55:16</time>
    <width>352</width>
    <height>240</height>
    <weather>1</weather>
    <facing>3</facing>
    <flow>1</flow>
    <vehicle>
        <id>1</id>
        <bndbox>
            <xmax>162</xmax>
            <xmin>154</xmin>
            <ymax>66</ymax>
            <ymin>60</ymin>
        </bndbox>
        <type>3</type>
        <direction>1</direction>
        <previous>0</previous>
    </vehicle>
    <vehicle>
        <id>2</id>
        <bndbox>
            <xmax>180</xmax>
            <xmin>164</xmin>
            <ymax>77</ymax>
            <ymin>66</ymin>
        </bndbox>
        <type>7</type>
        <direction>1</direction>
        <previous>0</previous>
    </vehicle>
    <vehicle>
        <id>3</id>
        <bndbox>
            <xmax>224</xmax>
            <xmin>202</xmin>
            <ymax>96</ymax>
            <ymin>84</ymin>
        </bndbox>
        <type>2</type>
        <direction>1</direction>
        <previous>0</previous>
    </vehicle>
    <vehicle>
        <id>4</id>
        <bndbox>
            <xmax>272</xmax>
            <xmin>207</xmin>
            <ymax>99</ymax>
            <ymin>68</ymin>
        </bndbox>
        <type>6</type>
        <direction>1</direction>
        <previous>0</previous>
    </vehicle>
    <vehicle>
        <id>5</id>
        <bndbox>
            <xmax>276</xmax>
            <xmin>247</xmin>
            <ymax>113</ymax>
            <ymin>99</ymin>
        </bndbox>
        <type>3</type>
        <direction>1</direction>
        <previous>0</previous>
    </vehicle>
    <vehicle>
        <id>6</id>
        <bndbox>
            <xmax>344</xmax>
            <xmin>307</xmin>
            <ymax>124</ymax>
            <ymin>106</ymin>
        </bndbox>
        <type>2</type>
        <direction>1</direction>
        <previous>0</previous>
    </vehicle>
    <vehicle>
        <id>7</id>
        <bndbox>
            <xmax>322</xmax>
            <xmin>275</xmin>
            <ymax>169</ymax>
            <ymin>135</ymin>
        </bndbox>
        <type>2</type>
        <direction>7</direction>
        <previous>0</previous>
    </vehicle>
    <vehicle>
        <id>8</id>
        <bndbox>
            <xmax>233</xmax>
            <xmin>149</xmin>
            <ymax>194</ymax>
            <ymin>162</ymin>
        </bndbox>
        <type>3</type>
        <direction>4</direction>
        <previous>0</previous>
    </vehicle>
    <vehicle>
        <id>9</id>
        <bndbox>
            <xmax>238</xmax>
            <xmin>0</xmin>
            <ymax>241</ymax>
            <ymin>167</ymin>
        </bndbox>
        <type>6</type>
        <direction>4</direction>
        <previous>0</previous>
    </vehicle>
    <vehicle>
        <id>10</id>
        <bndbox>
            <xmax>89</xmax>
            <xmin>21</xmin>
            <ymax>194</ymax>
            <ymin>160</ymin>
        </bndbox>
        <type>3</type>
        <direction>4</direction>
        <previous>0</previous>
    </vehicle>
    <vehicle>
        <id>11</id>
        <bndbox>
            <xmax>58</xmax>
            <xmin>24</xmin>
            <ymax>150</ymax>
            <ymin>120</ymin>
        </bndbox>
        <type>2</type>
        <direction>2</direction>
        <previous>5</previous>
    </vehicle>
    <vehicle>
        <id>12</id>
        <bndbox>
            <xmax>78</xmax>
            <xmin>53</xmin>
            <ymax>130</ymax>
            <ymin>110</ymin>
        </bndbox>
        <type>3</type>
        <direction>2</direction>
        <previous>6</previous>
    </vehicle>
    <vehicle>
        <id>13</id>
        <bndbox>
            <xmax>92</xmax>
            <xmin>71</xmin>
            <ymax>117</ymax>
            <ymin>97</ymin>
        </bndbox>
        <type>3</type>
        <direction>2</direction>
        <previous>7</previous>
    </vehicle>
    <vehicle>
        <id>14</id>
        <bndbox>
            <xmax>104</xmax>
            <xmin>88</xmin>
            <ymax>101</ymax>
            <ymin>86</ymin>
        </bndbox>
        <type>2</type>
        <direction>2</direction>
        <previous>8</previous>
    </vehicle>
    <vehicle>
        <id>15</id>
        <bndbox>
            <xmax>106</xmax>
            <xmin>95</xmin>
            <ymax>87</ymax>
            <ymin>77</ymin>
        </bndbox>
        <type>2</type>
        <direction>2</direction>
        <previous>9</previous>
    </vehicle>
    <vehicle>
        <id>16</id>
        <bndbox>
            <xmax>120</xmax>
            <xmin>105</xmin>
            <ymax>88</ymax>
            <ymin>76</ymin>
        </bndbox>
        <type>7</type>
        <direction>2</direction>
        <previous>10</previous>
    </vehicle>
    <vehicle>
        <id>17</id>
        <bndbox>
            <xmax>125</xmax>
            <xmin>116</xmin>
            <ymax>80</ymax>
            <ymin>70</ymin>
        </bndbox>
        <type>3</type>
        <direction>2</direction>
        <previous>0</previous>
    </vehicle>
    <vehicle>
        <id>18</id>
        <bndbox>
            <xmax>146</xmax>
            <xmin>136</xmin>
            <ymax>69</ymax>
            <ymin>61</ymin>
        </bndbox>
        <type>3</type>
        <direction>2</direction>
        <previous>0</previous>
    </vehicle>
    <vehicle>
        <id>19</id>
        <bndbox>
            <xmax>41</xmax>
            <xmin>0</xmin>
            <ymax>150</ymax>
            <ymin>100</ymin>
        </bndbox>
        <type>5</type>
        <direction>2</direction>
        <previous>12</previous>
    </vehicle>
    <vehicle>
        <id>20</id>
        <bndbox>
            <xmax>77</xmax>
            <xmin>37</xmin>
            <ymax>120</ymax>
            <ymin>84</ymin>
        </bndbox>
        <type>5</type>
        <direction>2</direction>
        <previous>13</previous>
    </vehicle>
    <vehicle>
        <id>21</id>
        <bndbox>
            <xmax>98</xmax>
            <xmin>64</xmin>
            <ymax>98</ymax>
            <ymin>72</ymin>
        </bndbox>
        <type>5</type>
        <direction>2</direction>
        <previous>14</previous>
    </vehicle>
    <vehicle>
        <id>22</id>
        <bndbox>
            <xmax>116</xmax>
            <xmin>106</xmin>
            <ymax>78</ymax>
            <ymin>71</ymin>
        </bndbox>
        <type>3</type>
        <direction>2</direction>
        <previous>0</previous>
    </vehicle>
    <vehicle>
        <id>23</id>
        <bndbox>
            <xmax>133</xmax>
            <xmin>116</xmin>
            <ymax>72</ymax>
            <ymin>59</ymin>
        </bndbox>
        <type>5</type>
        <direction>2</direction>
        <previous>0</previous>
    </vehicle>
    <vehicle>
        <id>24</id>
        <bndbox>
            <xmax>115</xmax>
            <xmin>92</xmin>
            <ymax>75</ymax>
            <ymin>62</ymin>
        </bndbox>
        <type>5</type>
        <direction>2</direction>
        <previous>0</previous>
    </vehicle>
    <vehicle>
        <id>25</id>
        <bndbox>
            <xmax>18</xmax>
            <xmin>0</xmin>
            <ymax>113</ymax>
            <ymin>96</ymin>
        </bndbox>
        <type>5</type>
        <direction>2</direction>
        <previous>17</previous>
    </vehicle>
    <vehicle>
        <id>26</id>
        <bndbox>
            <xmax>70</xmax>
            <xmin>17</xmin>
            <ymax>103</ymax>
            <ymin>66</ymin>
        </bndbox>
        <type>6</type>
        <direction>2</direction>
        <previous>0</previous>
    </vehicle>
</annotation>
