<annotation>
    <video>164-20160223-09.avi</video>
    <frame>000084</frame>
    <time>2016/02/23 10:03:37</time>
    <width>352</width>
    <height>240</height>
    <weather>1</weather>
    <facing>3</facing>
    <flow>2</flow>
    <vehicle>
        <id>1</id>
        <bndbox>
            <xmax>162</xmax>
            <xmin>153</xmin>
            <ymax>67</ymax>
            <ymin>55</ymin>
        </bndbox>
        <type>5</type>
        <direction>1</direction>
        <previous>0</previous>
    </vehicle>
    <vehicle>
        <id>2</id>
        <bndbox>
            <xmax>179</xmax>
            <xmin>164</xmin>
            <ymax>66</ymax>
            <ymin>56</ymin>
        </bndbox>
        <type>5</type>
        <direction>1</direction>
        <previous>0</previous>
    </vehicle>
    <vehicle>
        <id>3</id>
        <bndbox>
            <xmax>178</xmax>
            <xmin>165</xmin>
            <ymax>76</ymax>
            <ymin>68</ymin>
        </bndbox>
        <type>3</type>
        <direction>1</direction>
        <previous>0</previous>
    </vehicle>
    <vehicle>
        <id>4</id>
        <bndbox>
            <xmax>227</xmax>
            <xmin>206</xmin>
            <ymax>95</ymax>
            <ymin>82</ymin>
        </bndbox>
        <type>3</type>
        <direction>1</direction>
        <previous>0</previous>
    </vehicle>
    <vehicle>
        <id>5</id>
        <bndbox>
            <xmax>250</xmax>
            <xmin>209</xmin>
            <ymax>92</ymax>
            <ymin>70</ymin>
        </bndbox>
        <type>6</type>
        <direction>1</direction>
        <previous>0</previous>
    </vehicle>
    <vehicle>
        <id>6</id>
        <bndbox>
            <xmax>321</xmax>
            <xmin>280</xmin>
            <ymax>112</ymax>
            <ymin>95</ymin>
        </bndbox>
        <type>2</type>
        <direction>1</direction>
        <previous>0</previous>
    </vehicle>
    <vehicle>
        <id>7</id>
        <bndbox>
            <xmax>313</xmax>
            <xmin>234</xmin>
            <ymax>200</ymax>
            <ymin>166</ymin>
        </bndbox>
        <type>3</type>
        <direction>4</direction>
        <previous>0</previous>
    </vehicle>
    <vehicle>
        <id>8</id>
        <bndbox>
            <xmax>353</xmax>
            <xmin>287</xmin>
            <ymax>237</ymax>
            <ymin>196</ymin>
        </bndbox>
        <type>4</type>
        <direction>4</direction>
        <previous>3</previous>
    </vehicle>
    <vehicle>
        <id>9</id>
        <bndbox>
            <xmax>353</xmax>
            <xmin>313</xmin>
            <ymax>241</ymax>
            <ymin>234</ymin>
        </bndbox>
        <type>4</type>
        <direction>4</direction>
        <previous>4</previous>
    </vehicle>
    <vehicle>
        <id>10</id>
        <bndbox>
            <xmax>238</xmax>
            <xmin>142</xmin>
            <ymax>233</ymax>
            <ymin>180</ymin>
        </bndbox>
        <type>3</type>
        <direction>4</direction>
        <previous>5</previous>
    </vehicle>
    <vehicle>
        <id>11</id>
        <bndbox>
            <xmax>108</xmax>
            <xmin>6</xmin>
            <ymax>241</ymax>
            <ymin>189</ymin>
        </bndbox>
        <type>2</type>
        <direction>4</direction>
        <previous>6</previous>
    </vehicle>
    <vehicle>
        <id>12</id>
        <bndbox>
            <xmax>70</xmax>
            <xmin>9</xmin>
            <ymax>191</ymax>
            <ymin>93</ymin>
        </bndbox>
        <type>6</type>
        <direction>8</direction>
        <previous>0</previous>
    </vehicle>
    <vehicle>
        <id>13</id>
        <bndbox>
            <xmax>111</xmax>
            <xmin>85</xmin>
            <ymax>103</ymax>
            <ymin>75</ymin>
        </bndbox>
        <type>5</type>
        <direction>2</direction>
        <previous>0</previous>
    </vehicle>
    <vehicle>
        <id>14</id>
        <bndbox>
            <xmax>140</xmax>
            <xmin>129</xmin>
            <ymax>68</ymax>
            <ymin>60</ymin>
        </bndbox>
        <type>3</type>
        <direction>2</direction>
        <previous>0</previous>
    </vehicle>
    <vehicle>
        <id>15</id>
        <bndbox>
            <xmax>25</xmax>
            <xmin>0</xmin>
            <ymax>148</ymax>
            <ymin>108</ymin>
        </bndbox>
        <type>7</type>
        <direction>2</direction>
        <previous>0</previous>
    </vehicle>
    <vehicle>
        <id>16</id>
        <bndbox>
            <xmax>79</xmax>
            <xmin>60</xmin>
            <ymax>96</ymax>
            <ymin>81</ymin>
        </bndbox>
        <type>3</type>
        <direction>2</direction>
        <previous>0</previous>
    </vehicle>
    <vehicle>
        <id>17</id>
        <bndbox>
            <xmax>124</xmax>
            <xmin>112</xmin>
            <ymax>76</ymax>
            <ymin>66</ymin>
        </bndbox>
        <type>3</type>
        <direction>2</direction>
        <previous>0</previous>
    </vehicle>
    <vehicle>
        <id>18</id>
        <bndbox>
            <xmax>8</xmax>
            <xmin>0</xmin>
            <ymax>109</ymax>
            <ymin>90</ymin>
        </bndbox>
        <type>5</type>
        <direction>2</direction>
        <previous>0</previous>
    </vehicle>
    <vehicle>
        <id>19</id>
        <bndbox>
            <xmax>62</xmax>
            <xmin>30</xmin>
            <ymax>105</ymax>
            <ymin>82</ymin>
        </bndbox>
        <type>5</type>
        <direction>2</direction>
        <previous>0</previous>
    </vehicle>
    <vehicle>
        <id>20</id>
        <bndbox>
            <xmax>115</xmax>
            <xmin>105</xmin>
            <ymax>73</ymax>
            <ymin>65</ymin>
        </bndbox>
        <type>2</type>
        <direction>2</direction>
        <previous>0</previous>
    </vehicle>
    <vehicle>
        <id>21</id>
        <bndbox>
            <xmax>33</xmax>
            <xmin>6</xmin>
            <ymax>102</ymax>
            <ymin>79</ymin>
        </bndbox>
        <type>5</type>
        <direction>2</direction>
        <previous>0</previous>
    </vehicle>
</annotation>
