<annotation>
    <video>164-20160223-09.avi</video>
    <frame>000007</frame>
    <time>2016/02/23 09:33:01</time>
    <width>352</width>
    <height>240</height>
    <weather>1</weather>
    <facing>3</facing>
    <flow>2</flow>
    <vehicle>
        <id>1</id>
        <bndbox>
            <xmax>161</xmax>
            <xmin>154</xmin>
            <ymax>67</ymax>
            <ymin>61</ymin>
        </bndbox>
        <type>3</type>
        <direction>1</direction>
        <previous>0</previous>
    </vehicle>
    <vehicle>
        <id>2</id>
        <bndbox>
            <xmax>181</xmax>
            <xmin>170</xmin>
            <ymax>69</ymax>
            <ymin>62</ymin>
        </bndbox>
        <type>3</type>
        <direction>1</direction>
        <previous>0</previous>
    </vehicle>
    <vehicle>
        <id>3</id>
        <bndbox>
            <xmax>181</xmax>
            <xmin>168</xmin>
            <ymax>78</ymax>
            <ymin>70</ymin>
        </bndbox>
        <type>3</type>
        <direction>1</direction>
        <previous>0</previous>
    </vehicle>
    <vehicle>
        <id>4</id>
        <bndbox>
            <xmax>209</xmax>
            <xmin>189</xmin>
            <ymax>88</ymax>
            <ymin>78</ymin>
        </bndbox>
        <type>3</type>
        <direction>1</direction>
        <previous>0</previous>
    </vehicle>
    <vehicle>
        <id>5</id>
        <bndbox>
            <xmax>252</xmax>
            <xmin>230</xmin>
            <ymax>93</ymax>
            <ymin>81</ymin>
        </bndbox>
        <type>3</type>
        <direction>1</direction>
        <previous>0</previous>
    </vehicle>
    <vehicle>
        <id>6</id>
        <bndbox>
            <xmax>271</xmax>
            <xmin>241</xmin>
            <ymax>111</ymax>
            <ymin>94</ymin>
        </bndbox>
        <type>3</type>
        <direction>1</direction>
        <previous>0</previous>
    </vehicle>
    <vehicle>
        <id>7</id>
        <bndbox>
            <xmax>206</xmax>
            <xmin>96</xmin>
            <ymax>224</ymax>
            <ymin>168</ymin>
        </bndbox>
        <type>7</type>
        <direction>4</direction>
        <previous>10</previous>
    </vehicle>
    <vehicle>
        <id>8</id>
        <bndbox>
            <xmax>65</xmax>
            <xmin>33</xmin>
            <ymax>180</ymax>
            <ymin>146</ymin>
        </bndbox>
        <type>3</type>
        <direction>8</direction>
        <previous>12</previous>
    </vehicle>
    <vehicle>
        <id>9</id>
        <bndbox>
            <xmax>11</xmax>
            <xmin>0</xmin>
            <ymax>159</ymax>
            <ymin>140</ymin>
        </bndbox>
        <type>3</type>
        <direction>2</direction>
        <previous>0</previous>
    </vehicle>
    <vehicle>
        <id>10</id>
        <bndbox>
            <xmax>73</xmax>
            <xmin>44</xmin>
            <ymax>136</ymax>
            <ymin>114</ymin>
        </bndbox>
        <type>3</type>
        <direction>2</direction>
        <previous>13</previous>
    </vehicle>
    <vehicle>
        <id>11</id>
        <bndbox>
            <xmax>107</xmax>
            <xmin>82</xmin>
            <ymax>96</ymax>
            <ymin>70</ymin>
        </bndbox>
        <type>5</type>
        <direction>2</direction>
        <previous>21</previous>
    </vehicle>
    <vehicle>
        <id>12</id>
        <bndbox>
            <xmax>70</xmax>
            <xmin>32</xmin>
            <ymax>122</ymax>
            <ymin>88</ymin>
        </bndbox>
        <type>5</type>
        <direction>2</direction>
        <previous>11</previous>
    </vehicle>
    <vehicle>
        <id>13</id>
        <bndbox>
            <xmax>116</xmax>
            <xmin>106</xmin>
            <ymax>89</ymax>
            <ymin>81</ymin>
        </bndbox>
        <type>3</type>
        <direction>2</direction>
        <previous>14</previous>
    </vehicle>
    <vehicle>
        <id>14</id>
        <bndbox>
            <xmax>128</xmax>
            <xmin>110</xmin>
            <ymax>82</ymax>
            <ymin>65</ymin>
        </bndbox>
        <type>5</type>
        <direction>2</direction>
        <previous>15</previous>
    </vehicle>
    <vehicle>
        <id>15</id>
        <bndbox>
            <xmax>139</xmax>
            <xmin>128</xmin>
            <ymax>72</ymax>
            <ymin>64</ymin>
        </bndbox>
        <type>3</type>
        <direction>2</direction>
        <previous>0</previous>
    </vehicle>
    <vehicle>
        <id>16</id>
        <bndbox>
            <xmax>143</xmax>
            <xmin>133</xmin>
            <ymax>67</ymax>
            <ymin>58</ymin>
        </bndbox>
        <type>3</type>
        <direction>2</direction>
        <previous>0</previous>
    </vehicle>
    <vehicle>
        <id>17</id>
        <bndbox>
            <xmax>8</xmax>
            <xmin>0</xmin>
            <ymax>117</ymax>
            <ymin>105</ymin>
        </bndbox>
        <type>3</type>
        <direction>2</direction>
        <previous>0</previous>
    </vehicle>
    <vehicle>
        <id>18</id>
        <bndbox>
            <xmax>32</xmax>
            <xmin>8</xmin>
            <ymax>103</ymax>
            <ymin>90</ymin>
        </bndbox>
        <type>3</type>
        <direction>2</direction>
        <previous>0</previous>
    </vehicle>
    <vehicle>
        <id>19</id>
        <bndbox>
            <xmax>82</xmax>
            <xmin>55</xmin>
            <ymax>87</ymax>
            <ymin>66</ymin>
        </bndbox>
        <type>5</type>
        <direction>2</direction>
        <previous>23</previous>
    </vehicle>
    <vehicle>
        <id>20</id>
        <bndbox>
            <xmax>117</xmax>
            <xmin>82</xmin>
            <ymax>77</ymax>
            <ymin>60</ymin>
        </bndbox>
        <type>9</type>
        <direction>2</direction>
        <previous>22</previous>
    </vehicle>
</annotation>
