<annotation>
    <video>164-20160223-09.avi</video>
    <frame>000054</frame>
    <time>2016/02/23 09:51:44</time>
    <width>352</width>
    <height>240</height>
    <weather>1</weather>
    <facing>3</facing>
    <flow>1</flow>
    <vehicle>
        <id>1</id>
        <bndbox>
            <xmax>228</xmax>
            <xmin>139</xmin>
            <ymax>231</ymax>
            <ymin>187</ymin>
        </bndbox>
        <type>2</type>
        <direction>4</direction>
        <previous>0</previous>
    </vehicle>
    <vehicle>
        <id>2</id>
        <bndbox>
            <xmax>187</xmax>
            <xmin>109</xmin>
            <ymax>191</ymax>
            <ymin>163</ymin>
        </bndbox>
        <type>2</type>
        <direction>4</direction>
        <previous>0</previous>
    </vehicle>
    <vehicle>
        <id>3</id>
        <bndbox>
            <xmax>289</xmax>
            <xmin>58</xmin>
            <ymax>241</ymax>
            <ymin>233</ymin>
        </bndbox>
        <type>5</type>
        <direction>4</direction>
        <previous>0</previous>
    </vehicle>
    <vehicle>
        <id>4</id>
        <bndbox>
            <xmax>83</xmax>
            <xmin>3</xmin>
            <ymax>236</ymax>
            <ymin>190</ymin>
        </bndbox>
        <type>2</type>
        <direction>4</direction>
        <previous>0</previous>
    </vehicle>
    <vehicle>
        <id>5</id>
        <bndbox>
            <xmax>55</xmax>
            <xmin>28</xmin>
            <ymax>169</ymax>
            <ymin>138</ymin>
        </bndbox>
        <type>2</type>
        <direction>8</direction>
        <previous>10</previous>
    </vehicle>
    <vehicle>
        <id>6</id>
        <bndbox>
            <xmax>70</xmax>
            <xmin>41</xmin>
            <ymax>138</ymax>
            <ymin>116</ymin>
        </bndbox>
        <type>2</type>
        <direction>2</direction>
        <previous>11</previous>
    </vehicle>
    <vehicle>
        <id>7</id>
        <bndbox>
            <xmax>92</xmax>
            <xmin>66</xmin>
            <ymax>117</ymax>
            <ymin>90</ymin>
        </bndbox>
        <type>5</type>
        <direction>2</direction>
        <previous>12</previous>
    </vehicle>
    <vehicle>
        <id>8</id>
        <bndbox>
            <xmax>113</xmax>
            <xmin>90</xmin>
            <ymax>97</ymax>
            <ymin>81</ymin>
        </bndbox>
        <type>7</type>
        <direction>2</direction>
        <previous>13</previous>
    </vehicle>
    <vehicle>
        <id>9</id>
        <bndbox>
            <xmax>135</xmax>
            <xmin>118</xmin>
            <ymax>79</ymax>
            <ymin>66</ymin>
        </bndbox>
        <type>5</type>
        <direction>2</direction>
        <previous>0</previous>
    </vehicle>
    <vehicle>
        <id>10</id>
        <bndbox>
            <xmax>141</xmax>
            <xmin>131</xmin>
            <ymax>68</ymax>
            <ymin>61</ymin>
        </bndbox>
        <type>3</type>
        <direction>2</direction>
        <previous>0</previous>
    </vehicle>
    <vehicle>
        <id>11</id>
        <bndbox>
            <xmax>22</xmax>
            <xmin>0</xmin>
            <ymax>154</ymax>
            <ymin>125</ymin>
        </bndbox>
        <type>3</type>
        <direction>2</direction>
        <previous>15</previous>
    </vehicle>
    <vehicle>
        <id>12</id>
        <bndbox>
            <xmax>69</xmax>
            <xmin>16</xmin>
            <ymax>133</ymax>
            <ymin>85</ymin>
        </bndbox>
        <type>5</type>
        <direction>2</direction>
        <previous>16</previous>
    </vehicle>
    <vehicle>
        <id>13</id>
        <bndbox>
            <xmax>89</xmax>
            <xmin>73</xmin>
            <ymax>95</ymax>
            <ymin>85</ymin>
        </bndbox>
        <type>3</type>
        <direction>2</direction>
        <previous>0</previous>
    </vehicle>
    <vehicle>
        <id>14</id>
        <bndbox>
            <xmax>82</xmax>
            <xmin>66</xmin>
            <ymax>92</ymax>
            <ymin>76</ymin>
        </bndbox>
        <type>7</type>
        <direction>2</direction>
        <previous>0</previous>
    </vehicle>
    <vehicle>
        <id>15</id>
        <bndbox>
            <xmax>115</xmax>
            <xmin>99</xmin>
            <ymax>82</ymax>
            <ymin>67</ymin>
        </bndbox>
        <type>7</type>
        <direction>2</direction>
        <previous>0</previous>
    </vehicle>
    <vehicle>
        <id>16</id>
        <bndbox>
            <xmax>15</xmax>
            <xmin>0</xmin>
            <ymax>126</ymax>
            <ymin>100</ymin>
        </bndbox>
        <type>5</type>
        <direction>2</direction>
        <previous>0</previous>
    </vehicle>
    <vehicle>
        <id>17</id>
        <bndbox>
            <xmax>64</xmax>
            <xmin>27</xmin>
            <ymax>99</ymax>
            <ymin>72</ymin>
        </bndbox>
        <type>5</type>
        <direction>2</direction>
        <previous>0</previous>
    </vehicle>
    <vehicle>
        <id>18</id>
        <bndbox>
            <xmax>33</xmax>
            <xmin>4</xmin>
            <ymax>104</ymax>
            <ymin>80</ymin>
        </bndbox>
        <type>5</type>
        <direction>2</direction>
        <previous>0</previous>
    </vehicle>
    <vehicle>
        <id>19</id>
        <bndbox>
            <xmax>114</xmax>
            <xmin>85</xmin>
            <ymax>75</ymax>
            <ymin>59</ymin>
        </bndbox>
        <type>5</type>
        <direction>2</direction>
        <previous>0</previous>
    </vehicle>
    <vehicle>
        <id>20</id>
        <bndbox>
            <xmax>174</xmax>
            <xmin>163</xmin>
            <ymax>68</ymax>
            <ymin>55</ymin>
        </bndbox>
        <type>3</type>
        <direction>1</direction>
        <previous>0</previous>
    </vehicle>
</annotation>
