<annotation>
    <video>164-20160223-09.avi</video>
    <frame>000089</frame>
    <time>2016/02/23 10:04:49</time>
    <width>352</width>
    <height>240</height>
    <weather>1</weather>
    <facing>3</facing>
    <flow>1</flow>
    <vehicle>
        <id>1</id>
        <bndbox>
            <xmax>70</xmax>
            <xmin>6</xmin>
            <ymax>162</ymax>
            <ymin>95</ymin>
        </bndbox>
        <type>5</type>
        <direction>2</direction>
        <previous>1</previous>
    </vehicle>
    <vehicle>
        <id>2</id>
        <bndbox>
            <xmax>85</xmax>
            <xmin>68</xmin>
            <ymax>121</ymax>
            <ymin>99</ymin>
        </bndbox>
        <type>2</type>
        <direction>2</direction>
        <previous>2</previous>
    </vehicle>
    <vehicle>
        <id>3</id>
        <bndbox>
            <xmax>109</xmax>
            <xmin>74</xmin>
            <ymax>106</ymax>
            <ymin>76</ymin>
        </bndbox>
        <type>5</type>
        <direction>2</direction>
        <previous>3</previous>
    </vehicle>
    <vehicle>
        <id>4</id>
        <bndbox>
            <xmax>118</xmax>
            <xmin>109</xmin>
            <ymax>86</ymax>
            <ymin>78</ymin>
        </bndbox>
        <type>3</type>
        <direction>2</direction>
        <previous>4</previous>
    </vehicle>
    <vehicle>
        <id>5</id>
        <bndbox>
            <xmax>128</xmax>
            <xmin>113</xmin>
            <ymax>81</ymax>
            <ymin>71</ymin>
        </bndbox>
        <type>3</type>
        <direction>2</direction>
        <previous>5</previous>
    </vehicle>
    <vehicle>
        <id>6</id>
        <bndbox>
            <xmax>39</xmax>
            <xmin>0</xmin>
            <ymax>152</ymax>
            <ymin>98</ymin>
        </bndbox>
        <type>5</type>
        <direction>2</direction>
        <previous>6</previous>
    </vehicle>
    <vehicle>
        <id>7</id>
        <bndbox>
            <xmax>69</xmax>
            <xmin>48</xmin>
            <ymax>99</ymax>
            <ymin>92</ymin>
        </bndbox>
        <type>7</type>
        <direction>2</direction>
        <previous>7</previous>
    </vehicle>
    <vehicle>
        <id>8</id>
        <bndbox>
            <xmax>30</xmax>
            <xmin>0</xmin>
            <ymax>112</ymax>
            <ymin>97</ymin>
        </bndbox>
        <type>7</type>
        <direction>2</direction>
        <previous>8</previous>
    </vehicle>
    <vehicle>
        <id>9</id>
        <bndbox>
            <xmax>62</xmax>
            <xmin>34</xmin>
            <ymax>97</ymax>
            <ymin>75</ymin>
        </bndbox>
        <type>5</type>
        <direction>2</direction>
        <previous>9</previous>
    </vehicle>
    <vehicle>
        <id>10</id>
        <bndbox>
            <xmax>16</xmax>
            <xmin>1</xmin>
            <ymax>102</ymax>
            <ymin>92</ymin>
        </bndbox>
        <type>3</type>
        <direction>2</direction>
        <previous>10</previous>
    </vehicle>
    <vehicle>
        <id>11</id>
        <bndbox>
            <xmax>37</xmax>
            <xmin>21</xmin>
            <ymax>95</ymax>
            <ymin>86</ymin>
        </bndbox>
        <type>2</type>
        <direction>2</direction>
        <previous>11</previous>
    </vehicle>
    <vehicle>
        <id>12</id>
        <bndbox>
            <xmax>73</xmax>
            <xmin>60</xmin>
            <ymax>87</ymax>
            <ymin>76</ymin>
        </bndbox>
        <type>3</type>
        <direction>2</direction>
        <previous>12</previous>
    </vehicle>
    <vehicle>
        <id>13</id>
        <bndbox>
            <xmax>87</xmax>
            <xmin>73</xmin>
            <ymax>81</ymax>
            <ymin>73</ymin>
        </bndbox>
        <type>3</type>
        <direction>2</direction>
        <previous>13</previous>
    </vehicle>
    <vehicle>
        <id>14</id>
        <bndbox>
            <xmax>113</xmax>
            <xmin>87</xmin>
            <ymax>76</ymax>
            <ymin>63</ymin>
        </bndbox>
        <type>5</type>
        <direction>2</direction>
        <previous>14</previous>
    </vehicle>
    <vehicle>
        <id>15</id>
        <bndbox>
            <xmax>78</xmax>
            <xmin>64</xmin>
            <ymax>93</ymax>
            <ymin>84</ymin>
        </bndbox>
        <type>3</type>
        <direction>2</direction>
        <previous>0</previous>
    </vehicle>
    <vehicle>
        <id>16</id>
        <bndbox>
            <xmax>95</xmax>
            <xmin>80</xmin>
            <ymax>84</ymax>
            <ymin>74</ymin>
        </bndbox>
        <type>7</type>
        <direction>2</direction>
        <previous>0</previous>
    </vehicle>
    <vehicle>
        <id>17</id>
        <bndbox>
            <xmax>134</xmax>
            <xmin>124</xmin>
            <ymax>74</ymax>
            <ymin>65</ymin>
        </bndbox>
        <type>3</type>
        <direction>2</direction>
        <previous>0</previous>
    </vehicle>
    <vehicle>
        <id>18</id>
        <bndbox>
            <xmax>140</xmax>
            <xmin>129</xmin>
            <ymax>71</ymax>
            <ymin>60</ymin>
        </bndbox>
        <type>3</type>
        <direction>2</direction>
        <previous>0</previous>
    </vehicle>
</annotation>
