<annotation>
    <video>164-20160223-09.avi</video>
    <frame>000023</frame>
    <time>2016/02/23 09:39:21</time>
    <width>352</width>
    <height>240</height>
    <weather>1</weather>
    <facing>3</facing>
    <flow>1</flow>
    <vehicle>
        <id>1</id>
        <bndbox>
            <xmax>209</xmax>
            <xmin>192</xmin>
            <ymax>79</ymax>
            <ymin>71</ymin>
        </bndbox>
        <type>2</type>
        <direction>1</direction>
        <previous>0</previous>
    </vehicle>
    <vehicle>
        <id>2</id>
        <bndbox>
            <xmax>218</xmax>
            <xmin>198</xmin>
            <ymax>93</ymax>
            <ymin>83</ymin>
        </bndbox>
        <type>2</type>
        <direction>1</direction>
        <previous>0</previous>
    </vehicle>
    <vehicle>
        <id>3</id>
        <bndbox>
            <xmax>277</xmax>
            <xmin>244</xmin>
            <ymax>110</ymax>
            <ymin>96</ymin>
        </bndbox>
        <type>3</type>
        <direction>1</direction>
        <previous>0</previous>
    </vehicle>
    <vehicle>
        <id>4</id>
        <bndbox>
            <xmax>291</xmax>
            <xmin>255</xmin>
            <ymax>101</ymax>
            <ymin>83</ymin>
        </bndbox>
        <type>7</type>
        <direction>1</direction>
        <previous>0</previous>
    </vehicle>
    <vehicle>
        <id>5</id>
        <bndbox>
            <xmax>353</xmax>
            <xmin>288</xmin>
            <ymax>198</ymax>
            <ymin>150</ymin>
        </bndbox>
        <type>7</type>
        <direction>4</direction>
        <previous>0</previous>
    </vehicle>
    <vehicle>
        <id>6</id>
        <bndbox>
            <xmax>352</xmax>
            <xmin>325</xmin>
            <ymax>225</ymax>
            <ymin>182</ymin>
        </bndbox>
        <type>7</type>
        <direction>4</direction>
        <previous>0</previous>
    </vehicle>
    <vehicle>
        <id>7</id>
        <bndbox>
            <xmax>267</xmax>
            <xmin>85</xmin>
            <ymax>201</ymax>
            <ymin>136</ymin>
        </bndbox>
        <type>6</type>
        <direction>4</direction>
        <previous>0</previous>
    </vehicle>
    <vehicle>
        <id>8</id>
        <bndbox>
            <xmax>336</xmax>
            <xmin>101</xmin>
            <ymax>241</ymax>
            <ymin>182</ymin>
        </bndbox>
        <type>5</type>
        <direction>4</direction>
        <previous>0</previous>
    </vehicle>
    <vehicle>
        <id>9</id>
        <bndbox>
            <xmax>67</xmax>
            <xmin>0</xmin>
            <ymax>241</ymax>
            <ymin>228</ymin>
        </bndbox>
        <type>3</type>
        <direction>4</direction>
        <previous>0</previous>
    </vehicle>
    <vehicle>
        <id>10</id>
        <bndbox>
            <xmax>14</xmax>
            <xmin>0</xmin>
            <ymax>232</ymax>
            <ymin>187</ymin>
        </bndbox>
        <type>3</type>
        <direction>8</direction>
        <previous>0</previous>
    </vehicle>
    <vehicle>
        <id>11</id>
        <bndbox>
            <xmax>70</xmax>
            <xmin>20</xmin>
            <ymax>182</ymax>
            <ymin>124</ymin>
        </bndbox>
        <type>5</type>
        <direction>8</direction>
        <previous>0</previous>
    </vehicle>
    <vehicle>
        <id>12</id>
        <bndbox>
            <xmax>60</xmax>
            <xmin>43</xmin>
            <ymax>134</ymax>
            <ymin>118</ymin>
        </bndbox>
        <type>3</type>
        <direction>2</direction>
        <previous>0</previous>
    </vehicle>
    <vehicle>
        <id>13</id>
        <bndbox>
            <xmax>90</xmax>
            <xmin>55</xmin>
            <ymax>125</ymax>
            <ymin>86</ymin>
        </bndbox>
        <type>5</type>
        <direction>2</direction>
        <previous>0</previous>
    </vehicle>
    <vehicle>
        <id>14</id>
        <bndbox>
            <xmax>115</xmax>
            <xmin>99</xmin>
            <ymax>85</ymax>
            <ymin>73</ymin>
        </bndbox>
        <type>3</type>
        <direction>2</direction>
        <previous>0</previous>
    </vehicle>
    <vehicle>
        <id>15</id>
        <bndbox>
            <xmax>128</xmax>
            <xmin>117</xmin>
            <ymax>74</ymax>
            <ymin>66</ymin>
        </bndbox>
        <type>3</type>
        <direction>2</direction>
        <previous>0</previous>
    </vehicle>
    <vehicle>
        <id>16</id>
        <bndbox>
            <xmax>142</xmax>
            <xmin>131</xmin>
            <ymax>67</ymax>
            <ymin>57</ymin>
        </bndbox>
        <type>7</type>
        <direction>2</direction>
        <previous>0</previous>
    </vehicle>
    <vehicle>
        <id>17</id>
        <bndbox>
            <xmax>29</xmax>
            <xmin>0</xmin>
            <ymax>147</ymax>
            <ymin>121</ymin>
        </bndbox>
        <type>2</type>
        <direction>2</direction>
        <previous>0</previous>
    </vehicle>
    <vehicle>
        <id>18</id>
        <bndbox>
            <xmax>59</xmax>
            <xmin>36</xmin>
            <ymax>118</ymax>
            <ymin>96</ymin>
        </bndbox>
        <type>3</type>
        <direction>2</direction>
        <previous>0</previous>
    </vehicle>
    <vehicle>
        <id>19</id>
        <bndbox>
            <xmax>71</xmax>
            <xmin>30</xmin>
            <ymax>99</ymax>
            <ymin>71</ymin>
        </bndbox>
        <type>9</type>
        <direction>2</direction>
        <previous>0</previous>
    </vehicle>
    <vehicle>
        <id>20</id>
        <bndbox>
            <xmax>101</xmax>
            <xmin>78</xmin>
            <ymax>84</ymax>
            <ymin>66</ymin>
        </bndbox>
        <type>5</type>
        <direction>2</direction>
        <previous>0</previous>
    </vehicle>
    <vehicle>
        <id>21</id>
        <bndbox>
            <xmax>34</xmax>
            <xmin>0</xmin>
            <ymax>108</ymax>
            <ymin>78</ymin>
        </bndbox>
        <type>9</type>
        <direction>2</direction>
        <previous>0</previous>
    </vehicle>
    <vehicle>
        <id>22</id>
        <bndbox>
            <xmax>83</xmax>
            <xmin>71</xmin>
            <ymax>82</ymax>
            <ymin>69</ymin>
        </bndbox>
        <type>3</type>
        <direction>2</direction>
        <previous>0</previous>
    </vehicle>
    <vehicle>
        <id>23</id>
        <bndbox>
            <xmax>113</xmax>
            <xmin>100</xmin>
            <ymax>71</ymax>
            <ymin>63</ymin>
        </bndbox>
        <type>3</type>
        <direction>2</direction>
        <previous>0</previous>
    </vehicle>
</annotation>
