<annotation>
    <video>164-20160223-09.avi</video>
    <frame>000016</frame>
    <time>2016/02/23 09:36:34</time>
    <width>352</width>
    <height>240</height>
    <weather>1</weather>
    <facing>3</facing>
    <flow>2</flow>
    <vehicle>
        <id>1</id>
        <bndbox>
            <xmax>161</xmax>
            <xmin>152</xmin>
            <ymax>67</ymax>
            <ymin>58</ymin>
        </bndbox>
        <type>3</type>
        <direction>1</direction>
        <previous>0</previous>
    </vehicle>
    <vehicle>
        <id>2</id>
        <bndbox>
            <xmax>175</xmax>
            <xmin>164</xmin>
            <ymax>67</ymax>
            <ymin>57</ymin>
        </bndbox>
        <type>9</type>
        <direction>1</direction>
        <previous>0</previous>
    </vehicle>
    <vehicle>
        <id>3</id>
        <bndbox>
            <xmax>190</xmax>
            <xmin>175</xmin>
            <ymax>80</ymax>
            <ymin>72</ymin>
        </bndbox>
        <type>2</type>
        <direction>1</direction>
        <previous>0</previous>
    </vehicle>
    <vehicle>
        <id>4</id>
        <bndbox>
            <xmax>194</xmax>
            <xmin>182</xmin>
            <ymax>76</ymax>
            <ymin>66</ymin>
        </bndbox>
        <type>2</type>
        <direction>1</direction>
        <previous>0</previous>
    </vehicle>
    <vehicle>
        <id>5</id>
        <bndbox>
            <xmax>227</xmax>
            <xmin>205</xmin>
            <ymax>85</ymax>
            <ymin>73</ymin>
        </bndbox>
        <type>2</type>
        <direction>1</direction>
        <previous>0</previous>
    </vehicle>
    <vehicle>
        <id>6</id>
        <bndbox>
            <xmax>255</xmax>
            <xmin>220</xmin>
            <ymax>102</ymax>
            <ymin>86</ymin>
        </bndbox>
        <type>2</type>
        <direction>1</direction>
        <previous>0</previous>
    </vehicle>
    <vehicle>
        <id>7</id>
        <bndbox>
            <xmax>334</xmax>
            <xmin>296</xmin>
            <ymax>111</ymax>
            <ymin>97</ymin>
        </bndbox>
        <type>1</type>
        <direction>1</direction>
        <previous>0</previous>
    </vehicle>
    <vehicle>
        <id>8</id>
        <bndbox>
            <xmax>353</xmax>
            <xmin>322</xmin>
            <ymax>135</ymax>
            <ymin>117</ymin>
        </bndbox>
        <type>2</type>
        <direction>1</direction>
        <previous>0</previous>
    </vehicle>
    <vehicle>
        <id>9</id>
        <bndbox>
            <xmax>353</xmax>
            <xmin>310</xmin>
            <ymax>234</ymax>
            <ymin>195</ymin>
        </bndbox>
        <type>3</type>
        <direction>4</direction>
        <previous>1</previous>
    </vehicle>
    <vehicle>
        <id>10</id>
        <bndbox>
            <xmax>314</xmax>
            <xmin>215</xmin>
            <ymax>241</ymax>
            <ymin>226</ymin>
        </bndbox>
        <type>3</type>
        <direction>4</direction>
        <previous>2</previous>
    </vehicle>
    <vehicle>
        <id>11</id>
        <bndbox>
            <xmax>290</xmax>
            <xmin>189</xmin>
            <ymax>226</ymax>
            <ymin>188</ymin>
        </bndbox>
        <type>3</type>
        <direction>4</direction>
        <previous>3</previous>
    </vehicle>
    <vehicle>
        <id>12</id>
        <bndbox>
            <xmax>168</xmax>
            <xmin>65</xmin>
            <ymax>241</ymax>
            <ymin>219</ymin>
        </bndbox>
        <type>3</type>
        <direction>3</direction>
        <previous>4</previous>
    </vehicle>
    <vehicle>
        <id>13</id>
        <bndbox>
            <xmax>169</xmax>
            <xmin>77</xmin>
            <ymax>231</ymax>
            <ymin>172</ymin>
        </bndbox>
        <type>7</type>
        <direction>4</direction>
        <previous>5</previous>
    </vehicle>
    <vehicle>
        <id>14</id>
        <bndbox>
            <xmax>68</xmax>
            <xmin>0</xmin>
            <ymax>241</ymax>
            <ymin>188</ymin>
        </bndbox>
        <type>3</type>
        <direction>8</direction>
        <previous>7</previous>
    </vehicle>
    <vehicle>
        <id>15</id>
        <bndbox>
            <xmax>348</xmax>
            <xmin>260</xmin>
            <ymax>203</ymax>
            <ymin>163</ymin>
        </bndbox>
        <type>1</type>
        <direction>4</direction>
        <previous>9</previous>
    </vehicle>
    <vehicle>
        <id>16</id>
        <bndbox>
            <xmax>42</xmax>
            <xmin>5</xmin>
            <ymax>188</ymax>
            <ymin>137</ymin>
        </bndbox>
        <type>7</type>
        <direction>8</direction>
        <previous>8</previous>
    </vehicle>
    <vehicle>
        <id>17</id>
        <bndbox>
            <xmax>64</xmax>
            <xmin>25</xmin>
            <ymax>145</ymax>
            <ymin>119</ymin>
        </bndbox>
        <type>2</type>
        <direction>2</direction>
        <previous>0</previous>
    </vehicle>
    <vehicle>
        <id>18</id>
        <bndbox>
            <xmax>80</xmax>
            <xmin>56</xmin>
            <ymax>122</ymax>
            <ymin>102</ymin>
        </bndbox>
        <type>2</type>
        <direction>2</direction>
        <previous>0</previous>
    </vehicle>
    <vehicle>
        <id>19</id>
        <bndbox>
            <xmax>96</xmax>
            <xmin>78</xmin>
            <ymax>108</ymax>
            <ymin>94</ymin>
        </bndbox>
        <type>3</type>
        <direction>2</direction>
        <previous>0</previous>
    </vehicle>
    <vehicle>
        <id>20</id>
        <bndbox>
            <xmax>126</xmax>
            <xmin>110</xmin>
            <ymax>84</ymax>
            <ymin>68</ymin>
        </bndbox>
        <type>7</type>
        <direction>2</direction>
        <previous>0</previous>
    </vehicle>
    <vehicle>
        <id>21</id>
        <bndbox>
            <xmax>142</xmax>
            <xmin>133</xmin>
            <ymax>67</ymax>
            <ymin>62</ymin>
        </bndbox>
        <type>3</type>
        <direction>2</direction>
        <previous>0</previous>
    </vehicle>
    <vehicle>
        <id>22</id>
        <bndbox>
            <xmax>22</xmax>
            <xmin>0</xmin>
            <ymax>154</ymax>
            <ymin>125</ymin>
        </bndbox>
        <type>2</type>
        <direction>2</direction>
        <previous>0</previous>
    </vehicle>
    <vehicle>
        <id>23</id>
        <bndbox>
            <xmax>107</xmax>
            <xmin>83</xmin>
            <ymax>90</ymax>
            <ymin>66</ymin>
        </bndbox>
        <type>6</type>
        <direction>2</direction>
        <previous>0</previous>
    </vehicle>
    <vehicle>
        <id>24</id>
        <bndbox>
            <xmax>25</xmax>
            <xmin>0</xmin>
            <ymax>120</ymax>
            <ymin>84</ymin>
        </bndbox>
        <type>6</type>
        <direction>2</direction>
        <previous>0</previous>
    </vehicle>
    <vehicle>
        <id>25</id>
        <bndbox>
            <xmax>43</xmax>
            <xmin>26</xmin>
            <ymax>104</ymax>
            <ymin>90</ymin>
        </bndbox>
        <type>3</type>
        <direction>2</direction>
        <previous>0</previous>
    </vehicle>
    <vehicle>
        <id>26</id>
        <bndbox>
            <xmax>62</xmax>
            <xmin>42</xmin>
            <ymax>95</ymax>
            <ymin>82</ymin>
        </bndbox>
        <type>3</type>
        <direction>2</direction>
        <previous>0</previous>
    </vehicle>
    <vehicle>
        <id>27</id>
        <bndbox>
            <xmax>67</xmax>
            <xmin>37</xmin>
            <ymax>91</ymax>
            <ymin>66</ymin>
        </bndbox>
        <type>6</type>
        <direction>2</direction>
        <previous>0</previous>
    </vehicle>
</annotation>
