<annotation>
    <video>164-20160223-09.avi</video>
    <frame>000014</frame>
    <time>2016/02/23 09:35:47</time>
    <width>352</width>
    <height>240</height>
    <weather>1</weather>
    <facing>3</facing>
    <flow>1</flow>
    <vehicle>
        <id>1</id>
        <bndbox>
            <xmax>54</xmax>
            <xmin>28</xmin>
            <ymax>135</ymax>
            <ymin>128</ymin>
        </bndbox>
        <type>2</type>
        <direction>2</direction>
        <previous>6</previous>
    </vehicle>
    <vehicle>
        <id>2</id>
        <bndbox>
            <xmax>78</xmax>
            <xmin>49</xmin>
            <ymax>129</ymax>
            <ymin>110</ymin>
        </bndbox>
        <type>3</type>
        <direction>2</direction>
        <previous>7</previous>
    </vehicle>
    <vehicle>
        <id>3</id>
        <bndbox>
            <xmax>96</xmax>
            <xmin>76</xmin>
            <ymax>111</ymax>
            <ymin>95</ymin>
        </bndbox>
        <type>3</type>
        <direction>2</direction>
        <previous>8</previous>
    </vehicle>
    <vehicle>
        <id>4</id>
        <bndbox>
            <xmax>106</xmax>
            <xmin>96</xmin>
            <ymax>97</ymax>
            <ymin>87</ymin>
        </bndbox>
        <type>3</type>
        <direction>2</direction>
        <previous>9</previous>
    </vehicle>
    <vehicle>
        <id>5</id>
        <bndbox>
            <xmax>115</xmax>
            <xmin>103</xmin>
            <ymax>91</ymax>
            <ymin>81</ymin>
        </bndbox>
        <type>3</type>
        <direction>2</direction>
        <previous>10</previous>
    </vehicle>
    <vehicle>
        <id>6</id>
        <bndbox>
            <xmax>129</xmax>
            <xmin>114</xmin>
            <ymax>82</ymax>
            <ymin>69</ymin>
        </bndbox>
        <type>7</type>
        <direction>2</direction>
        <previous>11</previous>
    </vehicle>
    <vehicle>
        <id>7</id>
        <bndbox>
            <xmax>140</xmax>
            <xmin>128</xmin>
            <ymax>73</ymax>
            <ymin>63</ymin>
        </bndbox>
        <type>1</type>
        <direction>2</direction>
        <previous>12</previous>
    </vehicle>
    <vehicle>
        <id>8</id>
        <bndbox>
            <xmax>23</xmax>
            <xmin>0</xmin>
            <ymax>135</ymax>
            <ymin>129</ymin>
        </bndbox>
        <type>3</type>
        <direction>2</direction>
        <previous>13</previous>
    </vehicle>
    <vehicle>
        <id>9</id>
        <bndbox>
            <xmax>51</xmax>
            <xmin>21</xmin>
            <ymax>132</ymax>
            <ymin>112</ymin>
        </bndbox>
        <type>3</type>
        <direction>2</direction>
        <previous>14</previous>
    </vehicle>
    <vehicle>
        <id>10</id>
        <bndbox>
            <xmax>68</xmax>
            <xmin>46</xmin>
            <ymax>116</ymax>
            <ymin>100</ymin>
        </bndbox>
        <type>2</type>
        <direction>2</direction>
        <previous>15</previous>
    </vehicle>
    <vehicle>
        <id>11</id>
        <bndbox>
            <xmax>81</xmax>
            <xmin>61</xmin>
            <ymax>105</ymax>
            <ymin>89</ymin>
        </bndbox>
        <type>3</type>
        <direction>2</direction>
        <previous>16</previous>
    </vehicle>
    <vehicle>
        <id>12</id>
        <bndbox>
            <xmax>104</xmax>
            <xmin>87</xmin>
            <ymax>91</ymax>
            <ymin>76</ymin>
        </bndbox>
        <type>1</type>
        <direction>2</direction>
        <previous>17</previous>
    </vehicle>
    <vehicle>
        <id>13</id>
        <bndbox>
            <xmax>115</xmax>
            <xmin>101</xmin>
            <ymax>82</ymax>
            <ymin>71</ymin>
        </bndbox>
        <type>3</type>
        <direction>2</direction>
        <previous>18</previous>
    </vehicle>
    <vehicle>
        <id>14</id>
        <bndbox>
            <xmax>26</xmax>
            <xmin>0</xmin>
            <ymax>128</ymax>
            <ymin>111</ymin>
        </bndbox>
        <type>2</type>
        <direction>2</direction>
        <previous>19</previous>
    </vehicle>
    <vehicle>
        <id>15</id>
        <bndbox>
            <xmax>52</xmax>
            <xmin>26</xmin>
            <ymax>113</ymax>
            <ymin>94</ymin>
        </bndbox>
        <type>3</type>
        <direction>2</direction>
        <previous>20</previous>
    </vehicle>
    <vehicle>
        <id>16</id>
        <bndbox>
            <xmax>71</xmax>
            <xmin>54</xmin>
            <ymax>99</ymax>
            <ymin>85</ymin>
        </bndbox>
        <type>3</type>
        <direction>2</direction>
        <previous>21</previous>
    </vehicle>
    <vehicle>
        <id>17</id>
        <bndbox>
            <xmax>92</xmax>
            <xmin>69</xmin>
            <ymax>87</ymax>
            <ymin>70</ymin>
        </bndbox>
        <type>5</type>
        <direction>2</direction>
        <previous>22</previous>
    </vehicle>
    <vehicle>
        <id>18</id>
        <bndbox>
            <xmax>110</xmax>
            <xmin>89</xmin>
            <ymax>76</ymax>
            <ymin>63</ymin>
        </bndbox>
        <type>5</type>
        <direction>2</direction>
        <previous>23</previous>
    </vehicle>
    <vehicle>
        <id>19</id>
        <bndbox>
            <xmax>27</xmax>
            <xmin>2</xmin>
            <ymax>112</ymax>
            <ymin>95</ymin>
        </bndbox>
        <type>2</type>
        <direction>2</direction>
        <previous>24</previous>
    </vehicle>
    <vehicle>
        <id>20</id>
        <bndbox>
            <xmax>56</xmax>
            <xmin>20</xmin>
            <ymax>100</ymax>
            <ymin>74</ymin>
        </bndbox>
        <type>5</type>
        <direction>2</direction>
        <previous>25</previous>
    </vehicle>
    <vehicle>
        <id>21</id>
        <bndbox>
            <xmax>74</xmax>
            <xmin>56</xmin>
            <ymax>86</ymax>
            <ymin>75</ymin>
        </bndbox>
        <type>3</type>
        <direction>2</direction>
        <previous>26</previous>
    </vehicle>
    <vehicle>
        <id>22</id>
        <bndbox>
            <xmax>18</xmax>
            <xmin>0</xmin>
            <ymax>103</ymax>
            <ymin>87</ymin>
        </bndbox>
        <type>3</type>
        <direction>2</direction>
        <previous>27</previous>
    </vehicle>
    <vehicle>
        <id>23</id>
        <bndbox>
            <xmax>163</xmax>
            <xmin>157</xmin>
            <ymax>66</ymax>
            <ymin>60</ymin>
        </bndbox>
        <type>3</type>
        <direction>1</direction>
        <previous>0</previous>
    </vehicle>
    <vehicle>
        <id>24</id>
        <bndbox>
            <xmax>173</xmax>
            <xmin>166</xmin>
            <ymax>67</ymax>
            <ymin>61</ymin>
        </bndbox>
        <type>3</type>
        <direction>1</direction>
        <previous>0</previous>
    </vehicle>
    <vehicle>
        <id>25</id>
        <bndbox>
            <xmax>183</xmax>
            <xmin>169</xmin>
            <ymax>78</ymax>
            <ymin>69</ymin>
        </bndbox>
        <type>3</type>
        <direction>1</direction>
        <previous>0</previous>
    </vehicle>
    <vehicle>
        <id>26</id>
        <bndbox>
            <xmax>228</xmax>
            <xmin>201</xmin>
            <ymax>94</ymax>
            <ymin>80</ymin>
        </bndbox>
        <type>3</type>
        <direction>1</direction>
        <previous>0</previous>
    </vehicle>
    <vehicle>
        <id>27</id>
        <bndbox>
            <xmax>301</xmax>
            <xmin>270</xmin>
            <ymax>123</ymax>
            <ymin>105</ymin>
        </bndbox>
        <type>2</type>
        <direction>1</direction>
        <previous>0</previous>
    </vehicle>
    <vehicle>
        <id>28</id>
        <bndbox>
            <xmax>319</xmax>
            <xmin>268</xmin>
            <ymax>172</ymax>
            <ymin>143</ymin>
        </bndbox>
        <type>3</type>
        <direction>7</direction>
        <previous>0</previous>
    </vehicle>
    <vehicle>
        <id>29</id>
        <bndbox>
            <xmax>272</xmax>
            <xmin>195</xmin>
            <ymax>204</ymax>
            <ymin>168</ymin>
        </bndbox>
        <type>3</type>
        <direction>4</direction>
        <previous>0</previous>
    </vehicle>
    <vehicle>
        <id>30</id>
        <bndbox>
            <xmax>217</xmax>
            <xmin>108</xmin>
            <ymax>241</ymax>
            <ymin>196</ymin>
        </bndbox>
        <type>2</type>
        <direction>4</direction>
        <previous>0</previous>
    </vehicle>
    <vehicle>
        <id>31</id>
        <bndbox>
            <xmax>133</xmax>
            <xmin>0</xmin>
            <ymax>202</ymax>
            <ymin>135</ymin>
        </bndbox>
        <type>5</type>
        <direction>4</direction>
        <previous>0</previous>
    </vehicle>
</annotation>
