<annotation>
    <video>164-20160223-09.avi</video>
    <frame>000085</frame>
    <time>2016/02/23 10:04:01</time>
    <width>352</width>
    <height>240</height>
    <weather>1</weather>
    <facing>3</facing>
    <flow>1</flow>
    <vehicle>
        <id>1</id>
        <bndbox>
            <xmax>202</xmax>
            <xmin>187</xmin>
            <ymax>81</ymax>
            <ymin>70</ymin>
        </bndbox>
        <type>3</type>
        <direction>1</direction>
        <previous>0</previous>
    </vehicle>
    <vehicle>
        <id>2</id>
        <bndbox>
            <xmax>242</xmax>
            <xmin>216</xmin>
            <ymax>103</ymax>
            <ymin>88</ymin>
        </bndbox>
        <type>2</type>
        <direction>1</direction>
        <previous>0</previous>
    </vehicle>
    <vehicle>
        <id>3</id>
        <bndbox>
            <xmax>333</xmax>
            <xmin>307</xmin>
            <ymax>147</ymax>
            <ymin>123</ymin>
        </bndbox>
        <type>2</type>
        <direction>7</direction>
        <previous>0</previous>
    </vehicle>
    <vehicle>
        <id>4</id>
        <bndbox>
            <xmax>353</xmax>
            <xmin>332</xmin>
            <ymax>228</ymax>
            <ymin>195</ymin>
        </bndbox>
        <type>2</type>
        <direction>4</direction>
        <previous>0</previous>
    </vehicle>
    <vehicle>
        <id>5</id>
        <bndbox>
            <xmax>296</xmax>
            <xmin>226</xmin>
            <ymax>188</ymax>
            <ymin>151</ymin>
        </bndbox>
        <type>2</type>
        <direction>7</direction>
        <previous>0</previous>
    </vehicle>
    <vehicle>
        <id>6</id>
        <bndbox>
            <xmax>299</xmax>
            <xmin>197</xmin>
            <ymax>239</ymax>
            <ymin>192</ymin>
        </bndbox>
        <type>3</type>
        <direction>4</direction>
        <previous>0</previous>
    </vehicle>
    <vehicle>
        <id>7</id>
        <bndbox>
            <xmax>108</xmax>
            <xmin>10</xmin>
            <ymax>241</ymax>
            <ymin>232</ymin>
        </bndbox>
        <type>1</type>
        <direction>4</direction>
        <previous>0</previous>
    </vehicle>
    <vehicle>
        <id>8</id>
        <bndbox>
            <xmax>100</xmax>
            <xmin>7</xmin>
            <ymax>232</ymax>
            <ymin>197</ymin>
        </bndbox>
        <type>3</type>
        <direction>4</direction>
        <previous>0</previous>
    </vehicle>
    <vehicle>
        <id>9</id>
        <bndbox>
            <xmax>96</xmax>
            <xmin>0</xmin>
            <ymax>200</ymax>
            <ymin>164</ymin>
        </bndbox>
        <type>2</type>
        <direction>4</direction>
        <previous>0</previous>
    </vehicle>
    <vehicle>
        <id>10</id>
        <bndbox>
            <xmax>69</xmax>
            <xmin>22</xmin>
            <ymax>150</ymax>
            <ymin>102</ymin>
        </bndbox>
        <type>5</type>
        <direction>2</direction>
        <previous>0</previous>
    </vehicle>
    <vehicle>
        <id>11</id>
        <bndbox>
            <xmax>88</xmax>
            <xmin>68</xmin>
            <ymax>121</ymax>
            <ymin>98</ymin>
        </bndbox>
        <type>7</type>
        <direction>2</direction>
        <previous>0</previous>
    </vehicle>
    <vehicle>
        <id>12</id>
        <bndbox>
            <xmax>118</xmax>
            <xmin>105</xmin>
            <ymax>88</ymax>
            <ymin>78</ymin>
        </bndbox>
        <type>2</type>
        <direction>2</direction>
        <previous>0</previous>
    </vehicle>
    <vehicle>
        <id>13</id>
        <bndbox>
            <xmax>134</xmax>
            <xmin>123</xmin>
            <ymax>76</ymax>
            <ymin>67</ymin>
        </bndbox>
        <type>7</type>
        <direction>2</direction>
        <previous>0</previous>
    </vehicle>
    <vehicle>
        <id>14</id>
        <bndbox>
            <xmax>32</xmax>
            <xmin>0</xmin>
            <ymax>148</ymax>
            <ymin>108</ymin>
        </bndbox>
        <type>7</type>
        <direction>2</direction>
        <previous>0</previous>
    </vehicle>
    <vehicle>
        <id>15</id>
        <bndbox>
            <xmax>84</xmax>
            <xmin>62</xmin>
            <ymax>102</ymax>
            <ymin>87</ymin>
        </bndbox>
        <type>7</type>
        <direction>2</direction>
        <previous>0</previous>
    </vehicle>
    <vehicle>
        <id>16</id>
        <bndbox>
            <xmax>92</xmax>
            <xmin>79</xmin>
            <ymax>94</ymax>
            <ymin>83</ymin>
        </bndbox>
        <type>3</type>
        <direction>2</direction>
        <previous>0</previous>
    </vehicle>
    <vehicle>
        <id>17</id>
        <bndbox>
            <xmax>106</xmax>
            <xmin>92</xmin>
            <ymax>87</ymax>
            <ymin>76</ymin>
        </bndbox>
        <type>3</type>
        <direction>2</direction>
        <previous>0</previous>
    </vehicle>
    <vehicle>
        <id>18</id>
        <bndbox>
            <xmax>122</xmax>
            <xmin>97</xmin>
            <ymax>80</ymax>
            <ymin>65</ymin>
        </bndbox>
        <type>5</type>
        <direction>2</direction>
        <previous>0</previous>
    </vehicle>
    <vehicle>
        <id>19</id>
        <bndbox>
            <xmax>15</xmax>
            <xmin>0</xmin>
            <ymax>114</ymax>
            <ymin>101</ymin>
        </bndbox>
        <type>2</type>
        <direction>2</direction>
        <previous>0</previous>
    </vehicle>
    <vehicle>
        <id>20</id>
        <bndbox>
            <xmax>29</xmax>
            <xmin>14</xmin>
            <ymax>108</ymax>
            <ymin>96</ymin>
        </bndbox>
        <type>3</type>
        <direction>2</direction>
        <previous>0</previous>
    </vehicle>
    <vehicle>
        <id>21</id>
        <bndbox>
            <xmax>59</xmax>
            <xmin>27</xmin>
            <ymax>108</ymax>
            <ymin>84</ymin>
        </bndbox>
        <type>5</type>
        <direction>2</direction>
        <previous>0</previous>
    </vehicle>
    <vehicle>
        <id>22</id>
        <bndbox>
            <xmax>71</xmax>
            <xmin>58</xmin>
            <ymax>98</ymax>
            <ymin>84</ymin>
        </bndbox>
        <type>3</type>
        <direction>2</direction>
        <previous>0</previous>
    </vehicle>
    <vehicle>
        <id>23</id>
        <bndbox>
            <xmax>96</xmax>
            <xmin>82</xmin>
            <ymax>85</ymax>
            <ymin>73</ymin>
        </bndbox>
        <type>3</type>
        <direction>2</direction>
        <previous>0</previous>
    </vehicle>
    <vehicle>
        <id>24</id>
        <bndbox>
            <xmax>8</xmax>
            <xmin>0</xmin>
            <ymax>105</ymax>
            <ymin>91</ymin>
        </bndbox>
        <type>5</type>
        <direction>2</direction>
        <previous>18</previous>
    </vehicle>
    <vehicle>
        <id>25</id>
        <bndbox>
            <xmax>33</xmax>
            <xmin>6</xmin>
            <ymax>101</ymax>
            <ymin>78</ymin>
        </bndbox>
        <type>5</type>
        <direction>2</direction>
        <previous>21</previous>
    </vehicle>
    <vehicle>
        <id>26</id>
        <bndbox>
            <xmax>70</xmax>
            <xmin>54</xmin>
            <ymax>86</ymax>
            <ymin>76</ymin>
        </bndbox>
        <type>7</type>
        <direction>2</direction>
        <previous>0</previous>
    </vehicle>
    <vehicle>
        <id>27</id>
        <bndbox>
            <xmax>80</xmax>
            <xmin>71</xmin>
            <ymax>81</ymax>
            <ymin>75</ymin>
        </bndbox>
        <type>3</type>
        <direction>2</direction>
        <previous>0</previous>
    </vehicle>
</annotation>
