<annotation>
    <video>164-20160223-09.avi</video>
    <frame>000066</frame>
    <time>2016/02/23 09:56:29</time>
    <width>352</width>
    <height>240</height>
    <weather>1</weather>
    <facing>3</facing>
    <flow>1</flow>
    <vehicle>
        <id>1</id>
        <bndbox>
            <xmax>171</xmax>
            <xmin>160</xmin>
            <ymax>72</ymax>
            <ymin>63</ymin>
        </bndbox>
        <type>2</type>
        <direction>1</direction>
        <previous>0</previous>
    </vehicle>
    <vehicle>
        <id>2</id>
        <bndbox>
            <xmax>305</xmax>
            <xmin>225</xmin>
            <ymax>125</ymax>
            <ymin>78</ymin>
        </bndbox>
        <type>6</type>
        <direction>1</direction>
        <previous>0</previous>
    </vehicle>
    <vehicle>
        <id>3</id>
        <bndbox>
            <xmax>338</xmax>
            <xmin>306</xmin>
            <ymax>120</ymax>
            <ymin>103</ymin>
        </bndbox>
        <type>3</type>
        <direction>1</direction>
        <previous>0</previous>
    </vehicle>
    <vehicle>
        <id>4</id>
        <bndbox>
            <xmax>324</xmax>
            <xmin>282</xmin>
            <ymax>168</ymax>
            <ymin>140</ymin>
        </bndbox>
        <type>3</type>
        <direction>7</direction>
        <previous>0</previous>
    </vehicle>
    <vehicle>
        <id>5</id>
        <bndbox>
            <xmax>330</xmax>
            <xmin>209</xmin>
            <ymax>238</ymax>
            <ymin>178</ymin>
        </bndbox>
        <type>7</type>
        <direction>4</direction>
        <previous>0</previous>
    </vehicle>
    <vehicle>
        <id>6</id>
        <bndbox>
            <xmax>353</xmax>
            <xmin>298</xmin>
            <ymax>241</ymax>
            <ymin>232</ymin>
        </bndbox>
        <type>3</type>
        <direction>4</direction>
        <previous>0</previous>
    </vehicle>
    <vehicle>
        <id>7</id>
        <bndbox>
            <xmax>206</xmax>
            <xmin>68</xmin>
            <ymax>241</ymax>
            <ymin>208</ymin>
        </bndbox>
        <type>7</type>
        <direction>4</direction>
        <previous>0</previous>
    </vehicle>
    <vehicle>
        <id>8</id>
        <bndbox>
            <xmax>172</xmax>
            <xmin>95</xmin>
            <ymax>200</ymax>
            <ymin>168</ymin>
        </bndbox>
        <type>3</type>
        <direction>4</direction>
        <previous>0</previous>
    </vehicle>
    <vehicle>
        <id>9</id>
        <bndbox>
            <xmax>45</xmax>
            <xmin>0</xmin>
            <ymax>199</ymax>
            <ymin>168</ymin>
        </bndbox>
        <type>3</type>
        <direction>4</direction>
        <previous>0</previous>
    </vehicle>
    <vehicle>
        <id>10</id>
        <bndbox>
            <xmax>69</xmax>
            <xmin>26</xmin>
            <ymax>149</ymax>
            <ymin>101</ymin>
        </bndbox>
        <type>5</type>
        <direction>2</direction>
        <previous>13</previous>
    </vehicle>
    <vehicle>
        <id>11</id>
        <bndbox>
            <xmax>89</xmax>
            <xmin>66</xmin>
            <ymax>121</ymax>
            <ymin>98</ymin>
        </bndbox>
        <type>7</type>
        <direction>2</direction>
        <previous>14</previous>
    </vehicle>
    <vehicle>
        <id>12</id>
        <bndbox>
            <xmax>105</xmax>
            <xmin>88</xmin>
            <ymax>100</ymax>
            <ymin>88</ymin>
        </bndbox>
        <type>3</type>
        <direction>2</direction>
        <previous>15</previous>
    </vehicle>
    <vehicle>
        <id>13</id>
        <bndbox>
            <xmax>118</xmax>
            <xmin>100</xmin>
            <ymax>91</ymax>
            <ymin>79</ymin>
        </bndbox>
        <type>3</type>
        <direction>2</direction>
        <previous>16</previous>
    </vehicle>
    <vehicle>
        <id>14</id>
        <bndbox>
            <xmax>145</xmax>
            <xmin>138</xmin>
            <ymax>65</ymax>
            <ymin>61</ymin>
        </bndbox>
        <type>1</type>
        <direction>2</direction>
        <previous>0</previous>
    </vehicle>
    <vehicle>
        <id>15</id>
        <bndbox>
            <xmax>49</xmax>
            <xmin>0</xmin>
            <ymax>149</ymax>
            <ymin>93</ymin>
        </bndbox>
        <type>5</type>
        <direction>2</direction>
        <previous>18</previous>
    </vehicle>
    <vehicle>
        <id>16</id>
        <bndbox>
            <xmax>74</xmax>
            <xmin>51</xmin>
            <ymax>105</ymax>
            <ymin>93</ymin>
        </bndbox>
        <type>7</type>
        <direction>2</direction>
        <previous>19</previous>
    </vehicle>
    <vehicle>
        <id>17</id>
        <bndbox>
            <xmax>87</xmax>
            <xmin>70</xmin>
            <ymax>96</ymax>
            <ymin>86</ymin>
        </bndbox>
        <type>2</type>
        <direction>2</direction>
        <previous>20</previous>
    </vehicle>
    <vehicle>
        <id>18</id>
        <bndbox>
            <xmax>102</xmax>
            <xmin>83</xmin>
            <ymax>90</ymax>
            <ymin>75</ymin>
        </bndbox>
        <type>7</type>
        <direction>2</direction>
        <previous>21</previous>
    </vehicle>
    <vehicle>
        <id>19</id>
        <bndbox>
            <xmax>118</xmax>
            <xmin>98</xmin>
            <ymax>80</ymax>
            <ymin>62</ymin>
        </bndbox>
        <type>5</type>
        <direction>2</direction>
        <previous>22</previous>
    </vehicle>
    <vehicle>
        <id>20</id>
        <bndbox>
            <xmax>126</xmax>
            <xmin>118</xmin>
            <ymax>73</ymax>
            <ymin>62</ymin>
        </bndbox>
        <type>3</type>
        <direction>2</direction>
        <previous>0</previous>
    </vehicle>
    <vehicle>
        <id>21</id>
        <bndbox>
            <xmax>65</xmax>
            <xmin>46</xmin>
            <ymax>97</ymax>
            <ymin>84</ymin>
        </bndbox>
        <type>3</type>
        <direction>2</direction>
        <previous>23</previous>
    </vehicle>
    <vehicle>
        <id>22</id>
        <bndbox>
            <xmax>80</xmax>
            <xmin>65</xmin>
            <ymax>94</ymax>
            <ymin>82</ymin>
        </bndbox>
        <type>2</type>
        <direction>2</direction>
        <previous>24</previous>
    </vehicle>
    <vehicle>
        <id>23</id>
        <bndbox>
            <xmax>64</xmax>
            <xmin>45</xmin>
            <ymax>93</ymax>
            <ymin>81</ymin>
        </bndbox>
        <type>3</type>
        <direction>2</direction>
        <previous>25</previous>
    </vehicle>
    <vehicle>
        <id>24</id>
        <bndbox>
            <xmax>78</xmax>
            <xmin>61</xmin>
            <ymax>84</ymax>
            <ymin>71</ymin>
        </bndbox>
        <type>7</type>
        <direction>2</direction>
        <previous>26</previous>
    </vehicle>
    <vehicle>
        <id>25</id>
        <bndbox>
            <xmax>101</xmax>
            <xmin>75</xmin>
            <ymax>79</ymax>
            <ymin>63</ymin>
        </bndbox>
        <type>5</type>
        <direction>2</direction>
        <previous>0</previous>
    </vehicle>
    <vehicle>
        <id>26</id>
        <bndbox>
            <xmax>24</xmax>
            <xmin>0</xmin>
            <ymax>110</ymax>
            <ymin>90</ymin>
        </bndbox>
        <type>5</type>
        <direction>2</direction>
        <previous>27</previous>
    </vehicle>
    <vehicle>
        <id>27</id>
        <bndbox>
            <xmax>46</xmax>
            <xmin>30</xmin>
            <ymax>93</ymax>
            <ymin>82</ymin>
        </bndbox>
        <type>2</type>
        <direction>2</direction>
        <previous>28</previous>
    </vehicle>
    <vehicle>
        <id>28</id>
        <bndbox>
            <xmax>61</xmax>
            <xmin>42</xmin>
            <ymax>86</ymax>
            <ymin>75</ymin>
        </bndbox>
        <type>3</type>
        <direction>2</direction>
        <previous>29</previous>
    </vehicle>
</annotation>
