<annotation>
    <video>164-20160223-09.avi</video>
    <frame>000125</frame>
    <time>2016/02/23 10:19:55</time>
    <width>352</width>
    <height>240</height>
    <weather>1</weather>
    <facing>3</facing>
    <flow>2</flow>
    <vehicle>
        <id>1</id>
        <bndbox>
            <xmax>167</xmax>
            <xmin>156</xmin>
            <ymax>69</ymax>
            <ymin>61</ymin>
        </bndbox>
        <type>1</type>
        <direction>1</direction>
        <previous>0</previous>
    </vehicle>
    <vehicle>
        <id>2</id>
        <bndbox>
            <xmax>172</xmax>
            <xmin>161</xmin>
            <ymax>73</ymax>
            <ymin>66</ymin>
        </bndbox>
        <type>2</type>
        <direction>1</direction>
        <previous>0</previous>
    </vehicle>
    <vehicle>
        <id>3</id>
        <bndbox>
            <xmax>188</xmax>
            <xmin>174</xmin>
            <ymax>73</ymax>
            <ymin>63</ymin>
        </bndbox>
        <type>2</type>
        <direction>1</direction>
        <previous>0</previous>
    </vehicle>
    <vehicle>
        <id>4</id>
        <bndbox>
            <xmax>209</xmax>
            <xmin>193</xmin>
            <ymax>83</ymax>
            <ymin>74</ymin>
        </bndbox>
        <type>2</type>
        <direction>1</direction>
        <previous>0</previous>
    </vehicle>
    <vehicle>
        <id>5</id>
        <bndbox>
            <xmax>309</xmax>
            <xmin>251</xmin>
            <ymax>105</ymax>
            <ymin>75</ymin>
        </bndbox>
        <type>5</type>
        <direction>1</direction>
        <previous>0</previous>
    </vehicle>
    <vehicle>
        <id>6</id>
        <bndbox>
            <xmax>345</xmax>
            <xmin>307</xmin>
            <ymax>112</ymax>
            <ymin>98</ymin>
        </bndbox>
        <type>2</type>
        <direction>1</direction>
        <previous>0</previous>
    </vehicle>
    <vehicle>
        <id>7</id>
        <bndbox>
            <xmax>317</xmax>
            <xmin>277</xmin>
            <ymax>122</ymax>
            <ymin>105</ymin>
        </bndbox>
        <type>1</type>
        <direction>1</direction>
        <previous>0</previous>
    </vehicle>
    <vehicle>
        <id>8</id>
        <bndbox>
            <xmax>353</xmax>
            <xmin>256</xmin>
            <ymax>201</ymax>
            <ymin>152</ymin>
        </bndbox>
        <type>7</type>
        <direction>4</direction>
        <previous>0</previous>
    </vehicle>
    <vehicle>
        <id>9</id>
        <bndbox>
            <xmax>353</xmax>
            <xmin>278</xmin>
            <ymax>232</ymax>
            <ymin>173</ymin>
        </bndbox>
        <type>7</type>
        <direction>4</direction>
        <previous>0</previous>
    </vehicle>
    <vehicle>
        <id>10</id>
        <bndbox>
            <xmax>353</xmax>
            <xmin>309</xmin>
            <ymax>241</ymax>
            <ymin>223</ymin>
        </bndbox>
        <type>3</type>
        <direction>4</direction>
        <previous>0</previous>
    </vehicle>
    <vehicle>
        <id>11</id>
        <bndbox>
            <xmax>242</xmax>
            <xmin>43</xmin>
            <ymax>241</ymax>
            <ymin>172</ymin>
        </bndbox>
        <type>5</type>
        <direction>4</direction>
        <previous>0</previous>
    </vehicle>
    <vehicle>
        <id>12</id>
        <bndbox>
            <xmax>236</xmax>
            <xmin>173</xmin>
            <ymax>198</ymax>
            <ymin>168</ymin>
        </bndbox>
        <type>3</type>
        <direction>4</direction>
        <previous>0</previous>
    </vehicle>
    <vehicle>
        <id>13</id>
        <bndbox>
            <xmax>36</xmax>
            <xmin>0</xmin>
            <ymax>226</ymax>
            <ymin>183</ymin>
        </bndbox>
        <type>2</type>
        <direction>8</direction>
        <previous>0</previous>
    </vehicle>
    <vehicle>
        <id>14</id>
        <bndbox>
            <xmax>122</xmax>
            <xmin>50</xmin>
            <ymax>182</ymax>
            <ymin>143</ymin>
        </bndbox>
        <type>7</type>
        <direction>8</direction>
        <previous>0</previous>
    </vehicle>
    <vehicle>
        <id>15</id>
        <bndbox>
            <xmax>53</xmax>
            <xmin>6</xmin>
            <ymax>177</ymax>
            <ymin>116</ymin>
        </bndbox>
        <type>5</type>
        <direction>8</direction>
        <previous>0</previous>
    </vehicle>
    <vehicle>
        <id>16</id>
        <bndbox>
            <xmax>71</xmax>
            <xmin>45</xmin>
            <ymax>137</ymax>
            <ymin>110</ymin>
        </bndbox>
        <type>2</type>
        <direction>2</direction>
        <previous>0</previous>
    </vehicle>
    <vehicle>
        <id>17</id>
        <bndbox>
            <xmax>88</xmax>
            <xmin>65</xmin>
            <ymax>122</ymax>
            <ymin>102</ymin>
        </bndbox>
        <type>2</type>
        <direction>2</direction>
        <previous>0</previous>
    </vehicle>
    <vehicle>
        <id>18</id>
        <bndbox>
            <xmax>129</xmax>
            <xmin>116</xmin>
            <ymax>76</ymax>
            <ymin>69</ymin>
        </bndbox>
        <type>3</type>
        <direction>2</direction>
        <previous>0</previous>
    </vehicle>
    <vehicle>
        <id>19</id>
        <bndbox>
            <xmax>141</xmax>
            <xmin>129</xmin>
            <ymax>69</ymax>
            <ymin>62</ymin>
        </bndbox>
        <type>3</type>
        <direction>2</direction>
        <previous>0</previous>
    </vehicle>
    <vehicle>
        <id>20</id>
        <bndbox>
            <xmax>85</xmax>
            <xmin>61</xmin>
            <ymax>105</ymax>
            <ymin>85</ymin>
        </bndbox>
        <type>7</type>
        <direction>2</direction>
        <previous>0</previous>
    </vehicle>
    <vehicle>
        <id>21</id>
        <bndbox>
            <xmax>101</xmax>
            <xmin>79</xmin>
            <ymax>89</ymax>
            <ymin>67</ymin>
        </bndbox>
        <type>5</type>
        <direction>2</direction>
        <previous>0</previous>
    </vehicle>
    <vehicle>
        <id>22</id>
        <bndbox>
            <xmax>125</xmax>
            <xmin>103</xmin>
            <ymax>72</ymax>
            <ymin>56</ymin>
        </bndbox>
        <type>5</type>
        <direction>2</direction>
        <previous>0</previous>
    </vehicle>
    <vehicle>
        <id>23</id>
        <bndbox>
            <xmax>15</xmax>
            <xmin>0</xmin>
            <ymax>120</ymax>
            <ymin>105</ymin>
        </bndbox>
        <type>2</type>
        <direction>2</direction>
        <previous>0</previous>
    </vehicle>
    <vehicle>
        <id>24</id>
        <bndbox>
            <xmax>37</xmax>
            <xmin>12</xmin>
            <ymax>109</ymax>
            <ymin>95</ymin>
        </bndbox>
        <type>2</type>
        <direction>2</direction>
        <previous>0</previous>
    </vehicle>
    <vehicle>
        <id>25</id>
        <bndbox>
            <xmax>86</xmax>
            <xmin>62</xmin>
            <ymax>87</ymax>
            <ymin>67</ymin>
        </bndbox>
        <type>6</type>
        <direction>2</direction>
        <previous>0</previous>
    </vehicle>
    <vehicle>
        <id>26</id>
        <bndbox>
            <xmax>27</xmax>
            <xmin>0</xmin>
            <ymax>104</ymax>
            <ymin>79</ymin>
        </bndbox>
        <type>5</type>
        <direction>2</direction>
        <previous>0</previous>
    </vehicle>
    <vehicle>
        <id>27</id>
        <bndbox>
            <xmax>46</xmax>
            <xmin>27</xmin>
            <ymax>97</ymax>
            <ymin>82</ymin>
        </bndbox>
        <type>7</type>
        <direction>2</direction>
        <previous>0</previous>
    </vehicle>
    <vehicle>
        <id>28</id>
        <bndbox>
            <xmax>64</xmax>
            <xmin>46</xmin>
            <ymax>89</ymax>
            <ymin>75</ymin>
        </bndbox>
        <type>7</type>
        <direction>2</direction>
        <previous>0</previous>
    </vehicle>
</annotation>
