<annotation>
    <video>164-20160223-09.avi</video>
    <frame>000154</frame>
    <time>2016/02/23 10:31:28</time>
    <width>352</width>
    <height>240</height>
    <weather>1</weather>
    <facing>3</facing>
    <flow>2</flow>
    <vehicle>
        <id>1</id>
        <bndbox>
            <xmax>162</xmax>
            <xmin>155</xmin>
            <ymax>65</ymax>
            <ymin>58</ymin>
        </bndbox>
        <type>3</type>
        <direction>1</direction>
        <previous>0</previous>
    </vehicle>
    <vehicle>
        <id>2</id>
        <bndbox>
            <xmax>190</xmax>
            <xmin>174</xmin>
            <ymax>82</ymax>
            <ymin>70</ymin>
        </bndbox>
        <type>7</type>
        <direction>1</direction>
        <previous>0</previous>
    </vehicle>
    <vehicle>
        <id>3</id>
        <bndbox>
            <xmax>217</xmax>
            <xmin>199</xmin>
            <ymax>83</ymax>
            <ymin>74</ymin>
        </bndbox>
        <type>2</type>
        <direction>1</direction>
        <previous>0</previous>
    </vehicle>
    <vehicle>
        <id>4</id>
        <bndbox>
            <xmax>266</xmax>
            <xmin>238</xmin>
            <ymax>97</ymax>
            <ymin>86</ymin>
        </bndbox>
        <type>3</type>
        <direction>1</direction>
        <previous>0</previous>
    </vehicle>
    <vehicle>
        <id>5</id>
        <bndbox>
            <xmax>275</xmax>
            <xmin>241</xmin>
            <ymax>114</ymax>
            <ymin>98</ymin>
        </bndbox>
        <type>2</type>
        <direction>1</direction>
        <previous>0</previous>
    </vehicle>
    <vehicle>
        <id>6</id>
        <bndbox>
            <xmax>324</xmax>
            <xmin>290</xmin>
            <ymax>111</ymax>
            <ymin>96</ymin>
        </bndbox>
        <type>2</type>
        <direction>1</direction>
        <previous>0</previous>
    </vehicle>
    <vehicle>
        <id>7</id>
        <bndbox>
            <xmax>329</xmax>
            <xmin>291</xmin>
            <ymax>145</ymax>
            <ymin>109</ymin>
        </bndbox>
        <type>7</type>
        <direction>7</direction>
        <previous>0</previous>
    </vehicle>
    <vehicle>
        <id>8</id>
        <bndbox>
            <xmax>351</xmax>
            <xmin>310</xmin>
            <ymax>229</ymax>
            <ymin>190</ymin>
        </bndbox>
        <type>3</type>
        <direction>4</direction>
        <previous>0</previous>
    </vehicle>
    <vehicle>
        <id>9</id>
        <bndbox>
            <xmax>125</xmax>
            <xmin>32</xmin>
            <ymax>214</ymax>
            <ymin>137</ymin>
        </bndbox>
        <type>5</type>
        <direction>8</direction>
        <previous>10</previous>
    </vehicle>
    <vehicle>
        <id>10</id>
        <bndbox>
            <xmax>82</xmax>
            <xmin>36</xmin>
            <ymax>139</ymax>
            <ymin>92</ymin>
        </bndbox>
        <type>5</type>
        <direction>2</direction>
        <previous>11</previous>
    </vehicle>
    <vehicle>
        <id>11</id>
        <bndbox>
            <xmax>115</xmax>
            <xmin>99</xmin>
            <ymax>95</ymax>
            <ymin>78</ymin>
        </bndbox>
        <type>7</type>
        <direction>2</direction>
        <previous>12</previous>
    </vehicle>
    <vehicle>
        <id>12</id>
        <bndbox>
            <xmax>125</xmax>
            <xmin>114</xmin>
            <ymax>83</ymax>
            <ymin>73</ymin>
        </bndbox>
        <type>3</type>
        <direction>2</direction>
        <previous>19</previous>
    </vehicle>
    <vehicle>
        <id>13</id>
        <bndbox>
            <xmax>75</xmax>
            <xmin>0</xmin>
            <ymax>159</ymax>
            <ymin>81</ymin>
        </bndbox>
        <type>6</type>
        <direction>2</direction>
        <previous>9</previous>
    </vehicle>
    <vehicle>
        <id>14</id>
        <bndbox>
            <xmax>93</xmax>
            <xmin>76</xmin>
            <ymax>99</ymax>
            <ymin>85</ymin>
        </bndbox>
        <type>2</type>
        <direction>2</direction>
        <previous>0</previous>
    </vehicle>
    <vehicle>
        <id>15</id>
        <bndbox>
            <xmax>106</xmax>
            <xmin>94</xmin>
            <ymax>87</ymax>
            <ymin>78</ymin>
        </bndbox>
        <type>3</type>
        <direction>2</direction>
        <previous>0</previous>
    </vehicle>
    <vehicle>
        <id>16</id>
        <bndbox>
            <xmax>118</xmax>
            <xmin>106</xmin>
            <ymax>80</ymax>
            <ymin>71</ymin>
        </bndbox>
        <type>3</type>
        <direction>2</direction>
        <previous>0</previous>
    </vehicle>
    <vehicle>
        <id>17</id>
        <bndbox>
            <xmax>91</xmax>
            <xmin>75</xmin>
            <ymax>90</ymax>
            <ymin>77</ymin>
        </bndbox>
        <type>2</type>
        <direction>2</direction>
        <previous>0</previous>
    </vehicle>
    <vehicle>
        <id>18</id>
        <bndbox>
            <xmax>104</xmax>
            <xmin>89</xmin>
            <ymax>82</ymax>
            <ymin>74</ymin>
        </bndbox>
        <type>3</type>
        <direction>2</direction>
        <previous>0</previous>
    </vehicle>
    <vehicle>
        <id>19</id>
        <bndbox>
            <xmax>108</xmax>
            <xmin>98</xmin>
            <ymax>75</ymax>
            <ymin>69</ymin>
        </bndbox>
        <type>3</type>
        <direction>2</direction>
        <previous>0</previous>
    </vehicle>
    <vehicle>
        <id>20</id>
        <bndbox>
            <xmax>128</xmax>
            <xmin>118</xmin>
            <ymax>71</ymax>
            <ymin>64</ymin>
        </bndbox>
        <type>1</type>
        <direction>2</direction>
        <previous>0</previous>
    </vehicle>
    <vehicle>
        <id>21</id>
        <bndbox>
            <xmax>118</xmax>
            <xmin>109</xmin>
            <ymax>71</ymax>
            <ymin>65</ymin>
        </bndbox>
        <type>3</type>
        <direction>2</direction>
        <previous>0</previous>
    </vehicle>
    <vehicle>
        <id>22</id>
        <bndbox>
            <xmax>145</xmax>
            <xmin>128</xmin>
            <ymax>67</ymax>
            <ymin>54</ymin>
        </bndbox>
        <type>5</type>
        <direction>2</direction>
        <previous>0</previous>
    </vehicle>
    <vehicle>
        <id>23</id>
        <bndbox>
            <xmax>86</xmax>
            <xmin>68</xmin>
            <ymax>86</ymax>
            <ymin>72</ymin>
        </bndbox>
        <type>7</type>
        <direction>2</direction>
        <previous>0</previous>
    </vehicle>
    <vehicle>
        <id>24</id>
        <bndbox>
            <xmax>35</xmax>
            <xmin>2</xmin>
            <ymax>103</ymax>
            <ymin>78</ymin>
        </bndbox>
        <type>5</type>
        <direction>2</direction>
        <previous>6</previous>
    </vehicle>
    <vehicle>
        <id>25</id>
        <bndbox>
            <xmax>71</xmax>
            <xmin>54</xmin>
            <ymax>83</ymax>
            <ymin>73</ymin>
        </bndbox>
        <type>3</type>
        <direction>2</direction>
        <previous>0</previous>
    </vehicle>
    <vehicle>
        <id>26</id>
        <bndbox>
            <xmax>95</xmax>
            <xmin>73</xmin>
            <ymax>74</ymax>
            <ymin>63</ymin>
        </bndbox>
        <type>5</type>
        <direction>2</direction>
        <previous>0</previous>
    </vehicle>
</annotation>
