<annotation>
    <video>164-20160223-09.avi</video>
    <frame>000171</frame>
    <time>2016/02/23 10:38:16</time>
    <width>352</width>
    <height>240</height>
    <weather>1</weather>
    <facing>3</facing>
    <flow>1</flow>
    <vehicle>
        <id>1</id>
        <bndbox>
            <xmax>52</xmax>
            <xmin>17</xmin>
            <ymax>147</ymax>
            <ymin>124</ymin>
        </bndbox>
        <type>3</type>
        <direction>2</direction>
        <previous>0</previous>
    </vehicle>
    <vehicle>
        <id>2</id>
        <bndbox>
            <xmax>20</xmax>
            <xmin>0</xmin>
            <ymax>146</ymax>
            <ymin>129</ymin>
        </bndbox>
        <type>2</type>
        <direction>2</direction>
        <previous>0</previous>
    </vehicle>
    <vehicle>
        <id>3</id>
        <bndbox>
            <xmax>50</xmax>
            <xmin>20</xmin>
            <ymax>133</ymax>
            <ymin>115</ymin>
        </bndbox>
        <type>2</type>
        <direction>2</direction>
        <previous>0</previous>
    </vehicle>
    <vehicle>
        <id>4</id>
        <bndbox>
            <xmax>52</xmax>
            <xmin>0</xmin>
            <ymax>133</ymax>
            <ymin>84</ymin>
        </bndbox>
        <type>6</type>
        <direction>2</direction>
        <previous>0</previous>
    </vehicle>
    <vehicle>
        <id>5</id>
        <bndbox>
            <xmax>23</xmax>
            <xmin>0</xmin>
            <ymax>93</ymax>
            <ymin>81</ymin>
        </bndbox>
        <type>5</type>
        <direction>2</direction>
        <previous>0</previous>
    </vehicle>
    <vehicle>
        <id>6</id>
        <bndbox>
            <xmax>64</xmax>
            <xmin>30</xmin>
            <ymax>93</ymax>
            <ymin>75</ymin>
        </bndbox>
        <type>9</type>
        <direction>2</direction>
        <previous>0</previous>
    </vehicle>
    <vehicle>
        <id>7</id>
        <bndbox>
            <xmax>91</xmax>
            <xmin>62</xmin>
            <ymax>84</ymax>
            <ymin>68</ymin>
        </bndbox>
        <type>9</type>
        <direction>2</direction>
        <previous>0</previous>
    </vehicle>
    <vehicle>
        <id>8</id>
        <bndbox>
            <xmax>89</xmax>
            <xmin>54</xmin>
            <ymax>113</ymax>
            <ymin>81</ymin>
        </bndbox>
        <type>5</type>
        <direction>2</direction>
        <previous>0</previous>
    </vehicle>
    <vehicle>
        <id>9</id>
        <bndbox>
            <xmax>119</xmax>
            <xmin>102</xmin>
            <ymax>89</ymax>
            <ymin>66</ymin>
        </bndbox>
        <type>5</type>
        <direction>2</direction>
        <previous>0</previous>
    </vehicle>
    <vehicle>
        <id>10</id>
        <bndbox>
            <xmax>125</xmax>
            <xmin>117</xmin>
            <ymax>76</ymax>
            <ymin>69</ymin>
        </bndbox>
        <type>1</type>
        <direction>2</direction>
        <previous>0</previous>
    </vehicle>
    <vehicle>
        <id>11</id>
        <bndbox>
            <xmax>104</xmax>
            <xmin>91</xmin>
            <ymax>77</ymax>
            <ymin>69</ymin>
        </bndbox>
        <type>3</type>
        <direction>2</direction>
        <previous>0</previous>
    </vehicle>
    <vehicle>
        <id>12</id>
        <bndbox>
            <xmax>117</xmax>
            <xmin>97</xmin>
            <ymax>72</ymax>
            <ymin>61</ymin>
        </bndbox>
        <type>8</type>
        <direction>2</direction>
        <previous>0</previous>
    </vehicle>
    <vehicle>
        <id>13</id>
        <bndbox>
            <xmax>162</xmax>
            <xmin>0</xmin>
            <ymax>203</ymax>
            <ymin>142</ymin>
        </bndbox>
        <type>9</type>
        <direction>4</direction>
        <previous>0</previous>
    </vehicle>
    <vehicle>
        <id>14</id>
        <bndbox>
            <xmax>16</xmax>
            <xmin>0</xmin>
            <ymax>237</ymax>
            <ymin>212</ymin>
        </bndbox>
        <type>3</type>
        <direction>4</direction>
        <previous>0</previous>
    </vehicle>
    <vehicle>
        <id>15</id>
        <bndbox>
            <xmax>292</xmax>
            <xmin>188</xmin>
            <ymax>241</ymax>
            <ymin>196</ymin>
        </bndbox>
        <type>2</type>
        <direction>4</direction>
        <previous>0</previous>
    </vehicle>
    <vehicle>
        <id>16</id>
        <bndbox>
            <xmax>353</xmax>
            <xmin>284</xmin>
            <ymax>206</ymax>
            <ymin>176</ymin>
        </bndbox>
        <type>3</type>
        <direction>4</direction>
        <previous>0</previous>
    </vehicle>
</annotation>
