<annotation>
    <video>164-20160223-09.avi</video>
    <frame>000124</frame>
    <time>2016/02/23 10:19:32</time>
    <width>352</width>
    <height>240</height>
    <weather>1</weather>
    <facing>3</facing>
    <flow>2</flow>
    <vehicle>
        <id>1</id>
        <bndbox>
            <xmax>323</xmax>
            <xmin>271</xmin>
            <ymax>115</ymax>
            <ymin>83</ymin>
        </bndbox>
        <type>5</type>
        <direction>1</direction>
        <previous>0</previous>
    </vehicle>
    <vehicle>
        <id>2</id>
        <bndbox>
            <xmax>332</xmax>
            <xmin>297</xmin>
            <ymax>146</ymax>
            <ymin>110</ymin>
        </bndbox>
        <type>5</type>
        <direction>1</direction>
        <previous>0</previous>
    </vehicle>
    <vehicle>
        <id>3</id>
        <bndbox>
            <xmax>353</xmax>
            <xmin>227</xmin>
            <ymax>241</ymax>
            <ymin>206</ymin>
        </bndbox>
        <type>9</type>
        <direction>4</direction>
        <previous>0</previous>
    </vehicle>
    <vehicle>
        <id>4</id>
        <bndbox>
            <xmax>144</xmax>
            <xmin>34</xmin>
            <ymax>241</ymax>
            <ymin>203</ymin>
        </bndbox>
        <type>3</type>
        <direction>4</direction>
        <previous>0</previous>
    </vehicle>
    <vehicle>
        <id>5</id>
        <bndbox>
            <xmax>204</xmax>
            <xmin>113</xmin>
            <ymax>217</ymax>
            <ymin>178</ymin>
        </bndbox>
        <type>2</type>
        <direction>4</direction>
        <previous>0</previous>
    </vehicle>
    <vehicle>
        <id>6</id>
        <bndbox>
            <xmax>59</xmax>
            <xmin>16</xmin>
            <ymax>186</ymax>
            <ymin>133</ymin>
        </bndbox>
        <type>7</type>
        <direction>8</direction>
        <previous>0</previous>
    </vehicle>
    <vehicle>
        <id>7</id>
        <bndbox>
            <xmax>72</xmax>
            <xmin>37</xmin>
            <ymax>140</ymax>
            <ymin>104</ymin>
        </bndbox>
        <type>7</type>
        <direction>2</direction>
        <previous>0</previous>
    </vehicle>
    <vehicle>
        <id>8</id>
        <bndbox>
            <xmax>99</xmax>
            <xmin>81</xmin>
            <ymax>108</ymax>
            <ymin>95</ymin>
        </bndbox>
        <type>3</type>
        <direction>2</direction>
        <previous>0</previous>
    </vehicle>
    <vehicle>
        <id>9</id>
        <bndbox>
            <xmax>113</xmax>
            <xmin>93</xmin>
            <ymax>98</ymax>
            <ymin>80</ymin>
        </bndbox>
        <type>7</type>
        <direction>2</direction>
        <previous>0</previous>
    </vehicle>
    <vehicle>
        <id>10</id>
        <bndbox>
            <xmax>131</xmax>
            <xmin>113</xmin>
            <ymax>83</ymax>
            <ymin>65</ymin>
        </bndbox>
        <type>5</type>
        <direction>2</direction>
        <previous>0</previous>
    </vehicle>
    <vehicle>
        <id>11</id>
        <bndbox>
            <xmax>137</xmax>
            <xmin>127</xmin>
            <ymax>74</ymax>
            <ymin>64</ymin>
        </bndbox>
        <type>3</type>
        <direction>2</direction>
        <previous>0</previous>
    </vehicle>
    <vehicle>
        <id>12</id>
        <bndbox>
            <xmax>143</xmax>
            <xmin>132</xmin>
            <ymax>68</ymax>
            <ymin>61</ymin>
        </bndbox>
        <type>3</type>
        <direction>2</direction>
        <previous>0</previous>
    </vehicle>
    <vehicle>
        <id>13</id>
        <bndbox>
            <xmax>21</xmax>
            <xmin>0</xmin>
            <ymax>154</ymax>
            <ymin>112</ymin>
        </bndbox>
        <type>5</type>
        <direction>2</direction>
        <previous>0</previous>
    </vehicle>
    <vehicle>
        <id>14</id>
        <bndbox>
            <xmax>74</xmax>
            <xmin>54</xmin>
            <ymax>108</ymax>
            <ymin>95</ymin>
        </bndbox>
        <type>3</type>
        <direction>2</direction>
        <previous>0</previous>
    </vehicle>
    <vehicle>
        <id>15</id>
        <bndbox>
            <xmax>96</xmax>
            <xmin>79</xmin>
            <ymax>95</ymax>
            <ymin>81</ymin>
        </bndbox>
        <type>2</type>
        <direction>2</direction>
        <previous>0</previous>
    </vehicle>
    <vehicle>
        <id>16</id>
        <bndbox>
            <xmax>107</xmax>
            <xmin>96</xmin>
            <ymax>84</ymax>
            <ymin>77</ymin>
        </bndbox>
        <type>3</type>
        <direction>2</direction>
        <previous>0</previous>
    </vehicle>
    <vehicle>
        <id>17</id>
        <bndbox>
            <xmax>114</xmax>
            <xmin>106</xmin>
            <ymax>79</ymax>
            <ymin>66</ymin>
        </bndbox>
        <type>7</type>
        <direction>2</direction>
        <previous>0</previous>
    </vehicle>
    <vehicle>
        <id>18</id>
        <bndbox>
            <xmax>49</xmax>
            <xmin>7</xmin>
            <ymax>123</ymax>
            <ymin>91</ymin>
        </bndbox>
        <type>8</type>
        <direction>2</direction>
        <previous>0</previous>
    </vehicle>
    <vehicle>
        <id>19</id>
        <bndbox>
            <xmax>80</xmax>
            <xmin>62</xmin>
            <ymax>95</ymax>
            <ymin>82</ymin>
        </bndbox>
        <type>2</type>
        <direction>2</direction>
        <previous>0</previous>
    </vehicle>
    <vehicle>
        <id>20</id>
        <bndbox>
            <xmax>42</xmax>
            <xmin>17</xmin>
            <ymax>99</ymax>
            <ymin>84</ymin>
        </bndbox>
        <type>7</type>
        <direction>2</direction>
        <previous>0</previous>
    </vehicle>
    <vehicle>
        <id>21</id>
        <bndbox>
            <xmax>67</xmax>
            <xmin>54</xmin>
            <ymax>91</ymax>
            <ymin>81</ymin>
        </bndbox>
        <type>2</type>
        <direction>2</direction>
        <previous>0</previous>
    </vehicle>
    <vehicle>
        <id>22</id>
        <bndbox>
            <xmax>95</xmax>
            <xmin>78</xmin>
            <ymax>81</ymax>
            <ymin>71</ymin>
        </bndbox>
        <type>3</type>
        <direction>2</direction>
        <previous>0</previous>
    </vehicle>
    <vehicle>
        <id>23</id>
        <bndbox>
            <xmax>116</xmax>
            <xmin>98</xmin>
            <ymax>73</ymax>
            <ymin>59</ymin>
        </bndbox>
        <type>5</type>
        <direction>2</direction>
        <previous>0</previous>
    </vehicle>
    <vehicle>
        <id>24</id>
        <bndbox>
            <xmax>30</xmax>
            <xmin>3</xmin>
            <ymax>106</ymax>
            <ymin>83</ymin>
        </bndbox>
        <type>7</type>
        <direction>2</direction>
        <previous>0</previous>
    </vehicle>
    <vehicle>
        <id>25</id>
        <bndbox>
            <xmax>69</xmax>
            <xmin>53</xmin>
            <ymax>84</ymax>
            <ymin>76</ymin>
        </bndbox>
        <type>2</type>
        <direction>2</direction>
        <previous>0</previous>
    </vehicle>
    <vehicle>
        <id>26</id>
        <bndbox>
            <xmax>86</xmax>
            <xmin>74</xmin>
            <ymax>77</ymax>
            <ymin>68</ymin>
        </bndbox>
        <type>3</type>
        <direction>2</direction>
        <previous>0</previous>
    </vehicle>
</annotation>
