<annotation>
    <video>164-20160223-09.avi</video>
    <frame>000159</frame>
    <time>2016/02/23 10:33:28</time>
    <width>352</width>
    <height>240</height>
    <weather>1</weather>
    <facing>3</facing>
    <flow>2</flow>
    <vehicle>
        <id>1</id>
        <bndbox>
            <xmax>25</xmax>
            <xmin>0</xmin>
            <ymax>116</ymax>
            <ymin>95</ymin>
        </bndbox>
        <type>7</type>
        <direction>2</direction>
        <previous>0</previous>
    </vehicle>
    <vehicle>
        <id>2</id>
        <bndbox>
            <xmax>48</xmax>
            <xmin>23</xmin>
            <ymax>104</ymax>
            <ymin>90</ymin>
        </bndbox>
        <type>4</type>
        <direction>2</direction>
        <previous>0</previous>
    </vehicle>
    <vehicle>
        <id>3</id>
        <bndbox>
            <xmax>61</xmax>
            <xmin>39</xmin>
            <ymax>95</ymax>
            <ymin>80</ymin>
        </bndbox>
        <type>7</type>
        <direction>2</direction>
        <previous>0</previous>
    </vehicle>
    <vehicle>
        <id>4</id>
        <bndbox>
            <xmax>80</xmax>
            <xmin>60</xmin>
            <ymax>89</ymax>
            <ymin>68</ymin>
        </bndbox>
        <type>5</type>
        <direction>2</direction>
        <previous>0</previous>
    </vehicle>
    <vehicle>
        <id>5</id>
        <bndbox>
            <xmax>12</xmax>
            <xmin>0</xmin>
            <ymax>101</ymax>
            <ymin>90</ymin>
        </bndbox>
        <type>7</type>
        <direction>2</direction>
        <previous>0</previous>
    </vehicle>
    <vehicle>
        <id>6</id>
        <bndbox>
            <xmax>28</xmax>
            <xmin>14</xmin>
            <ymax>98</ymax>
            <ymin>90</ymin>
        </bndbox>
        <type>3</type>
        <direction>2</direction>
        <previous>0</previous>
    </vehicle>
    <vehicle>
        <id>7</id>
        <bndbox>
            <xmax>42</xmax>
            <xmin>31</xmin>
            <ymax>93</ymax>
            <ymin>83</ymin>
        </bndbox>
        <type>3</type>
        <direction>2</direction>
        <previous>0</previous>
    </vehicle>
    <vehicle>
        <id>8</id>
        <bndbox>
            <xmax>59</xmax>
            <xmin>49</xmin>
            <ymax>81</ymax>
            <ymin>74</ymin>
        </bndbox>
        <type>3</type>
        <direction>2</direction>
        <previous>0</previous>
    </vehicle>
    <vehicle>
        <id>9</id>
        <bndbox>
            <xmax>191</xmax>
            <xmin>166</xmin>
            <ymax>73</ymax>
            <ymin>57</ymin>
        </bndbox>
        <type>5</type>
        <direction>1</direction>
        <previous>0</previous>
    </vehicle>
    <vehicle>
        <id>10</id>
        <bndbox>
            <xmax>239</xmax>
            <xmin>217</xmin>
            <ymax>89</ymax>
            <ymin>76</ymin>
        </bndbox>
        <type>3</type>
        <direction>1</direction>
        <previous>0</previous>
    </vehicle>
    <vehicle>
        <id>11</id>
        <bndbox>
            <xmax>349</xmax>
            <xmin>304</xmin>
            <ymax>130</ymax>
            <ymin>110</ymin>
        </bndbox>
        <type>1</type>
        <direction>1</direction>
        <previous>0</previous>
    </vehicle>
    <vehicle>
        <id>12</id>
        <bndbox>
            <xmax>353</xmax>
            <xmin>313</xmin>
            <ymax>191</ymax>
            <ymin>140</ymin>
        </bndbox>
        <type>5</type>
        <direction>4</direction>
        <previous>0</previous>
    </vehicle>
    <vehicle>
        <id>13</id>
        <bndbox>
            <xmax>353</xmax>
            <xmin>273</xmin>
            <ymax>227</ymax>
            <ymin>186</ymin>
        </bndbox>
        <type>3</type>
        <direction>4</direction>
        <previous>0</previous>
    </vehicle>
    <vehicle>
        <id>14</id>
        <bndbox>
            <xmax>239</xmax>
            <xmin>146</xmin>
            <ymax>217</ymax>
            <ymin>181</ymin>
        </bndbox>
        <type>3</type>
        <direction>4</direction>
        <previous>0</previous>
    </vehicle>
    <vehicle>
        <id>15</id>
        <bndbox>
            <xmax>143</xmax>
            <xmin>41</xmin>
            <ymax>241</ymax>
            <ymin>217</ymin>
        </bndbox>
        <type>2</type>
        <direction>4</direction>
        <previous>0</previous>
    </vehicle>
    <vehicle>
        <id>16</id>
        <bndbox>
            <xmax>41</xmax>
            <xmin>0</xmin>
            <ymax>239</ymax>
            <ymin>195</ymin>
        </bndbox>
        <type>3</type>
        <direction>4</direction>
        <previous>0</previous>
    </vehicle>
    <vehicle>
        <id>17</id>
        <bndbox>
            <xmax>88</xmax>
            <xmin>32</xmin>
            <ymax>198</ymax>
            <ymin>156</ymin>
        </bndbox>
        <type>4</type>
        <direction>8</direction>
        <previous>0</previous>
    </vehicle>
    <vehicle>
        <id>18</id>
        <bndbox>
            <xmax>48</xmax>
            <xmin>0</xmin>
            <ymax>187</ymax>
            <ymin>117</ymin>
        </bndbox>
        <type>5</type>
        <direction>2</direction>
        <previous>0</previous>
    </vehicle>
    <vehicle>
        <id>19</id>
        <bndbox>
            <xmax>74</xmax>
            <xmin>39</xmin>
            <ymax>138</ymax>
            <ymin>101</ymin>
        </bndbox>
        <type>7</type>
        <direction>2</direction>
        <previous>0</previous>
    </vehicle>
    <vehicle>
        <id>20</id>
        <bndbox>
            <xmax>96</xmax>
            <xmin>72</xmin>
            <ymax>112</ymax>
            <ymin>86</ymin>
        </bndbox>
        <type>7</type>
        <direction>2</direction>
        <previous>0</previous>
    </vehicle>
    <vehicle>
        <id>21</id>
        <bndbox>
            <xmax>106</xmax>
            <xmin>72</xmin>
            <ymax>91</ymax>
            <ymin>66</ymin>
        </bndbox>
        <type>5</type>
        <direction>2</direction>
        <previous>0</previous>
    </vehicle>
    <vehicle>
        <id>22</id>
        <bndbox>
            <xmax>115</xmax>
            <xmin>105</xmin>
            <ymax>80</ymax>
            <ymin>72</ymin>
        </bndbox>
        <type>3</type>
        <direction>2</direction>
        <previous>0</previous>
    </vehicle>
    <vehicle>
        <id>23</id>
        <bndbox>
            <xmax>141</xmax>
            <xmin>130</xmin>
            <ymax>71</ymax>
            <ymin>61</ymin>
        </bndbox>
        <type>3</type>
        <direction>2</direction>
        <previous>0</previous>
    </vehicle>
    <vehicle>
        <id>24</id>
        <bndbox>
            <xmax>125</xmax>
            <xmin>115</xmin>
            <ymax>69</ymax>
            <ymin>63</ymin>
        </bndbox>
        <type>3</type>
        <direction>2</direction>
        <previous>0</previous>
    </vehicle>
    <vehicle>
        <id>25</id>
        <bndbox>
            <xmax>352</xmax>
            <xmin>289</xmin>
            <ymax>241</ymax>
            <ymin>219</ymin>
        </bndbox>
        <type>5</type>
        <direction>4</direction>
        <previous>0</previous>
    </vehicle>
    <vehicle>
        <id>26</id>
        <bndbox>
            <xmax>293</xmax>
            <xmin>188</xmin>
            <ymax>241</ymax>
            <ymin>224</ymin>
        </bndbox>
        <type>2</type>
        <direction>4</direction>
        <previous>0</previous>
    </vehicle>
</annotation>
