<annotation>
    <video>164-20160223-09.avi</video>
    <frame>000119</frame>
    <time>2016/02/23 10:17:32</time>
    <width>352</width>
    <height>240</height>
    <weather>1</weather>
    <facing>3</facing>
    <flow>1</flow>
    <vehicle>
        <id>1</id>
        <bndbox>
            <xmax>64</xmax>
            <xmin>19</xmin>
            <ymax>158</ymax>
            <ymin>104</ymin>
        </bndbox>
        <type>5</type>
        <direction>2</direction>
        <previous>16</previous>
    </vehicle>
    <vehicle>
        <id>2</id>
        <bndbox>
            <xmax>79</xmax>
            <xmin>53</xmin>
            <ymax>128</ymax>
            <ymin>98</ymin>
        </bndbox>
        <type>7</type>
        <direction>2</direction>
        <previous>17</previous>
    </vehicle>
    <vehicle>
        <id>3</id>
        <bndbox>
            <xmax>97</xmax>
            <xmin>79</xmin>
            <ymax>111</ymax>
            <ymin>94</ymin>
        </bndbox>
        <type>3</type>
        <direction>2</direction>
        <previous>18</previous>
    </vehicle>
    <vehicle>
        <id>4</id>
        <bndbox>
            <xmax>108</xmax>
            <xmin>94</xmin>
            <ymax>99</ymax>
            <ymin>87</ymin>
        </bndbox>
        <type>3</type>
        <direction>2</direction>
        <previous>0</previous>
    </vehicle>
    <vehicle>
        <id>5</id>
        <bndbox>
            <xmax>119</xmax>
            <xmin>104</xmin>
            <ymax>88</ymax>
            <ymin>77</ymin>
        </bndbox>
        <type>3</type>
        <direction>2</direction>
        <previous>0</previous>
    </vehicle>
    <vehicle>
        <id>6</id>
        <bndbox>
            <xmax>17</xmax>
            <xmin>0</xmin>
            <ymax>151</ymax>
            <ymin>124</ymin>
        </bndbox>
        <type>7</type>
        <direction>2</direction>
        <previous>12</previous>
    </vehicle>
    <vehicle>
        <id>7</id>
        <bndbox>
            <xmax>23</xmax>
            <xmin>15</xmin>
            <ymax>130</ymax>
            <ymin>122</ymin>
        </bndbox>
        <type>3</type>
        <direction>2</direction>
        <previous>0</previous>
    </vehicle>
    <vehicle>
        <id>8</id>
        <bndbox>
            <xmax>69</xmax>
            <xmin>49</xmin>
            <ymax>104</ymax>
            <ymin>93</ymin>
        </bndbox>
        <type>7</type>
        <direction>2</direction>
        <previous>0</previous>
    </vehicle>
    <vehicle>
        <id>9</id>
        <bndbox>
            <xmax>87</xmax>
            <xmin>67</xmin>
            <ymax>100</ymax>
            <ymin>85</ymin>
        </bndbox>
        <type>7</type>
        <direction>2</direction>
        <previous>0</previous>
    </vehicle>
    <vehicle>
        <id>10</id>
        <bndbox>
            <xmax>110</xmax>
            <xmin>95</xmin>
            <ymax>87</ymax>
            <ymin>74</ymin>
        </bndbox>
        <type>2</type>
        <direction>2</direction>
        <previous>0</previous>
    </vehicle>
    <vehicle>
        <id>11</id>
        <bndbox>
            <xmax>37</xmax>
            <xmin>9</xmin>
            <ymax>123</ymax>
            <ymin>102</ymin>
        </bndbox>
        <type>2</type>
        <direction>2</direction>
        <previous>13</previous>
    </vehicle>
    <vehicle>
        <id>12</id>
        <bndbox>
            <xmax>67</xmax>
            <xmin>34</xmin>
            <ymax>107</ymax>
            <ymin>80</ymin>
        </bndbox>
        <type>5</type>
        <direction>2</direction>
        <previous>0</previous>
    </vehicle>
    <vehicle>
        <id>13</id>
        <bndbox>
            <xmax>83</xmax>
            <xmin>69</xmin>
            <ymax>89</ymax>
            <ymin>79</ymin>
        </bndbox>
        <type>3</type>
        <direction>2</direction>
        <previous>0</previous>
    </vehicle>
    <vehicle>
        <id>14</id>
        <bndbox>
            <xmax>34</xmax>
            <xmin>11</xmin>
            <ymax>110</ymax>
            <ymin>93</ymin>
        </bndbox>
        <type>2</type>
        <direction>2</direction>
        <previous>1</previous>
    </vehicle>
    <vehicle>
        <id>15</id>
        <bndbox>
            <xmax>111</xmax>
            <xmin>101</xmin>
            <ymax>78</ymax>
            <ymin>71</ymin>
        </bndbox>
        <type>3</type>
        <direction>2</direction>
        <previous>0</previous>
    </vehicle>
    <vehicle>
        <id>16</id>
        <bndbox>
            <xmax>113</xmax>
            <xmin>104</xmin>
            <ymax>71</ymax>
            <ymin>66</ymin>
        </bndbox>
        <type>3</type>
        <direction>2</direction>
        <previous>0</previous>
    </vehicle>
    <vehicle>
        <id>17</id>
        <bndbox>
            <xmax>122</xmax>
            <xmin>113</xmin>
            <ymax>70</ymax>
            <ymin>64</ymin>
        </bndbox>
        <type>3</type>
        <direction>2</direction>
        <previous>0</previous>
    </vehicle>
    <vehicle>
        <id>18</id>
        <bndbox>
            <xmax>8</xmax>
            <xmin>0</xmin>
            <ymax>111</ymax>
            <ymin>94</ymin>
        </bndbox>
        <type>7</type>
        <direction>2</direction>
        <previous>9</previous>
    </vehicle>
    <vehicle>
        <id>19</id>
        <bndbox>
            <xmax>44</xmax>
            <xmin>6</xmin>
            <ymax>101</ymax>
            <ymin>73</ymin>
        </bndbox>
        <type>5</type>
        <direction>2</direction>
        <previous>10</previous>
    </vehicle>
    <vehicle>
        <id>20</id>
        <bndbox>
            <xmax>86</xmax>
            <xmin>57</xmin>
            <ymax>87</ymax>
            <ymin>64</ymin>
        </bndbox>
        <type>5</type>
        <direction>2</direction>
        <previous>4</previous>
    </vehicle>
    <vehicle>
        <id>21</id>
        <bndbox>
            <xmax>101</xmax>
            <xmin>86</xmin>
            <ymax>77</ymax>
            <ymin>67</ymin>
        </bndbox>
        <type>7</type>
        <direction>2</direction>
        <previous>5</previous>
    </vehicle>
    <vehicle>
        <id>22</id>
        <bndbox>
            <xmax>163</xmax>
            <xmin>156</xmin>
            <ymax>64</ymax>
            <ymin>59</ymin>
        </bndbox>
        <type>2</type>
        <direction>1</direction>
        <previous>0</previous>
    </vehicle>
    <vehicle>
        <id>23</id>
        <bndbox>
            <xmax>170</xmax>
            <xmin>163</xmin>
            <ymax>68</ymax>
            <ymin>61</ymin>
        </bndbox>
        <type>3</type>
        <direction>1</direction>
        <previous>0</previous>
    </vehicle>
    <vehicle>
        <id>24</id>
        <bndbox>
            <xmax>190</xmax>
            <xmin>174</xmin>
            <ymax>81</ymax>
            <ymin>71</ymin>
        </bndbox>
        <type>2</type>
        <direction>1</direction>
        <previous>0</previous>
    </vehicle>
    <vehicle>
        <id>25</id>
        <bndbox>
            <xmax>190</xmax>
            <xmin>176</xmin>
            <ymax>73</ymax>
            <ymin>65</ymin>
        </bndbox>
        <type>2</type>
        <direction>1</direction>
        <previous>0</previous>
    </vehicle>
    <vehicle>
        <id>26</id>
        <bndbox>
            <xmax>310</xmax>
            <xmin>273</xmin>
            <ymax>114</ymax>
            <ymin>92</ymin>
        </bndbox>
        <type>7</type>
        <direction>1</direction>
        <previous>0</previous>
    </vehicle>
    <vehicle>
        <id>27</id>
        <bndbox>
            <xmax>306</xmax>
            <xmin>271</xmin>
            <ymax>129</ymax>
            <ymin>111</ymin>
        </bndbox>
        <type>2</type>
        <direction>1</direction>
        <previous>0</previous>
    </vehicle>
    <vehicle>
        <id>28</id>
        <bndbox>
            <xmax>327</xmax>
            <xmin>289</xmin>
            <ymax>163</ymax>
            <ymin>135</ymin>
        </bndbox>
        <type>2</type>
        <direction>7</direction>
        <previous>0</previous>
    </vehicle>
    <vehicle>
        <id>29</id>
        <bndbox>
            <xmax>264</xmax>
            <xmin>185</xmin>
            <ymax>196</ymax>
            <ymin>163</ymin>
        </bndbox>
        <type>2</type>
        <direction>4</direction>
        <previous>0</previous>
    </vehicle>
    <vehicle>
        <id>30</id>
        <bndbox>
            <xmax>241</xmax>
            <xmin>145</xmin>
            <ymax>241</ymax>
            <ymin>202</ymin>
        </bndbox>
        <type>1</type>
        <direction>4</direction>
        <previous>0</previous>
    </vehicle>
    <vehicle>
        <id>31</id>
        <bndbox>
            <xmax>73</xmax>
            <xmin>0</xmin>
            <ymax>205</ymax>
            <ymin>162</ymin>
        </bndbox>
        <type>2</type>
        <direction>4</direction>
        <previous>0</previous>
    </vehicle>
</annotation>
