<annotation>
    <video>164-20160223-09.avi</video>
    <frame>000144</frame>
    <time>2016/02/23 10:27:31</time>
    <width>352</width>
    <height>240</height>
    <weather>1</weather>
    <facing>3</facing>
    <flow>2</flow>
    <vehicle>
        <id>1</id>
        <bndbox>
            <xmax>171</xmax>
            <xmin>159</xmin>
            <ymax>74</ymax>
            <ymin>66</ymin>
        </bndbox>
        <type>2</type>
        <direction>1</direction>
        <previous>0</previous>
    </vehicle>
    <vehicle>
        <id>2</id>
        <bndbox>
            <xmax>193</xmax>
            <xmin>177</xmin>
            <ymax>73</ymax>
            <ymin>64</ymin>
        </bndbox>
        <type>7</type>
        <direction>1</direction>
        <previous>0</previous>
    </vehicle>
    <vehicle>
        <id>3</id>
        <bndbox>
            <xmax>300</xmax>
            <xmin>253</xmin>
            <ymax>117</ymax>
            <ymin>96</ymin>
        </bndbox>
        <type>4</type>
        <direction>1</direction>
        <previous>0</previous>
    </vehicle>
    <vehicle>
        <id>4</id>
        <bndbox>
            <xmax>353</xmax>
            <xmin>140</xmin>
            <ymax>217</ymax>
            <ymin>133</ymin>
        </bndbox>
        <type>6</type>
        <direction>4</direction>
        <previous>1</previous>
    </vehicle>
    <vehicle>
        <id>5</id>
        <bndbox>
            <xmax>214</xmax>
            <xmin>114</xmin>
            <ymax>241</ymax>
            <ymin>226</ymin>
        </bndbox>
        <type>2</type>
        <direction>4</direction>
        <previous>0</previous>
    </vehicle>
    <vehicle>
        <id>6</id>
        <bndbox>
            <xmax>42</xmax>
            <xmin>0</xmin>
            <ymax>241</ymax>
            <ymin>126</ymin>
        </bndbox>
        <type>5</type>
        <direction>8</direction>
        <previous>0</previous>
    </vehicle>
    <vehicle>
        <id>7</id>
        <bndbox>
            <xmax>27</xmax>
            <xmin>0</xmin>
            <ymax>137</ymax>
            <ymin>106</ymin>
        </bndbox>
        <type>5</type>
        <direction>2</direction>
        <previous>0</previous>
    </vehicle>
    <vehicle>
        <id>8</id>
        <bndbox>
            <xmax>104</xmax>
            <xmin>82</xmin>
            <ymax>91</ymax>
            <ymin>75</ymin>
        </bndbox>
        <type>7</type>
        <direction>2</direction>
        <previous>0</previous>
    </vehicle>
    <vehicle>
        <id>9</id>
        <bndbox>
            <xmax>137</xmax>
            <xmin>127</xmin>
            <ymax>72</ymax>
            <ymin>65</ymin>
        </bndbox>
        <type>3</type>
        <direction>2</direction>
        <previous>0</previous>
    </vehicle>
    <vehicle>
        <id>10</id>
        <bndbox>
            <xmax>51</xmax>
            <xmin>9</xmin>
            <ymax>110</ymax>
            <ymin>78</ymin>
        </bndbox>
        <type>9</type>
        <direction>2</direction>
        <previous>6</previous>
    </vehicle>
    <vehicle>
        <id>11</id>
        <bndbox>
            <xmax>89</xmax>
            <xmin>49</xmin>
            <ymax>92</ymax>
            <ymin>69</ymin>
        </bndbox>
        <type>9</type>
        <direction>2</direction>
        <previous>0</previous>
    </vehicle>
    <vehicle>
        <id>12</id>
        <bndbox>
            <xmax>88</xmax>
            <xmin>72</xmin>
            <ymax>71</ymax>
            <ymin>64</ymin>
        </bndbox>
        <type>5</type>
        <direction>2</direction>
        <previous>0</previous>
    </vehicle>
    <vehicle>
        <id>13</id>
        <bndbox>
            <xmax>110</xmax>
            <xmin>83</xmin>
            <ymax>80</ymax>
            <ymin>64</ymin>
        </bndbox>
        <type>5</type>
        <direction>2</direction>
        <previous>0</previous>
    </vehicle>
    <vehicle>
        <id>14</id>
        <bndbox>
            <xmax>126</xmax>
            <xmin>115</xmin>
            <ymax>69</ymax>
            <ymin>62</ymin>
        </bndbox>
        <type>3</type>
        <direction>2</direction>
        <previous>0</previous>
    </vehicle>
    <vehicle>
        <id>15</id>
        <bndbox>
            <xmax>12</xmax>
            <xmin>0</xmin>
            <ymax>106</ymax>
            <ymin>94</ymin>
        </bndbox>
        <type>3</type>
        <direction>2</direction>
        <previous>0</previous>
    </vehicle>
</annotation>
