<annotation>
    <video>164-20160223-09.avi</video>
    <frame>000175</frame>
    <time>2016/02/23 10:39:52</time>
    <width>352</width>
    <height>240</height>
    <weather>1</weather>
    <facing>3</facing>
    <flow>1</flow>
    <vehicle>
        <id>1</id>
        <bndbox>
            <xmax>32</xmax>
            <xmin>0</xmin>
            <ymax>152</ymax>
            <ymin>99</ymin>
        </bndbox>
        <type>5</type>
        <direction>2</direction>
        <previous>1</previous>
    </vehicle>
    <vehicle>
        <id>2</id>
        <bndbox>
            <xmax>45</xmax>
            <xmin>22</xmin>
            <ymax>104</ymax>
            <ymin>88</ymin>
        </bndbox>
        <type>7</type>
        <direction>2</direction>
        <previous>2</previous>
    </vehicle>
    <vehicle>
        <id>3</id>
        <bndbox>
            <xmax>79</xmax>
            <xmin>46</xmin>
            <ymax>94</ymax>
            <ymin>68</ymin>
        </bndbox>
        <type>6</type>
        <direction>2</direction>
        <previous>3</previous>
    </vehicle>
    <vehicle>
        <id>4</id>
        <bndbox>
            <xmax>94</xmax>
            <xmin>79</xmin>
            <ymax>81</ymax>
            <ymin>66</ymin>
        </bndbox>
        <type>5</type>
        <direction>2</direction>
        <previous>4</previous>
    </vehicle>
    <vehicle>
        <id>5</id>
        <bndbox>
            <xmax>132</xmax>
            <xmin>101</xmin>
            <ymax>74</ymax>
            <ymin>54</ymin>
        </bndbox>
        <type>6</type>
        <direction>2</direction>
        <previous>5</previous>
    </vehicle>
    <vehicle>
        <id>6</id>
        <bndbox>
            <xmax>12</xmax>
            <xmin>0</xmin>
            <ymax>101</ymax>
            <ymin>93</ymin>
        </bndbox>
        <type>3</type>
        <direction>2</direction>
        <previous>6</previous>
    </vehicle>
    <vehicle>
        <id>7</id>
        <bndbox>
            <xmax>30</xmax>
            <xmin>14</xmin>
            <ymax>98</ymax>
            <ymin>87</ymin>
        </bndbox>
        <type>3</type>
        <direction>2</direction>
        <previous>7</previous>
    </vehicle>
    <vehicle>
        <id>8</id>
        <bndbox>
            <xmax>48</xmax>
            <xmin>37</xmin>
            <ymax>89</ymax>
            <ymin>75</ymin>
        </bndbox>
        <type>8</type>
        <direction>2</direction>
        <previous>8</previous>
    </vehicle>
    <vehicle>
        <id>9</id>
        <bndbox>
            <xmax>106</xmax>
            <xmin>92</xmin>
            <ymax>74</ymax>
            <ymin>62</ymin>
        </bndbox>
        <type>7</type>
        <direction>2</direction>
        <previous>9</previous>
    </vehicle>
    <vehicle>
        <id>10</id>
        <bndbox>
            <xmax>111</xmax>
            <xmin>58</xmin>
            <ymax>113</ymax>
            <ymin>71</ymin>
        </bndbox>
        <type>6</type>
        <direction>2</direction>
        <previous>0</previous>
    </vehicle>
    <vehicle>
        <id>11</id>
        <bndbox>
            <xmax>262</xmax>
            <xmin>230</xmin>
            <ymax>109</ymax>
            <ymin>95</ymin>
        </bndbox>
        <type>3</type>
        <direction>1</direction>
        <previous>0</previous>
    </vehicle>
    <vehicle>
        <id>12</id>
        <bndbox>
            <xmax>321</xmax>
            <xmin>299</xmin>
            <ymax>146</ymax>
            <ymin>122</ymin>
        </bndbox>
        <type>3</type>
        <direction>7</direction>
        <previous>0</previous>
    </vehicle>
    <vehicle>
        <id>13</id>
        <bndbox>
            <xmax>217</xmax>
            <xmin>63</xmin>
            <ymax>204</ymax>
            <ymin>134</ymin>
        </bndbox>
        <type>5</type>
        <direction>4</direction>
        <previous>0</previous>
    </vehicle>
    <vehicle>
        <id>14</id>
        <bndbox>
            <xmax>305</xmax>
            <xmin>200</xmin>
            <ymax>241</ymax>
            <ymin>197</ymin>
        </bndbox>
        <type>2</type>
        <direction>4</direction>
        <previous>0</previous>
    </vehicle>
</annotation>
