<annotation>
    <video>164-20160223-09.avi</video>
    <frame>000160</frame>
    <time>2016/02/23 10:33:52</time>
    <width>352</width>
    <height>240</height>
    <weather>1</weather>
    <facing>3</facing>
    <flow>1</flow>
    <vehicle>
        <id>1</id>
        <bndbox>
            <xmax>25</xmax>
            <xmin>0</xmin>
            <ymax>116</ymax>
            <ymin>95</ymin>
        </bndbox>
        <type>7</type>
        <direction>2</direction>
        <previous>0</previous>
    </vehicle>
    <vehicle>
        <id>2</id>
        <bndbox>
            <xmax>48</xmax>
            <xmin>23</xmin>
            <ymax>104</ymax>
            <ymin>90</ymin>
        </bndbox>
        <type>4</type>
        <direction>2</direction>
        <previous>0</previous>
    </vehicle>
    <vehicle>
        <id>3</id>
        <bndbox>
            <xmax>61</xmax>
            <xmin>39</xmin>
            <ymax>95</ymax>
            <ymin>80</ymin>
        </bndbox>
        <type>7</type>
        <direction>2</direction>
        <previous>0</previous>
    </vehicle>
    <vehicle>
        <id>4</id>
        <bndbox>
            <xmax>80</xmax>
            <xmin>60</xmin>
            <ymax>89</ymax>
            <ymin>68</ymin>
        </bndbox>
        <type>5</type>
        <direction>2</direction>
        <previous>0</previous>
    </vehicle>
    <vehicle>
        <id>5</id>
        <bndbox>
            <xmax>12</xmax>
            <xmin>0</xmin>
            <ymax>101</ymax>
            <ymin>90</ymin>
        </bndbox>
        <type>7</type>
        <direction>2</direction>
        <previous>0</previous>
    </vehicle>
    <vehicle>
        <id>6</id>
        <bndbox>
            <xmax>28</xmax>
            <xmin>14</xmin>
            <ymax>98</ymax>
            <ymin>90</ymin>
        </bndbox>
        <type>3</type>
        <direction>2</direction>
        <previous>0</previous>
    </vehicle>
    <vehicle>
        <id>7</id>
        <bndbox>
            <xmax>42</xmax>
            <xmin>31</xmin>
            <ymax>93</ymax>
            <ymin>83</ymin>
        </bndbox>
        <type>3</type>
        <direction>2</direction>
        <previous>0</previous>
    </vehicle>
    <vehicle>
        <id>8</id>
        <bndbox>
            <xmax>59</xmax>
            <xmin>49</xmin>
            <ymax>81</ymax>
            <ymin>74</ymin>
        </bndbox>
        <type>3</type>
        <direction>2</direction>
        <previous>0</previous>
    </vehicle>
    <vehicle>
        <id>9</id>
        <bndbox>
            <xmax>25</xmax>
            <xmin>0</xmin>
            <ymax>153</ymax>
            <ymin>128</ymin>
        </bndbox>
        <type>2</type>
        <direction>2</direction>
        <previous>0</previous>
    </vehicle>
    <vehicle>
        <id>10</id>
        <bndbox>
            <xmax>65</xmax>
            <xmin>21</xmin>
            <ymax>130</ymax>
            <ymin>93</ymin>
        </bndbox>
        <type>7</type>
        <direction>2</direction>
        <previous>0</previous>
    </vehicle>
    <vehicle>
        <id>11</id>
        <bndbox>
            <xmax>42</xmax>
            <xmin>24</xmin>
            <ymax>115</ymax>
            <ymin>102</ymin>
        </bndbox>
        <type>3</type>
        <direction>2</direction>
        <previous>0</previous>
    </vehicle>
    <vehicle>
        <id>12</id>
        <bndbox>
            <xmax>99</xmax>
            <xmin>65</xmin>
            <ymax>103</ymax>
            <ymin>73</ymin>
        </bndbox>
        <type>5</type>
        <direction>2</direction>
        <previous>0</previous>
    </vehicle>
    <vehicle>
        <id>13</id>
        <bndbox>
            <xmax>66</xmax>
            <xmin>31</xmin>
            <ymax>145</ymax>
            <ymin>108</ymin>
        </bndbox>
        <type>7</type>
        <direction>2</direction>
        <previous>0</previous>
    </vehicle>
    <vehicle>
        <id>14</id>
        <bndbox>
            <xmax>104</xmax>
            <xmin>91</xmin>
            <ymax>75</ymax>
            <ymin>67</ymin>
        </bndbox>
        <type>3</type>
        <direction>2</direction>
        <previous>0</previous>
    </vehicle>
    <vehicle>
        <id>15</id>
        <bndbox>
            <xmax>103</xmax>
            <xmin>86</xmin>
            <ymax>104</ymax>
            <ymin>89</ymin>
        </bndbox>
        <type>3</type>
        <direction>2</direction>
        <previous>0</previous>
    </vehicle>
    <vehicle>
        <id>16</id>
        <bndbox>
            <xmax>120</xmax>
            <xmin>104</xmin>
            <ymax>86</ymax>
            <ymin>72</ymin>
        </bndbox>
        <type>3</type>
        <direction>2</direction>
        <previous>0</previous>
    </vehicle>
    <vehicle>
        <id>17</id>
        <bndbox>
            <xmax>130</xmax>
            <xmin>111</xmin>
            <ymax>72</ymax>
            <ymin>60</ymin>
        </bndbox>
        <type>5</type>
        <direction>2</direction>
        <previous>0</previous>
    </vehicle>
    <vehicle>
        <id>18</id>
        <bndbox>
            <xmax>110</xmax>
            <xmin>38</xmin>
            <ymax>205</ymax>
            <ymin>139</ymin>
        </bndbox>
        <type>7</type>
        <direction>8</direction>
        <previous>0</previous>
    </vehicle>
    <vehicle>
        <id>19</id>
        <bndbox>
            <xmax>129</xmax>
            <xmin>0</xmin>
            <ymax>241</ymax>
            <ymin>188</ymin>
        </bndbox>
        <type>5</type>
        <direction>4</direction>
        <previous>0</previous>
    </vehicle>
    <vehicle>
        <id>20</id>
        <bndbox>
            <xmax>348</xmax>
            <xmin>229</xmin>
            <ymax>235</ymax>
            <ymin>188</ymin>
        </bndbox>
        <type>2</type>
        <direction>4</direction>
        <previous>0</previous>
    </vehicle>
</annotation>
