<annotation>
    <video>164-20160223-09.avi</video>
    <frame>000101</frame>
    <time>2016/02/23 10:10:25</time>
    <width>352</width>
    <height>240</height>
    <weather>1</weather>
    <facing>3</facing>
    <flow>2</flow>
    <vehicle>
        <id>1</id>
        <bndbox>
            <xmax>49</xmax>
            <xmin>20</xmin>
            <ymax>170</ymax>
            <ymin>135</ymin>
        </bndbox>
        <type>2</type>
        <direction>8</direction>
        <previous>1</previous>
    </vehicle>
    <vehicle>
        <id>2</id>
        <bndbox>
            <xmax>78</xmax>
            <xmin>46</xmin>
            <ymax>134</ymax>
            <ymin>105</ymin>
        </bndbox>
        <type>7</type>
        <direction>2</direction>
        <previous>3</previous>
    </vehicle>
    <vehicle>
        <id>3</id>
        <bndbox>
            <xmax>101</xmax>
            <xmin>73</xmin>
            <ymax>110</ymax>
            <ymin>82</ymin>
        </bndbox>
        <type>5</type>
        <direction>2</direction>
        <previous>4</previous>
    </vehicle>
    <vehicle>
        <id>4</id>
        <bndbox>
            <xmax>59</xmax>
            <xmin>25</xmin>
            <ymax>129</ymax>
            <ymin>101</ymin>
        </bndbox>
        <type>7</type>
        <direction>2</direction>
        <previous>0</previous>
    </vehicle>
    <vehicle>
        <id>5</id>
        <bndbox>
            <xmax>25</xmax>
            <xmin>0</xmin>
            <ymax>114</ymax>
            <ymin>96</ymin>
        </bndbox>
        <type>2</type>
        <direction>2</direction>
        <previous>6</previous>
    </vehicle>
    <vehicle>
        <id>6</id>
        <bndbox>
            <xmax>55</xmax>
            <xmin>24</xmin>
            <ymax>103</ymax>
            <ymin>76</ymin>
        </bndbox>
        <type>5</type>
        <direction>2</direction>
        <previous>7</previous>
    </vehicle>
    <vehicle>
        <id>7</id>
        <bndbox>
            <xmax>70</xmax>
            <xmin>55</xmin>
            <ymax>91</ymax>
            <ymin>79</ymin>
        </bndbox>
        <type>3</type>
        <direction>2</direction>
        <previous>8</previous>
    </vehicle>
    <vehicle>
        <id>8</id>
        <bndbox>
            <xmax>86</xmax>
            <xmin>71</xmin>
            <ymax>83</ymax>
            <ymin>74</ymin>
        </bndbox>
        <type>3</type>
        <direction>2</direction>
        <previous>9</previous>
    </vehicle>
    <vehicle>
        <id>9</id>
        <bndbox>
            <xmax>14</xmax>
            <xmin>0</xmin>
            <ymax>104</ymax>
            <ymin>94</ymin>
        </bndbox>
        <type>3</type>
        <direction>2</direction>
        <previous>11</previous>
    </vehicle>
    <vehicle>
        <id>10</id>
        <bndbox>
            <xmax>75</xmax>
            <xmin>47</xmin>
            <ymax>84</ymax>
            <ymin>67</ymin>
        </bndbox>
        <type>6</type>
        <direction>2</direction>
        <previous>12</previous>
    </vehicle>
    <vehicle>
        <id>11</id>
        <bndbox>
            <xmax>122</xmax>
            <xmin>88</xmin>
            <ymax>78</ymax>
            <ymin>60</ymin>
        </bndbox>
        <type>6</type>
        <direction>2</direction>
        <previous>13</previous>
    </vehicle>
    <vehicle>
        <id>12</id>
        <bndbox>
            <xmax>139</xmax>
            <xmin>118</xmin>
            <ymax>72</ymax>
            <ymin>57</ymin>
        </bndbox>
        <type>6</type>
        <direction>2</direction>
        <previous>14</previous>
    </vehicle>
    <vehicle>
        <id>13</id>
        <bndbox>
            <xmax>163</xmax>
            <xmin>157</xmin>
            <ymax>67</ymax>
            <ymin>61</ymin>
        </bndbox>
        <type>3</type>
        <direction>1</direction>
        <previous>0</previous>
    </vehicle>
    <vehicle>
        <id>14</id>
        <bndbox>
            <xmax>176</xmax>
            <xmin>162</xmin>
            <ymax>75</ymax>
            <ymin>68</ymin>
        </bndbox>
        <type>3</type>
        <direction>1</direction>
        <previous>0</previous>
    </vehicle>
    <vehicle>
        <id>15</id>
        <bndbox>
            <xmax>195</xmax>
            <xmin>176</xmin>
            <ymax>75</ymax>
            <ymin>60</ymin>
        </bndbox>
        <type>5</type>
        <direction>1</direction>
        <previous>0</previous>
    </vehicle>
    <vehicle>
        <id>16</id>
        <bndbox>
            <xmax>211</xmax>
            <xmin>193</xmin>
            <ymax>89</ymax>
            <ymin>78</ymin>
        </bndbox>
        <type>3</type>
        <direction>1</direction>
        <previous>0</previous>
    </vehicle>
    <vehicle>
        <id>17</id>
        <bndbox>
            <xmax>285</xmax>
            <xmin>256</xmin>
            <ymax>118</ymax>
            <ymin>99</ymin>
        </bndbox>
        <type>2</type>
        <direction>1</direction>
        <previous>0</previous>
    </vehicle>
</annotation>
