<annotation>
    <video>164-20160223-09.avi</video>
    <frame>000108</frame>
    <time>2016/02/23 10:13:11</time>
    <width>352</width>
    <height>240</height>
    <weather>1</weather>
    <facing>3</facing>
    <flow>1</flow>
    <vehicle>
        <id>1</id>
        <bndbox>
            <xmax>65</xmax>
            <xmin>31</xmin>
            <ymax>140</ymax>
            <ymin>110</ymin>
        </bndbox>
        <type>7</type>
        <direction>2</direction>
        <previous>1</previous>
    </vehicle>
    <vehicle>
        <id>2</id>
        <bndbox>
            <xmax>20</xmax>
            <xmin>0</xmin>
            <ymax>153</ymax>
            <ymin>133</ymin>
        </bndbox>
        <type>3</type>
        <direction>2</direction>
        <previous>2</previous>
    </vehicle>
    <vehicle>
        <id>3</id>
        <bndbox>
            <xmax>25</xmax>
            <xmin>0</xmin>
            <ymax>132</ymax>
            <ymin>113</ymin>
        </bndbox>
        <type>3</type>
        <direction>2</direction>
        <previous>3</previous>
    </vehicle>
    <vehicle>
        <id>4</id>
        <bndbox>
            <xmax>37</xmax>
            <xmin>0</xmin>
            <ymax>115</ymax>
            <ymin>84</ymin>
        </bndbox>
        <type>6</type>
        <direction>2</direction>
        <previous>4</previous>
    </vehicle>
    <vehicle>
        <id>5</id>
        <bndbox>
            <xmax>52</xmax>
            <xmin>36</xmin>
            <ymax>100</ymax>
            <ymin>88</ymin>
        </bndbox>
        <type>3</type>
        <direction>2</direction>
        <previous>5</previous>
    </vehicle>
    <vehicle>
        <id>6</id>
        <bndbox>
            <xmax>81</xmax>
            <xmin>62</xmin>
            <ymax>83</ymax>
            <ymin>64</ymin>
        </bndbox>
        <type>5</type>
        <direction>2</direction>
        <previous>6</previous>
    </vehicle>
    <vehicle>
        <id>7</id>
        <bndbox>
            <xmax>105</xmax>
            <xmin>79</xmin>
            <ymax>79</ymax>
            <ymin>63</ymin>
        </bndbox>
        <type>5</type>
        <direction>2</direction>
        <previous>7</previous>
    </vehicle>
    <vehicle>
        <id>8</id>
        <bndbox>
            <xmax>90</xmax>
            <xmin>85</xmin>
            <ymax>86</ymax>
            <ymin>77</ymin>
        </bndbox>
        <type>3</type>
        <direction>2</direction>
        <previous>8</previous>
    </vehicle>
    <vehicle>
        <id>9</id>
        <bndbox>
            <xmax>46</xmax>
            <xmin>24</xmin>
            <ymax>115</ymax>
            <ymin>100</ymin>
        </bndbox>
        <type>3</type>
        <direction>2</direction>
        <previous>0</previous>
    </vehicle>
    <vehicle>
        <id>10</id>
        <bndbox>
            <xmax>87</xmax>
            <xmin>66</xmin>
            <ymax>118</ymax>
            <ymin>102</ymin>
        </bndbox>
        <type>3</type>
        <direction>2</direction>
        <previous>0</previous>
    </vehicle>
    <vehicle>
        <id>11</id>
        <bndbox>
            <xmax>101</xmax>
            <xmin>80</xmin>
            <ymax>107</ymax>
            <ymin>87</ymin>
        </bndbox>
        <type>2</type>
        <direction>2</direction>
        <previous>0</previous>
    </vehicle>
    <vehicle>
        <id>12</id>
        <bndbox>
            <xmax>126</xmax>
            <xmin>107</xmin>
            <ymax>84</ymax>
            <ymin>65</ymin>
        </bndbox>
        <type>5</type>
        <direction>2</direction>
        <previous>0</previous>
    </vehicle>
    <vehicle>
        <id>13</id>
        <bndbox>
            <xmax>139</xmax>
            <xmin>121</xmin>
            <ymax>74</ymax>
            <ymin>59</ymin>
        </bndbox>
        <type>5</type>
        <direction>2</direction>
        <previous>0</previous>
    </vehicle>
    <vehicle>
        <id>14</id>
        <bndbox>
            <xmax>97</xmax>
            <xmin>84</xmin>
            <ymax>92</ymax>
            <ymin>84</ymin>
        </bndbox>
        <type>3</type>
        <direction>2</direction>
        <previous>0</previous>
    </vehicle>
    <vehicle>
        <id>15</id>
        <bndbox>
            <xmax>39</xmax>
            <xmin>13</xmin>
            <ymax>134</ymax>
            <ymin>114</ymin>
        </bndbox>
        <type>2</type>
        <direction>2</direction>
        <previous>0</previous>
    </vehicle>
    <vehicle>
        <id>16</id>
        <bndbox>
            <xmax>166</xmax>
            <xmin>158</xmin>
            <ymax>69</ymax>
            <ymin>62</ymin>
        </bndbox>
        <type>3</type>
        <direction>1</direction>
        <previous>0</previous>
    </vehicle>
    <vehicle>
        <id>17</id>
        <bndbox>
            <xmax>222</xmax>
            <xmin>198</xmin>
            <ymax>82</ymax>
            <ymin>65</ymin>
        </bndbox>
        <type>5</type>
        <direction>1</direction>
        <previous>0</previous>
    </vehicle>
    <vehicle>
        <id>18</id>
        <bndbox>
            <xmax>353</xmax>
            <xmin>300</xmin>
            <ymax>116</ymax>
            <ymin>95</ymin>
        </bndbox>
        <type>6</type>
        <direction>1</direction>
        <previous>0</previous>
    </vehicle>
    <vehicle>
        <id>19</id>
        <bndbox>
            <xmax>315</xmax>
            <xmin>286</xmin>
            <ymax>139</ymax>
            <ymin>115</ymin>
        </bndbox>
        <type>3</type>
        <direction>1</direction>
        <previous>0</previous>
    </vehicle>
    <vehicle>
        <id>20</id>
        <bndbox>
            <xmax>353</xmax>
            <xmin>334</xmin>
            <ymax>190</ymax>
            <ymin>136</ymin>
        </bndbox>
        <type>5</type>
        <direction>4</direction>
        <previous>0</previous>
    </vehicle>
    <vehicle>
        <id>21</id>
        <bndbox>
            <xmax>272</xmax>
            <xmin>196</xmin>
            <ymax>195</ymax>
            <ymin>157</ymin>
        </bndbox>
        <type>3</type>
        <direction>7</direction>
        <previous>0</previous>
    </vehicle>
    <vehicle>
        <id>22</id>
        <bndbox>
            <xmax>107</xmax>
            <xmin>1</xmin>
            <ymax>207</ymax>
            <ymin>156</ymin>
        </bndbox>
        <type>5</type>
        <direction>4</direction>
        <previous>0</previous>
    </vehicle>
    <vehicle>
        <id>23</id>
        <bndbox>
            <xmax>19</xmax>
            <xmin>0</xmin>
            <ymax>237</ymax>
            <ymin>200</ymin>
        </bndbox>
        <type>3</type>
        <direction>4</direction>
        <previous>0</previous>
    </vehicle>
    <vehicle>
        <id>24</id>
        <bndbox>
            <xmax>84</xmax>
            <xmin>46</xmin>
            <ymax>110</ymax>
            <ymin>75</ymin>
        </bndbox>
        <type>5</type>
        <direction>2</direction>
        <previous>0</previous>
    </vehicle>
</annotation>
