<annotation>
    <video>164-20160223-09.avi</video>
    <frame>000155</frame>
    <time>2016/02/23 10:31:52</time>
    <width>352</width>
    <height>240</height>
    <weather>1</weather>
    <facing>3</facing>
    <flow>2</flow>
    <vehicle>
        <id>1</id>
        <bndbox>
            <xmax>192</xmax>
            <xmin>179</xmin>
            <ymax>74</ymax>
            <ymin>65</ymin>
        </bndbox>
        <type>3</type>
        <direction>1</direction>
        <previous>0</previous>
    </vehicle>
    <vehicle>
        <id>2</id>
        <bndbox>
            <xmax>285</xmax>
            <xmin>209</xmin>
            <ymax>107</ymax>
            <ymin>73</ymin>
        </bndbox>
        <type>9</type>
        <direction>1</direction>
        <previous>0</previous>
    </vehicle>
    <vehicle>
        <id>3</id>
        <bndbox>
            <xmax>300</xmax>
            <xmin>284</xmin>
            <ymax>103</ymax>
            <ymin>86</ymin>
        </bndbox>
        <type>7</type>
        <direction>1</direction>
        <previous>0</previous>
    </vehicle>
    <vehicle>
        <id>4</id>
        <bndbox>
            <xmax>353</xmax>
            <xmin>320</xmin>
            <ymax>141</ymax>
            <ymin>119</ymin>
        </bndbox>
        <type>2</type>
        <direction>1</direction>
        <previous>0</previous>
    </vehicle>
    <vehicle>
        <id>5</id>
        <bndbox>
            <xmax>353</xmax>
            <xmin>202</xmin>
            <ymax>241</ymax>
            <ymin>185</ymin>
        </bndbox>
        <type>5</type>
        <direction>4</direction>
        <previous>9</previous>
    </vehicle>
    <vehicle>
        <id>6</id>
        <bndbox>
            <xmax>182</xmax>
            <xmin>39</xmin>
            <ymax>241</ymax>
            <ymin>141</ymin>
        </bndbox>
        <type>5</type>
        <direction>8</direction>
        <previous>10</previous>
    </vehicle>
    <vehicle>
        <id>7</id>
        <bndbox>
            <xmax>100</xmax>
            <xmin>0</xmin>
            <ymax>241</ymax>
            <ymin>106</ymin>
        </bndbox>
        <type>6</type>
        <direction>8</direction>
        <previous>13</previous>
    </vehicle>
    <vehicle>
        <id>8</id>
        <bndbox>
            <xmax>73</xmax>
            <xmin>36</xmin>
            <ymax>139</ymax>
            <ymin>109</ymin>
        </bndbox>
        <type>7</type>
        <direction>2</direction>
        <previous>11</previous>
    </vehicle>
    <vehicle>
        <id>9</id>
        <bndbox>
            <xmax>91</xmax>
            <xmin>66</xmin>
            <ymax>119</ymax>
            <ymin>99</ymin>
        </bndbox>
        <type>3</type>
        <direction>2</direction>
        <previous>12</previous>
    </vehicle>
    <vehicle>
        <id>10</id>
        <bndbox>
            <xmax>46</xmax>
            <xmin>22</xmin>
            <ymax>135</ymax>
            <ymin>112</ymin>
        </bndbox>
        <type>2</type>
        <direction>2</direction>
        <previous>14</previous>
    </vehicle>
    <vehicle>
        <id>11</id>
        <bndbox>
            <xmax>78</xmax>
            <xmin>57</xmin>
            <ymax>110</ymax>
            <ymin>96</ymin>
        </bndbox>
        <type>3</type>
        <direction>2</direction>
        <previous>15</previous>
    </vehicle>
    <vehicle>
        <id>12</id>
        <bndbox>
            <xmax>114</xmax>
            <xmin>95</xmin>
            <ymax>93</ymax>
            <ymin>77</ymin>
        </bndbox>
        <type>2</type>
        <direction>2</direction>
        <previous>0</previous>
    </vehicle>
    <vehicle>
        <id>13</id>
        <bndbox>
            <xmax>39</xmax>
            <xmin>18</xmin>
            <ymax>121</ymax>
            <ymin>106</ymin>
        </bndbox>
        <type>1</type>
        <direction>2</direction>
        <previous>0</previous>
    </vehicle>
    <vehicle>
        <id>14</id>
        <bndbox>
            <xmax>62</xmax>
            <xmin>38</xmin>
            <ymax>108</ymax>
            <ymin>92</ymin>
        </bndbox>
        <type>3</type>
        <direction>2</direction>
        <previous>0</previous>
    </vehicle>
    <vehicle>
        <id>15</id>
        <bndbox>
            <xmax>109</xmax>
            <xmin>90</xmin>
            <ymax>82</ymax>
            <ymin>71</ymin>
        </bndbox>
        <type>2</type>
        <direction>2</direction>
        <previous>0</previous>
    </vehicle>
    <vehicle>
        <id>16</id>
        <bndbox>
            <xmax>53</xmax>
            <xmin>8</xmin>
            <ymax>110</ymax>
            <ymin>79</ymin>
        </bndbox>
        <type>5</type>
        <direction>2</direction>
        <previous>0</previous>
    </vehicle>
    <vehicle>
        <id>17</id>
        <bndbox>
            <xmax>104</xmax>
            <xmin>80</xmin>
            <ymax>81</ymax>
            <ymin>61</ymin>
        </bndbox>
        <type>6</type>
        <direction>2</direction>
        <previous>0</previous>
    </vehicle>
    <vehicle>
        <id>18</id>
        <bndbox>
            <xmax>125</xmax>
            <xmin>110</xmin>
            <ymax>70</ymax>
            <ymin>61</ymin>
        </bndbox>
        <type>3</type>
        <direction>2</direction>
        <previous>0</previous>
    </vehicle>
    <vehicle>
        <id>19</id>
        <bndbox>
            <xmax>8</xmax>
            <xmin>0</xmin>
            <ymax>108</ymax>
            <ymin>99</ymin>
        </bndbox>
        <type>3</type>
        <direction>2</direction>
        <previous>0</previous>
    </vehicle>
    <vehicle>
        <id>20</id>
        <bndbox>
            <xmax>63</xmax>
            <xmin>51</xmin>
            <ymax>86</ymax>
            <ymin>77</ymin>
        </bndbox>
        <type>3</type>
        <direction>2</direction>
        <previous>0</previous>
    </vehicle>
    <vehicle>
        <id>21</id>
        <bndbox>
            <xmax>78</xmax>
            <xmin>59</xmin>
            <ymax>83</ymax>
            <ymin>68</ymin>
        </bndbox>
        <type>7</type>
        <direction>2</direction>
        <previous>0</previous>
    </vehicle>
    <vehicle>
        <id>22</id>
        <bndbox>
            <xmax>145</xmax>
            <xmin>137</xmin>
            <ymax>65</ymax>
            <ymin>58</ymin>
        </bndbox>
        <type>3</type>
        <direction>2</direction>
        <previous>0</previous>
    </vehicle>
</annotation>
