<annotation>
    <video>164-20160223-09.avi</video>
    <frame>000188</frame>
    <time>2016/02/23 10:45:02</time>
    <width>352</width>
    <height>240</height>
    <weather>1</weather>
    <facing>3</facing>
    <flow>2</flow>
    <vehicle>
        <id>1</id>
        <bndbox>
            <xmax>161</xmax>
            <xmin>154</xmin>
            <ymax>64</ymax>
            <ymin>57</ymin>
        </bndbox>
        <type>3</type>
        <direction>1</direction>
        <previous>0</previous>
    </vehicle>
    <vehicle>
        <id>2</id>
        <bndbox>
            <xmax>193</xmax>
            <xmin>179</xmin>
            <ymax>75</ymax>
            <ymin>67</ymin>
        </bndbox>
        <type>2</type>
        <direction>1</direction>
        <previous>0</previous>
    </vehicle>
    <vehicle>
        <id>3</id>
        <bndbox>
            <xmax>209</xmax>
            <xmin>189</xmin>
            <ymax>87</ymax>
            <ymin>77</ymin>
        </bndbox>
        <type>3</type>
        <direction>1</direction>
        <previous>0</previous>
    </vehicle>
    <vehicle>
        <id>4</id>
        <bndbox>
            <xmax>194</xmax>
            <xmin>111</xmin>
            <ymax>220</ymax>
            <ymin>178</ymin>
        </bndbox>
        <type>3</type>
        <direction>4</direction>
        <previous>0</previous>
    </vehicle>
    <vehicle>
        <id>5</id>
        <bndbox>
            <xmax>188</xmax>
            <xmin>18</xmin>
            <ymax>241</ymax>
            <ymin>197</ymin>
        </bndbox>
        <type>5</type>
        <direction>4</direction>
        <previous>0</previous>
    </vehicle>
    <vehicle>
        <id>6</id>
        <bndbox>
            <xmax>61</xmax>
            <xmin>25</xmin>
            <ymax>183</ymax>
            <ymin>141</ymin>
        </bndbox>
        <type>3</type>
        <direction>8</direction>
        <previous>0</previous>
    </vehicle>
    <vehicle>
        <id>7</id>
        <bndbox>
            <xmax>41</xmax>
            <xmin>7</xmin>
            <ymax>141</ymax>
            <ymin>116</ymin>
        </bndbox>
        <type>3</type>
        <direction>2</direction>
        <previous>0</previous>
    </vehicle>
    <vehicle>
        <id>8</id>
        <bndbox>
            <xmax>83</xmax>
            <xmin>1</xmin>
            <ymax>130</ymax>
            <ymin>71</ymin>
        </bndbox>
        <type>6</type>
        <direction>2</direction>
        <previous>0</previous>
    </vehicle>
    <vehicle>
        <id>9</id>
        <bndbox>
            <xmax>92</xmax>
            <xmin>82</xmin>
            <ymax>88</ymax>
            <ymin>75</ymin>
        </bndbox>
        <type>2</type>
        <direction>2</direction>
        <previous>0</previous>
    </vehicle>
    <vehicle>
        <id>10</id>
        <bndbox>
            <xmax>124</xmax>
            <xmin>98</xmin>
            <ymax>83</ymax>
            <ymin>59</ymin>
        </bndbox>
        <type>6</type>
        <direction>2</direction>
        <previous>0</previous>
    </vehicle>
    <vehicle>
        <id>11</id>
        <bndbox>
            <xmax>142</xmax>
            <xmin>129</xmin>
            <ymax>69</ymax>
            <ymin>58</ymin>
        </bndbox>
        <type>7</type>
        <direction>2</direction>
        <previous>0</previous>
    </vehicle>
    <vehicle>
        <id>12</id>
        <bndbox>
            <xmax>13</xmax>
            <xmin>0</xmin>
            <ymax>114</ymax>
            <ymin>91</ymin>
        </bndbox>
        <type>5</type>
        <direction>2</direction>
        <previous>0</previous>
    </vehicle>
    <vehicle>
        <id>13</id>
        <bndbox>
            <xmax>109</xmax>
            <xmin>92</xmin>
            <ymax>74</ymax>
            <ymin>61</ymin>
        </bndbox>
        <type>9</type>
        <direction>2</direction>
        <previous>0</previous>
    </vehicle>
    <vehicle>
        <id>14</id>
        <bndbox>
            <xmax>89</xmax>
            <xmin>81</xmin>
            <ymax>74</ymax>
            <ymin>68</ymin>
        </bndbox>
        <type>3</type>
        <direction>2</direction>
        <previous>0</previous>
    </vehicle>
    <passengers>
        <id>1</id>
        <bndbox>
            <xmax>284</xmax>
            <xmin>276</xmin>
            <ymax>151</ymax>
            <ymin>130</ymin>
        </bndbox>
    </passengers>
</annotation>
