<annotation>
    <video>164-20160223-09.avi</video>
    <frame>000107</frame>
    <time>2016/02/23 10:12:48</time>
    <width>352</width>
    <height>240</height>
    <weather>1</weather>
    <facing>3</facing>
    <flow>1</flow>
    <vehicle>
        <id>1</id>
        <bndbox>
            <xmax>65</xmax>
            <xmin>31</xmin>
            <ymax>140</ymax>
            <ymin>110</ymin>
        </bndbox>
        <type>7</type>
        <direction>2</direction>
        <previous>0</previous>
    </vehicle>
    <vehicle>
        <id>2</id>
        <bndbox>
            <xmax>20</xmax>
            <xmin>0</xmin>
            <ymax>153</ymax>
            <ymin>133</ymin>
        </bndbox>
        <type>3</type>
        <direction>2</direction>
        <previous>22</previous>
    </vehicle>
    <vehicle>
        <id>3</id>
        <bndbox>
            <xmax>25</xmax>
            <xmin>0</xmin>
            <ymax>132</ymax>
            <ymin>111</ymin>
        </bndbox>
        <type>3</type>
        <direction>2</direction>
        <previous>21</previous>
    </vehicle>
    <vehicle>
        <id>4</id>
        <bndbox>
            <xmax>37</xmax>
            <xmin>0</xmin>
            <ymax>115</ymax>
            <ymin>84</ymin>
        </bndbox>
        <type>5</type>
        <direction>2</direction>
        <previous>24</previous>
    </vehicle>
    <vehicle>
        <id>5</id>
        <bndbox>
            <xmax>52</xmax>
            <xmin>36</xmin>
            <ymax>100</ymax>
            <ymin>88</ymin>
        </bndbox>
        <type>3</type>
        <direction>2</direction>
        <previous>25</previous>
    </vehicle>
    <vehicle>
        <id>6</id>
        <bndbox>
            <xmax>81</xmax>
            <xmin>62</xmin>
            <ymax>83</ymax>
            <ymin>64</ymin>
        </bndbox>
        <type>5</type>
        <direction>2</direction>
        <previous>27</previous>
    </vehicle>
    <vehicle>
        <id>7</id>
        <bndbox>
            <xmax>102</xmax>
            <xmin>79</xmin>
            <ymax>79</ymax>
            <ymin>63</ymin>
        </bndbox>
        <type>5</type>
        <direction>2</direction>
        <previous>28</previous>
    </vehicle>
    <vehicle>
        <id>8</id>
        <bndbox>
            <xmax>90</xmax>
            <xmin>72</xmin>
            <ymax>86</ymax>
            <ymin>77</ymin>
        </bndbox>
        <type>3</type>
        <direction>2</direction>
        <previous>29</previous>
    </vehicle>
    <vehicle>
        <id>9</id>
        <bndbox>
            <xmax>118</xmax>
            <xmin>100</xmin>
            <ymax>88</ymax>
            <ymin>74</ymin>
        </bndbox>
        <type>2</type>
        <direction>2</direction>
        <previous>0</previous>
    </vehicle>
    <vehicle>
        <id>10</id>
        <bndbox>
            <xmax>134</xmax>
            <xmin>126</xmin>
            <ymax>75</ymax>
            <ymin>66</ymin>
        </bndbox>
        <type>3</type>
        <direction>2</direction>
        <previous>0</previous>
    </vehicle>
    <vehicle>
        <id>11</id>
        <bndbox>
            <xmax>109</xmax>
            <xmin>98</xmin>
            <ymax>81</ymax>
            <ymin>72</ymin>
        </bndbox>
        <type>3</type>
        <direction>2</direction>
        <previous>0</previous>
    </vehicle>
    <vehicle>
        <id>12</id>
        <bndbox>
            <xmax>121</xmax>
            <xmin>109</xmin>
            <ymax>73</ymax>
            <ymin>66</ymin>
        </bndbox>
        <type>3</type>
        <direction>2</direction>
        <previous>0</previous>
    </vehicle>
    <vehicle>
        <id>13</id>
        <bndbox>
            <xmax>121</xmax>
            <xmin>105</xmin>
            <ymax>70</ymax>
            <ymin>59</ymin>
        </bndbox>
        <type>3</type>
        <direction>2</direction>
        <previous>0</previous>
    </vehicle>
    <vehicle>
        <id>14</id>
        <bndbox>
            <xmax>144</xmax>
            <xmin>133</xmin>
            <ymax>68</ymax>
            <ymin>54</ymin>
        </bndbox>
        <type>5</type>
        <direction>2</direction>
        <previous>0</previous>
    </vehicle>
    <vehicle>
        <id>15</id>
        <bndbox>
            <xmax>348</xmax>
            <xmin>242</xmin>
            <ymax>234</ymax>
            <ymin>191</ymin>
        </bndbox>
        <type>2</type>
        <direction>4</direction>
        <previous>0</previous>
    </vehicle>
    <vehicle>
        <id>16</id>
        <bndbox>
            <xmax>200</xmax>
            <xmin>118</xmin>
            <ymax>197</ymax>
            <ymin>166</ymin>
        </bndbox>
        <type>3</type>
        <direction>4</direction>
        <previous>0</previous>
    </vehicle>
    <vehicle>
        <id>17</id>
        <bndbox>
            <xmax>29</xmax>
            <xmin>0</xmin>
            <ymax>205</ymax>
            <ymin>176</ymin>
        </bndbox>
        <type>2</type>
        <direction>4</direction>
        <previous>0</previous>
    </vehicle>
    <vehicle>
        <id>18</id>
        <bndbox>
            <xmax>71</xmax>
            <xmin>49</xmin>
            <ymax>91</ymax>
            <ymin>78</ymin>
        </bndbox>
        <type>2</type>
        <direction>2</direction>
        <previous>26</previous>
    </vehicle>
</annotation>
