<annotation>
    <video>164-20160223-09.avi</video>
    <frame>000112</frame>
    <time>2016/02/23 10:14:46</time>
    <width>352</width>
    <height>240</height>
    <weather>1</weather>
    <facing>3</facing>
    <flow>1</flow>
    <vehicle>
        <id>1</id>
        <bndbox>
            <xmax>56</xmax>
            <xmin>23</xmin>
            <ymax>162</ymax>
            <ymin>117</ymin>
        </bndbox>
        <type>7</type>
        <direction>2</direction>
        <previous>1</previous>
    </vehicle>
    <vehicle>
        <id>2</id>
        <bndbox>
            <xmax>85</xmax>
            <xmin>44</xmin>
            <ymax>133</ymax>
            <ymin>92</ymin>
        </bndbox>
        <type>5</type>
        <direction>2</direction>
        <previous>2</previous>
    </vehicle>
    <vehicle>
        <id>3</id>
        <bndbox>
            <xmax>94</xmax>
            <xmin>83</xmin>
            <ymax>110</ymax>
            <ymin>97</ymin>
        </bndbox>
        <type>2</type>
        <direction>2</direction>
        <previous>3</previous>
    </vehicle>
    <vehicle>
        <id>4</id>
        <bndbox>
            <xmax>119</xmax>
            <xmin>91</xmin>
            <ymax>99</ymax>
            <ymin>67</ymin>
        </bndbox>
        <type>5</type>
        <direction>2</direction>
        <previous>4</previous>
    </vehicle>
    <vehicle>
        <id>5</id>
        <bndbox>
            <xmax>15</xmax>
            <xmin>0</xmin>
            <ymax>156</ymax>
            <ymin>134</ymin>
        </bndbox>
        <type>2</type>
        <direction>2</direction>
        <previous>5</previous>
    </vehicle>
    <vehicle>
        <id>6</id>
        <bndbox>
            <xmax>40</xmax>
            <xmin>14</xmin>
            <ymax>136</ymax>
            <ymin>113</ymin>
        </bndbox>
        <type>3</type>
        <direction>2</direction>
        <previous>6</previous>
    </vehicle>
    <vehicle>
        <id>7</id>
        <bndbox>
            <xmax>23</xmax>
            <xmin>0</xmin>
            <ymax>133</ymax>
            <ymin>109</ymin>
        </bndbox>
        <type>2</type>
        <direction>2</direction>
        <previous>7</previous>
    </vehicle>
    <vehicle>
        <id>8</id>
        <bndbox>
            <xmax>45</xmax>
            <xmin>24</xmin>
            <ymax>116</ymax>
            <ymin>100</ymin>
        </bndbox>
        <type>3</type>
        <direction>2</direction>
        <previous>8</previous>
    </vehicle>
    <vehicle>
        <id>9</id>
        <bndbox>
            <xmax>80</xmax>
            <xmin>44</xmin>
            <ymax>101</ymax>
            <ymin>73</ymin>
        </bndbox>
        <type>5</type>
        <direction>2</direction>
        <previous>9</previous>
    </vehicle>
    <vehicle>
        <id>10</id>
        <bndbox>
            <xmax>8</xmax>
            <xmin>0</xmin>
            <ymax>116</ymax>
            <ymin>105</ymin>
        </bndbox>
        <type>3</type>
        <direction>2</direction>
        <previous>10</previous>
    </vehicle>
    <vehicle>
        <id>11</id>
        <bndbox>
            <xmax>32</xmax>
            <xmin>6</xmin>
            <ymax>109</ymax>
            <ymin>91</ymin>
        </bndbox>
        <type>7</type>
        <direction>2</direction>
        <previous>11</previous>
    </vehicle>
    <vehicle>
        <id>12</id>
        <bndbox>
            <xmax>48</xmax>
            <xmin>33</xmin>
            <ymax>99</ymax>
            <ymin>88</ymin>
        </bndbox>
        <type>3</type>
        <direction>2</direction>
        <previous>12</previous>
    </vehicle>
    <vehicle>
        <id>13</id>
        <bndbox>
            <xmax>32</xmax>
            <xmin>0</xmin>
            <ymax>106</ymax>
            <ymin>82</ymin>
        </bndbox>
        <type>6</type>
        <direction>2</direction>
        <previous>13</previous>
    </vehicle>
    <vehicle>
        <id>14</id>
        <bndbox>
            <xmax>93</xmax>
            <xmin>80</xmin>
            <ymax>95</ymax>
            <ymin>82</ymin>
        </bndbox>
        <type>3</type>
        <direction>2</direction>
        <previous>0</previous>
    </vehicle>
    <vehicle>
        <id>15</id>
        <bndbox>
            <xmax>49</xmax>
            <xmin>31</xmin>
            <ymax>93</ymax>
            <ymin>79</ymin>
        </bndbox>
        <type>7</type>
        <direction>2</direction>
        <previous>0</previous>
    </vehicle>
    <vehicle>
        <id>16</id>
        <bndbox>
            <xmax>75</xmax>
            <xmin>46</xmin>
            <ymax>82</ymax>
            <ymin>65</ymin>
        </bndbox>
        <type>5</type>
        <direction>2</direction>
        <previous>14</previous>
    </vehicle>
    <vehicle>
        <id>17</id>
        <bndbox>
            <xmax>93</xmax>
            <xmin>79</xmin>
            <ymax>78</ymax>
            <ymin>69</ymin>
        </bndbox>
        <type>3</type>
        <direction>2</direction>
        <previous>16</previous>
    </vehicle>
    <vehicle>
        <id>18</id>
        <bndbox>
            <xmax>103</xmax>
            <xmin>93</xmin>
            <ymax>74</ymax>
            <ymin>66</ymin>
        </bndbox>
        <type>3</type>
        <direction>2</direction>
        <previous>25</previous>
    </vehicle>
    <vehicle>
        <id>19</id>
        <bndbox>
            <xmax>117</xmax>
            <xmin>105</xmin>
            <ymax>67</ymax>
            <ymin>62</ymin>
        </bndbox>
        <type>3</type>
        <direction>2</direction>
        <previous>0</previous>
    </vehicle>
    <vehicle>
        <id>20</id>
        <bndbox>
            <xmax>136</xmax>
            <xmin>119</xmin>
            <ymax>77</ymax>
            <ymin>61</ymin>
        </bndbox>
        <type>5</type>
        <direction>2</direction>
        <previous>0</previous>
    </vehicle>
    <vehicle>
        <id>21</id>
        <bndbox>
            <xmax>170</xmax>
            <xmin>160</xmin>
            <ymax>67</ymax>
            <ymin>55</ymin>
        </bndbox>
        <type>5</type>
        <direction>1</direction>
        <previous>0</previous>
    </vehicle>
    <vehicle>
        <id>22</id>
        <bndbox>
            <xmax>183</xmax>
            <xmin>170</xmin>
            <ymax>75</ymax>
            <ymin>66</ymin>
        </bndbox>
        <type>3</type>
        <direction>1</direction>
        <previous>0</previous>
    </vehicle>
    <vehicle>
        <id>23</id>
        <bndbox>
            <xmax>210</xmax>
            <xmin>192</xmin>
            <ymax>87</ymax>
            <ymin>77</ymin>
        </bndbox>
        <type>2</type>
        <direction>1</direction>
        <previous>0</previous>
    </vehicle>
    <vehicle>
        <id>24</id>
        <bndbox>
            <xmax>322</xmax>
            <xmin>292</xmin>
            <ymax>135</ymax>
            <ymin>114</ymin>
        </bndbox>
        <type>1</type>
        <direction>7</direction>
        <previous>0</previous>
    </vehicle>
    <vehicle>
        <id>25</id>
        <bndbox>
            <xmax>297</xmax>
            <xmin>237</xmin>
            <ymax>181</ymax>
            <ymin>151</ymin>
        </bndbox>
        <type>1</type>
        <direction>7</direction>
        <previous>0</previous>
    </vehicle>
</annotation>
