<annotation>
    <video>164-20160223-09.avi</video>
    <frame>000195</frame>
    <time>2016/02/23 10:47:48</time>
    <width>352</width>
    <height>240</height>
    <weather>1</weather>
    <facing>3</facing>
    <flow>1</flow>
    <vehicle>
        <id>1</id>
        <bndbox>
            <xmax>46</xmax>
            <xmin>0</xmin>
            <ymax>114</ymax>
            <ymin>77</ymin>
        </bndbox>
        <type>5</type>
        <direction>2</direction>
        <previous>1</previous>
    </vehicle>
    <vehicle>
        <id>2</id>
        <bndbox>
            <xmax>63</xmax>
            <xmin>45</xmin>
            <ymax>88</ymax>
            <ymin>72</ymin>
        </bndbox>
        <type>7</type>
        <direction>2</direction>
        <previous>2</previous>
    </vehicle>
    <vehicle>
        <id>3</id>
        <bndbox>
            <xmax>73</xmax>
            <xmin>61</xmin>
            <ymax>83</ymax>
            <ymin>74</ymin>
        </bndbox>
        <type>2</type>
        <direction>2</direction>
        <previous>3</previous>
    </vehicle>
    <vehicle>
        <id>4</id>
        <bndbox>
            <xmax>25</xmax>
            <xmin>0</xmin>
            <ymax>125</ymax>
            <ymin>110</ymin>
        </bndbox>
        <type>3</type>
        <direction>2</direction>
        <previous>6</previous>
    </vehicle>
    <vehicle>
        <id>5</id>
        <bndbox>
            <xmax>23</xmax>
            <xmin>0</xmin>
            <ymax>157</ymax>
            <ymin>123</ymin>
        </bndbox>
        <type>7</type>
        <direction>2</direction>
        <previous>7</previous>
    </vehicle>
    <vehicle>
        <id>6</id>
        <bndbox>
            <xmax>84</xmax>
            <xmin>69</xmin>
            <ymax>83</ymax>
            <ymin>73</ymin>
        </bndbox>
        <type>3</type>
        <direction>2</direction>
        <previous>0</previous>
    </vehicle>
    <vehicle>
        <id>7</id>
        <bndbox>
            <xmax>94</xmax>
            <xmin>44</xmin>
            <ymax>128</ymax>
            <ymin>82</ymin>
        </bndbox>
        <type>5</type>
        <direction>2</direction>
        <previous>0</previous>
    </vehicle>
    <vehicle>
        <id>8</id>
        <bndbox>
            <xmax>58</xmax>
            <xmin>27</xmin>
            <ymax>152</ymax>
            <ymin>127</ymin>
        </bndbox>
        <type>2</type>
        <direction>2</direction>
        <previous>0</previous>
    </vehicle>
    <vehicle>
        <id>9</id>
        <bndbox>
            <xmax>286</xmax>
            <xmin>216</xmin>
            <ymax>188</ymax>
            <ymin>156</ymin>
        </bndbox>
        <type>1</type>
        <direction>7</direction>
        <previous>0</previous>
    </vehicle>
    <vehicle>
        <id>10</id>
        <bndbox>
            <xmax>166</xmax>
            <xmin>155</xmin>
            <ymax>69</ymax>
            <ymin>60</ymin>
        </bndbox>
        <type>3</type>
        <direction>1</direction>
        <previous>0</previous>
    </vehicle>
    <vehicle>
        <id>11</id>
        <bndbox>
            <xmax>185</xmax>
            <xmin>171</xmin>
            <ymax>78</ymax>
            <ymin>69</ymin>
        </bndbox>
        <type>3</type>
        <direction>1</direction>
        <previous>0</previous>
    </vehicle>
    <vehicle>
        <id>12</id>
        <bndbox>
            <xmax>186</xmax>
            <xmin>174</xmin>
            <ymax>71</ymax>
            <ymin>64</ymin>
        </bndbox>
        <type>2</type>
        <direction>1</direction>
        <previous>0</previous>
    </vehicle>
</annotation>
