<annotation>
    <video>164-20160223-09.avi</video>
    <frame>000114</frame>
    <time>2016/02/23 10:15:33</time>
    <width>352</width>
    <height>240</height>
    <weather>1</weather>
    <facing>3</facing>
    <flow>2</flow>
    <vehicle>
        <id>1</id>
        <bndbox>
            <xmax>16</xmax>
            <xmin>0</xmin>
            <ymax>118</ymax>
            <ymin>103</ymin>
        </bndbox>
        <type>2</type>
        <direction>2</direction>
        <previous>0</previous>
    </vehicle>
    <vehicle>
        <id>2</id>
        <bndbox>
            <xmax>39</xmax>
            <xmin>15</xmin>
            <ymax>107</ymax>
            <ymin>91</ymin>
        </bndbox>
        <type>2</type>
        <direction>2</direction>
        <previous>0</previous>
    </vehicle>
    <vehicle>
        <id>3</id>
        <bndbox>
            <xmax>62</xmax>
            <xmin>44</xmin>
            <ymax>95</ymax>
            <ymin>84</ymin>
        </bndbox>
        <type>3</type>
        <direction>2</direction>
        <previous>0</previous>
    </vehicle>
    <vehicle>
        <id>4</id>
        <bndbox>
            <xmax>17</xmax>
            <xmin>0</xmin>
            <ymax>109</ymax>
            <ymin>91</ymin>
        </bndbox>
        <type>7</type>
        <direction>2</direction>
        <previous>0</previous>
    </vehicle>
    <vehicle>
        <id>5</id>
        <bndbox>
            <xmax>54</xmax>
            <xmin>18</xmin>
            <ymax>98</ymax>
            <ymin>70</ymin>
        </bndbox>
        <type>5</type>
        <direction>2</direction>
        <previous>0</previous>
    </vehicle>
    <vehicle>
        <id>6</id>
        <bndbox>
            <xmax>90</xmax>
            <xmin>62</xmin>
            <ymax>85</ymax>
            <ymin>64</ymin>
        </bndbox>
        <type>5</type>
        <direction>2</direction>
        <previous>0</previous>
    </vehicle>
    <vehicle>
        <id>7</id>
        <bndbox>
            <xmax>104</xmax>
            <xmin>89</xmin>
            <ymax>76</ymax>
            <ymin>66</ymin>
        </bndbox>
        <type>7</type>
        <direction>2</direction>
        <previous>0</previous>
    </vehicle>
    <vehicle>
        <id>8</id>
        <bndbox>
            <xmax>57</xmax>
            <xmin>30</xmin>
            <ymax>125</ymax>
            <ymin>112</ymin>
        </bndbox>
        <type>3</type>
        <direction>2</direction>
        <previous>0</previous>
    </vehicle>
    <vehicle>
        <id>9</id>
        <bndbox>
            <xmax>76</xmax>
            <xmin>50</xmin>
            <ymax>114</ymax>
            <ymin>93</ymin>
        </bndbox>
        <type>2</type>
        <direction>2</direction>
        <previous>0</previous>
    </vehicle>
    <vehicle>
        <id>10</id>
        <bndbox>
            <xmax>125</xmax>
            <xmin>114</xmin>
            <ymax>78</ymax>
            <ymin>68</ymin>
        </bndbox>
        <type>3</type>
        <direction>2</direction>
        <previous>0</previous>
    </vehicle>
    <vehicle>
        <id>11</id>
        <bndbox>
            <xmax>132</xmax>
            <xmin>125</xmin>
            <ymax>68</ymax>
            <ymin>60</ymin>
        </bndbox>
        <type>3</type>
        <direction>2</direction>
        <previous>0</previous>
    </vehicle>
    <vehicle>
        <id>12</id>
        <bndbox>
            <xmax>143</xmax>
            <xmin>133</xmin>
            <ymax>69</ymax>
            <ymin>61</ymin>
        </bndbox>
        <type>3</type>
        <direction>2</direction>
        <previous>0</previous>
    </vehicle>
    <vehicle>
        <id>13</id>
        <bndbox>
            <xmax>95</xmax>
            <xmin>74</xmin>
            <ymax>112</ymax>
            <ymin>96</ymin>
        </bndbox>
        <type>3</type>
        <direction>2</direction>
        <previous>0</previous>
    </vehicle>
    <vehicle>
        <id>14</id>
        <bndbox>
            <xmax>94</xmax>
            <xmin>18</xmin>
            <ymax>181</ymax>
            <ymin>121</ymin>
        </bndbox>
        <type>5</type>
        <direction>8</direction>
        <previous>0</previous>
    </vehicle>
    <vehicle>
        <id>15</id>
        <bndbox>
            <xmax>15</xmax>
            <xmin>0</xmin>
            <ymax>214</ymax>
            <ymin>162</ymin>
        </bndbox>
        <type>3</type>
        <direction>8</direction>
        <previous>0</previous>
    </vehicle>
    <vehicle>
        <id>16</id>
        <bndbox>
            <xmax>99</xmax>
            <xmin>5</xmin>
            <ymax>230</ymax>
            <ymin>201</ymin>
        </bndbox>
        <type>3</type>
        <direction>4</direction>
        <previous>0</previous>
    </vehicle>
    <vehicle>
        <id>17</id>
        <bndbox>
            <xmax>137</xmax>
            <xmin>0</xmin>
            <ymax>241</ymax>
            <ymin>228</ymin>
        </bndbox>
        <type>5</type>
        <direction>4</direction>
        <previous>0</previous>
    </vehicle>
    <vehicle>
        <id>18</id>
        <bndbox>
            <xmax>145</xmax>
            <xmin>50</xmin>
            <ymax>231</ymax>
            <ymin>184</ymin>
        </bndbox>
        <type>1</type>
        <direction>4</direction>
        <previous>0</previous>
    </vehicle>
    <vehicle>
        <id>19</id>
        <bndbox>
            <xmax>245</xmax>
            <xmin>134</xmin>
            <ymax>241</ymax>
            <ymin>221</ymin>
        </bndbox>
        <type>2</type>
        <direction>4</direction>
        <previous>4</previous>
    </vehicle>
    <vehicle>
        <id>20</id>
        <bndbox>
            <xmax>264</xmax>
            <xmin>160</xmin>
            <ymax>237</ymax>
            <ymin>197</ymin>
        </bndbox>
        <type>3</type>
        <direction>4</direction>
        <previous>5</previous>
    </vehicle>
    <vehicle>
        <id>21</id>
        <bndbox>
            <xmax>353</xmax>
            <xmin>245</xmin>
            <ymax>202</ymax>
            <ymin>131</ymin>
        </bndbox>
        <type>5</type>
        <direction>4</direction>
        <previous>1</previous>
    </vehicle>
    <vehicle>
        <id>22</id>
        <bndbox>
            <xmax>353</xmax>
            <xmin>307</xmin>
            <ymax>236</ymax>
            <ymin>196</ymin>
        </bndbox>
        <type>3</type>
        <direction>4</direction>
        <previous>2</previous>
    </vehicle>
    <vehicle>
        <id>23</id>
        <bndbox>
            <xmax>308</xmax>
            <xmin>278</xmin>
            <ymax>108</ymax>
            <ymin>91</ymin>
        </bndbox>
        <type>1</type>
        <direction>1</direction>
        <previous>0</previous>
    </vehicle>
    <vehicle>
        <id>24</id>
        <bndbox>
            <xmax>239</xmax>
            <xmin>195</xmin>
            <ymax>95</ymax>
            <ymin>69</ymin>
        </bndbox>
        <type>5</type>
        <direction>1</direction>
        <previous>0</previous>
    </vehicle>
    <vehicle>
        <id>25</id>
        <bndbox>
            <xmax>194</xmax>
            <xmin>170</xmin>
            <ymax>74</ymax>
            <ymin>56</ymin>
        </bndbox>
        <type>5</type>
        <direction>1</direction>
        <previous>0</previous>
    </vehicle>
</annotation>
