<annotation>
    <video>164-20160223-09.avi</video>
    <frame>000151</frame>
    <time>2016/02/23 10:30:17</time>
    <width>352</width>
    <height>240</height>
    <weather>1</weather>
    <facing>3</facing>
    <flow>2</flow>
    <vehicle>
        <id>1</id>
        <bndbox>
            <xmax>164</xmax>
            <xmin>155</xmin>
            <ymax>68</ymax>
            <ymin>60</ymin>
        </bndbox>
        <type>2</type>
        <direction>1</direction>
        <previous>0</previous>
    </vehicle>
    <vehicle>
        <id>2</id>
        <bndbox>
            <xmax>185</xmax>
            <xmin>161</xmin>
            <ymax>78</ymax>
            <ymin>61</ymin>
        </bndbox>
        <type>5</type>
        <direction>1</direction>
        <previous>0</previous>
    </vehicle>
    <vehicle>
        <id>3</id>
        <bndbox>
            <xmax>219</xmax>
            <xmin>197</xmin>
            <ymax>93</ymax>
            <ymin>81</ymin>
        </bndbox>
        <type>2</type>
        <direction>1</direction>
        <previous>0</previous>
    </vehicle>
    <vehicle>
        <id>4</id>
        <bndbox>
            <xmax>239</xmax>
            <xmin>207</xmin>
            <ymax>89</ymax>
            <ymin>68</ymin>
        </bndbox>
        <type>5</type>
        <direction>1</direction>
        <previous>0</previous>
    </vehicle>
    <vehicle>
        <id>5</id>
        <bndbox>
            <xmax>283</xmax>
            <xmin>251</xmin>
            <ymax>103</ymax>
            <ymin>87</ymin>
        </bndbox>
        <type>2</type>
        <direction>1</direction>
        <previous>0</previous>
    </vehicle>
    <vehicle>
        <id>6</id>
        <bndbox>
            <xmax>353</xmax>
            <xmin>262</xmin>
            <ymax>233</ymax>
            <ymin>197</ymin>
        </bndbox>
        <type>2</type>
        <direction>4</direction>
        <previous>0</previous>
    </vehicle>
    <vehicle>
        <id>7</id>
        <bndbox>
            <xmax>353</xmax>
            <xmin>269</xmin>
            <ymax>241</ymax>
            <ymin>216</ymin>
        </bndbox>
        <type>7</type>
        <direction>4</direction>
        <previous>0</previous>
    </vehicle>
    <vehicle>
        <id>8</id>
        <bndbox>
            <xmax>239</xmax>
            <xmin>131</xmin>
            <ymax>237</ymax>
            <ymin>194</ymin>
        </bndbox>
        <type>2</type>
        <direction>4</direction>
        <previous>0</previous>
    </vehicle>
    <vehicle>
        <id>9</id>
        <bndbox>
            <xmax>115</xmax>
            <xmin>43</xmin>
            <ymax>211</ymax>
            <ymin>151</ymin>
        </bndbox>
        <type>2</type>
        <direction>8</direction>
        <previous>0</previous>
    </vehicle>
    <vehicle>
        <id>10</id>
        <bndbox>
            <xmax>47</xmax>
            <xmin>0</xmin>
            <ymax>241</ymax>
            <ymin>175</ymin>
        </bndbox>
        <type>5</type>
        <direction>8</direction>
        <previous>0</previous>
    </vehicle>
    <vehicle>
        <id>11</id>
        <bndbox>
            <xmax>40</xmax>
            <xmin>6</xmin>
            <ymax>192</ymax>
            <ymin>146</ymin>
        </bndbox>
        <type>1</type>
        <direction>8</direction>
        <previous>0</previous>
    </vehicle>
    <vehicle>
        <id>12</id>
        <bndbox>
            <xmax>55</xmax>
            <xmin>21</xmin>
            <ymax>149</ymax>
            <ymin>123</ymin>
        </bndbox>
        <type>3</type>
        <direction>2</direction>
        <previous>0</previous>
    </vehicle>
    <vehicle>
        <id>13</id>
        <bndbox>
            <xmax>145</xmax>
            <xmin>137</xmin>
            <ymax>67</ymax>
            <ymin>61</ymin>
        </bndbox>
        <type>3</type>
        <direction>2</direction>
        <previous>0</previous>
    </vehicle>
    <vehicle>
        <id>14</id>
        <bndbox>
            <xmax>10</xmax>
            <xmin>0</xmin>
            <ymax>154</ymax>
            <ymin>127</ymin>
        </bndbox>
        <type>5</type>
        <direction>2</direction>
        <previous>0</previous>
    </vehicle>
    <vehicle>
        <id>15</id>
        <bndbox>
            <xmax>131</xmax>
            <xmin>117</xmin>
            <ymax>71</ymax>
            <ymin>63</ymin>
        </bndbox>
        <type>3</type>
        <direction>2</direction>
        <previous>0</previous>
    </vehicle>
    <vehicle>
        <id>16</id>
        <bndbox>
            <xmax>137</xmax>
            <xmin>126</xmin>
            <ymax>66</ymax>
            <ymin>58</ymin>
        </bndbox>
        <type>7</type>
        <direction>2</direction>
        <previous>0</previous>
    </vehicle>
    <vehicle>
        <id>17</id>
        <bndbox>
            <xmax>78</xmax>
            <xmin>59</xmin>
            <ymax>98</ymax>
            <ymin>85</ymin>
        </bndbox>
        <type>2</type>
        <direction>2</direction>
        <previous>0</previous>
    </vehicle>
    <vehicle>
        <id>18</id>
        <bndbox>
            <xmax>97</xmax>
            <xmin>83</xmin>
            <ymax>87</ymax>
            <ymin>76</ymin>
        </bndbox>
        <type>2</type>
        <direction>2</direction>
        <previous>0</previous>
    </vehicle>
    <vehicle>
        <id>19</id>
        <bndbox>
            <xmax>106</xmax>
            <xmin>91</xmin>
            <ymax>79</ymax>
            <ymin>70</ymin>
        </bndbox>
        <type>1</type>
        <direction>2</direction>
        <previous>0</previous>
    </vehicle>
    <vehicle>
        <id>20</id>
        <bndbox>
            <xmax>16</xmax>
            <xmin>0</xmin>
            <ymax>120</ymax>
            <ymin>101</ymin>
        </bndbox>
        <type>1</type>
        <direction>2</direction>
        <previous>0</previous>
    </vehicle>
    <vehicle>
        <id>21</id>
        <bndbox>
            <xmax>41</xmax>
            <xmin>16</xmin>
            <ymax>108</ymax>
            <ymin>89</ymin>
        </bndbox>
        <type>7</type>
        <direction>2</direction>
        <previous>0</previous>
    </vehicle>
    <vehicle>
        <id>22</id>
        <bndbox>
            <xmax>63</xmax>
            <xmin>40</xmin>
            <ymax>99</ymax>
            <ymin>85</ymin>
        </bndbox>
        <type>2</type>
        <direction>2</direction>
        <previous>0</previous>
    </vehicle>
    <vehicle>
        <id>23</id>
        <bndbox>
            <xmax>74</xmax>
            <xmin>58</xmin>
            <ymax>89</ymax>
            <ymin>80</ymin>
        </bndbox>
        <type>3</type>
        <direction>2</direction>
        <previous>0</previous>
    </vehicle>
    <vehicle>
        <id>24</id>
        <bndbox>
            <xmax>89</xmax>
            <xmin>74</xmin>
            <ymax>82</ymax>
            <ymin>74</ymin>
        </bndbox>
        <type>3</type>
        <direction>2</direction>
        <previous>0</previous>
    </vehicle>
    <vehicle>
        <id>25</id>
        <bndbox>
            <xmax>19</xmax>
            <xmin>0</xmin>
            <ymax>103</ymax>
            <ymin>92</ymin>
        </bndbox>
        <type>3</type>
        <direction>2</direction>
        <previous>0</previous>
    </vehicle>
    <vehicle>
        <id>26</id>
        <bndbox>
            <xmax>49</xmax>
            <xmin>21</xmin>
            <ymax>96</ymax>
            <ymin>74</ymin>
        </bndbox>
        <type>5</type>
        <direction>2</direction>
        <previous>0</previous>
    </vehicle>
    <vehicle>
        <id>27</id>
        <bndbox>
            <xmax>64</xmax>
            <xmin>49</xmin>
            <ymax>87</ymax>
            <ymin>78</ymin>
        </bndbox>
        <type>3</type>
        <direction>2</direction>
        <previous>0</previous>
    </vehicle>
    <vehicle>
        <id>28</id>
        <bndbox>
            <xmax>93</xmax>
            <xmin>81</xmin>
            <ymax>76</ymax>
            <ymin>68</ymin>
        </bndbox>
        <type>3</type>
        <direction>2</direction>
        <previous>0</previous>
    </vehicle>
    <vehicle>
        <id>29</id>
        <bndbox>
            <xmax>117</xmax>
            <xmin>97</xmin>
            <ymax>72</ymax>
            <ymin>60</ymin>
        </bndbox>
        <type>5</type>
        <direction>2</direction>
        <previous>0</previous>
    </vehicle>
</annotation>
