<annotation>
    <video>164-20160223-09.avi</video>
    <frame>000133</frame>
    <time>2016/02/23 10:23:09</time>
    <width>352</width>
    <height>240</height>
    <weather>1</weather>
    <facing>3</facing>
    <flow>2</flow>
    <vehicle>
        <id>1</id>
        <bndbox>
            <xmax>30</xmax>
            <xmin>0</xmin>
            <ymax>129</ymax>
            <ymin>96</ymin>
        </bndbox>
        <type>5</type>
        <direction>2</direction>
        <previous>0</previous>
    </vehicle>
    <vehicle>
        <id>2</id>
        <bndbox>
            <xmax>52</xmax>
            <xmin>9</xmin>
            <ymax>108</ymax>
            <ymin>75</ymin>
        </bndbox>
        <type>5</type>
        <direction>2</direction>
        <previous>16</previous>
    </vehicle>
    <vehicle>
        <id>3</id>
        <bndbox>
            <xmax>69</xmax>
            <xmin>53</xmin>
            <ymax>91</ymax>
            <ymin>80</ymin>
        </bndbox>
        <type>3</type>
        <direction>2</direction>
        <previous>17</previous>
    </vehicle>
    <vehicle>
        <id>4</id>
        <bndbox>
            <xmax>81</xmax>
            <xmin>69</xmin>
            <ymax>86</ymax>
            <ymin>77</ymin>
        </bndbox>
        <type>1</type>
        <direction>2</direction>
        <previous>0</previous>
    </vehicle>
    <vehicle>
        <id>5</id>
        <bndbox>
            <xmax>95</xmax>
            <xmin>82</xmin>
            <ymax>81</ymax>
            <ymin>72</ymin>
        </bndbox>
        <type>2</type>
        <direction>2</direction>
        <previous>0</previous>
    </vehicle>
    <vehicle>
        <id>6</id>
        <bndbox>
            <xmax>109</xmax>
            <xmin>97</xmin>
            <ymax>77</ymax>
            <ymin>68</ymin>
        </bndbox>
        <type>3</type>
        <direction>2</direction>
        <previous>0</previous>
    </vehicle>
    <vehicle>
        <id>7</id>
        <bndbox>
            <xmax>15</xmax>
            <xmin>0</xmin>
            <ymax>97</ymax>
            <ymin>87</ymin>
        </bndbox>
        <type>6</type>
        <direction>2</direction>
        <previous>18</previous>
    </vehicle>
    <vehicle>
        <id>8</id>
        <bndbox>
            <xmax>73</xmax>
            <xmin>50</xmin>
            <ymax>85</ymax>
            <ymin>69</ymin>
        </bndbox>
        <type>9</type>
        <direction>2</direction>
        <previous>19</previous>
    </vehicle>
    <vehicle>
        <id>9</id>
        <bndbox>
            <xmax>102</xmax>
            <xmin>72</xmin>
            <ymax>80</ymax>
            <ymin>62</ymin>
        </bndbox>
        <type>9</type>
        <direction>2</direction>
        <previous>20</previous>
    </vehicle>
    <vehicle>
        <id>10</id>
        <bndbox>
            <xmax>121</xmax>
            <xmin>103</xmin>
            <ymax>69</ymax>
            <ymin>56</ymin>
        </bndbox>
        <type>6</type>
        <direction>2</direction>
        <previous>14</previous>
    </vehicle>
    <vehicle>
        <id>11</id>
        <bndbox>
            <xmax>77</xmax>
            <xmin>50</xmin>
            <ymax>132</ymax>
            <ymin>108</ymin>
        </bndbox>
        <type>2</type>
        <direction>2</direction>
        <previous>0</previous>
    </vehicle>
    <vehicle>
        <id>12</id>
        <bndbox>
            <xmax>75</xmax>
            <xmin>49</xmin>
            <ymax>116</ymax>
            <ymin>96</ymin>
        </bndbox>
        <type>3</type>
        <direction>2</direction>
        <previous>0</previous>
    </vehicle>
    <vehicle>
        <id>13</id>
        <bndbox>
            <xmax>134</xmax>
            <xmin>116</xmin>
            <ymax>78</ymax>
            <ymin>59</ymin>
        </bndbox>
        <type>5</type>
        <direction>2</direction>
        <previous>0</previous>
    </vehicle>
    <vehicle>
        <id>14</id>
        <bndbox>
            <xmax>162</xmax>
            <xmin>155</xmin>
            <ymax>67</ymax>
            <ymin>59</ymin>
        </bndbox>
        <type>2</type>
        <direction>1</direction>
        <previous>0</previous>
    </vehicle>
    <vehicle>
        <id>15</id>
        <bndbox>
            <xmax>291</xmax>
            <xmin>206</xmin>
            <ymax>101</ymax>
            <ymin>66</ymin>
        </bndbox>
        <type>6</type>
        <direction>1</direction>
        <previous>0</previous>
    </vehicle>
    <vehicle>
        <id>16</id>
        <bndbox>
            <xmax>262</xmax>
            <xmin>232</xmin>
            <ymax>223</ymax>
            <ymin>188</ymin>
        </bndbox>
        <type>2</type>
        <direction>4</direction>
        <previous>7</previous>
    </vehicle>
    <vehicle>
        <id>17</id>
        <bndbox>
            <xmax>353</xmax>
            <xmin>249</xmin>
            <ymax>241</ymax>
            <ymin>177</ymin>
        </bndbox>
        <type>5</type>
        <direction>4</direction>
        <previous>6</previous>
    </vehicle>
    <vehicle>
        <id>18</id>
        <bndbox>
            <xmax>175</xmax>
            <xmin>87</xmin>
            <ymax>204</ymax>
            <ymin>155</ymin>
        </bndbox>
        <type>7</type>
        <direction>4</direction>
        <previous>8</previous>
    </vehicle>
    <vehicle>
        <id>19</id>
        <bndbox>
            <xmax>118</xmax>
            <xmin>0</xmin>
            <ymax>241</ymax>
            <ymin>127</ymin>
        </bndbox>
        <type>5</type>
        <direction>8</direction>
        <previous>9</previous>
    </vehicle>
</annotation>
