<annotation>
    <video>164-20160223-09.avi</video>
    <frame>000140</frame>
    <time>2016/02/23 10:25:56</time>
    <width>352</width>
    <height>240</height>
    <weather>1</weather>
    <facing>3</facing>
    <flow>2</flow>
    <vehicle>
        <id>1</id>
        <bndbox>
            <xmax>34</xmax>
            <xmin>0</xmin>
            <ymax>116</ymax>
            <ymin>83</ymin>
        </bndbox>
        <type>5</type>
        <direction>2</direction>
        <previous>2</previous>
    </vehicle>
    <vehicle>
        <id>2</id>
        <bndbox>
            <xmax>51</xmax>
            <xmin>35</xmin>
            <ymax>100</ymax>
            <ymin>86</ymin>
        </bndbox>
        <type>3</type>
        <direction>2</direction>
        <previous>3</previous>
    </vehicle>
    <vehicle>
        <id>3</id>
        <bndbox>
            <xmax>72</xmax>
            <xmin>46</xmin>
            <ymax>92</ymax>
            <ymin>70</ymin>
        </bndbox>
        <type>6</type>
        <direction>2</direction>
        <previous>4</previous>
    </vehicle>
    <vehicle>
        <id>4</id>
        <bndbox>
            <xmax>110</xmax>
            <xmin>84</xmin>
            <ymax>75</ymax>
            <ymin>61</ymin>
        </bndbox>
        <type>9</type>
        <direction>2</direction>
        <previous>0</previous>
    </vehicle>
    <vehicle>
        <id>5</id>
        <bndbox>
            <xmax>83</xmax>
            <xmin>71</xmin>
            <ymax>82</ymax>
            <ymin>73</ymin>
        </bndbox>
        <type>3</type>
        <direction>2</direction>
        <previous>0</previous>
    </vehicle>
    <vehicle>
        <id>6</id>
        <bndbox>
            <xmax>98</xmax>
            <xmin>82</xmin>
            <ymax>82</ymax>
            <ymin>74</ymin>
        </bndbox>
        <type>1</type>
        <direction>2</direction>
        <previous>0</previous>
    </vehicle>
    <vehicle>
        <id>7</id>
        <bndbox>
            <xmax>123</xmax>
            <xmin>111</xmin>
            <ymax>70</ymax>
            <ymin>62</ymin>
        </bndbox>
        <type>3</type>
        <direction>2</direction>
        <previous>0</previous>
    </vehicle>
    <vehicle>
        <id>8</id>
        <bndbox>
            <xmax>135</xmax>
            <xmin>124</xmin>
            <ymax>67</ymax>
            <ymin>60</ymin>
        </bndbox>
        <type>3</type>
        <direction>2</direction>
        <previous>0</previous>
    </vehicle>
    <vehicle>
        <id>9</id>
        <bndbox>
            <xmax>122</xmax>
            <xmin>111</xmin>
            <ymax>79</ymax>
            <ymin>70</ymin>
        </bndbox>
        <type>3</type>
        <direction>2</direction>
        <previous>0</previous>
    </vehicle>
    <vehicle>
        <id>10</id>
        <bndbox>
            <xmax>49</xmax>
            <xmin>23</xmin>
            <ymax>143</ymax>
            <ymin>117</ymin>
        </bndbox>
        <type>2</type>
        <direction>8</direction>
        <previous>0</previous>
    </vehicle>
    <vehicle>
        <id>11</id>
        <bndbox>
            <xmax>56</xmax>
            <xmin>0</xmin>
            <ymax>241</ymax>
            <ymin>122</ymin>
        </bndbox>
        <type>5</type>
        <direction>8</direction>
        <previous>0</previous>
    </vehicle>
    <vehicle>
        <id>12</id>
        <bndbox>
            <xmax>353</xmax>
            <xmin>266</xmin>
            <ymax>201</ymax>
            <ymin>162</ymin>
        </bndbox>
        <type>4</type>
        <direction>4</direction>
        <previous>0</previous>
    </vehicle>
    <vehicle>
        <id>13</id>
        <bndbox>
            <xmax>353</xmax>
            <xmin>296</xmin>
            <ymax>213</ymax>
            <ymin>186</ymin>
        </bndbox>
        <type>7</type>
        <direction>4</direction>
        <previous>0</previous>
    </vehicle>
    <vehicle>
        <id>14</id>
        <bndbox>
            <xmax>353</xmax>
            <xmin>219</xmin>
            <ymax>241</ymax>
            <ymin>212</ymin>
        </bndbox>
        <type>5</type>
        <direction>4</direction>
        <previous>0</previous>
    </vehicle>
    <vehicle>
        <id>15</id>
        <bndbox>
            <xmax>188</xmax>
            <xmin>168</xmin>
            <ymax>73</ymax>
            <ymin>60</ymin>
        </bndbox>
        <type>5</type>
        <direction>1</direction>
        <previous>0</previous>
    </vehicle>
    <vehicle>
        <id>16</id>
        <bndbox>
            <xmax>217</xmax>
            <xmin>196</xmin>
            <ymax>90</ymax>
            <ymin>80</ymin>
        </bndbox>
        <type>3</type>
        <direction>1</direction>
        <previous>0</previous>
    </vehicle>
    <vehicle>
        <id>17</id>
        <bndbox>
            <xmax>299</xmax>
            <xmin>266</xmin>
            <ymax>113</ymax>
            <ymin>99</ymin>
        </bndbox>
        <type>3</type>
        <direction>1</direction>
        <previous>0</previous>
    </vehicle>
</annotation>
