<annotation>
    <video>164-20160223-09.avi</video>
    <frame>000198</frame>
    <time>2016/02/23 10:48:59</time>
    <width>352</width>
    <height>240</height>
    <weather>1</weather>
    <facing>3</facing>
    <flow>1</flow>
    <vehicle>
        <id>1</id>
        <bndbox>
            <xmax>130</xmax>
            <xmin>109</xmin>
            <ymax>71</ymax>
            <ymin>59</ymin>
        </bndbox>
        <type>6</type>
        <direction>2</direction>
        <previous>0</previous>
    </vehicle>
    <vehicle>
        <id>2</id>
        <bndbox>
            <xmax>9</xmax>
            <xmin>0</xmin>
            <ymax>111</ymax>
            <ymin>97</ymin>
        </bndbox>
        <type>3</type>
        <direction>2</direction>
        <previous>0</previous>
    </vehicle>
    <vehicle>
        <id>3</id>
        <bndbox>
            <xmax>5</xmax>
            <xmin>0</xmin>
            <ymax>139</ymax>
            <ymin>123</ymin>
        </bndbox>
        <type>3</type>
        <direction>2</direction>
        <previous>0</previous>
    </vehicle>
    <vehicle>
        <id>4</id>
        <bndbox>
            <xmax>62</xmax>
            <xmin>40</xmin>
            <ymax>119</ymax>
            <ymin>103</ymin>
        </bndbox>
        <type>1</type>
        <direction>2</direction>
        <previous>0</previous>
    </vehicle>
    <vehicle>
        <id>5</id>
        <bndbox>
            <xmax>64</xmax>
            <xmin>32</xmin>
            <ymax>141</ymax>
            <ymin>119</ymin>
        </bndbox>
        <type>3</type>
        <direction>2</direction>
        <previous>0</previous>
    </vehicle>
    <vehicle>
        <id>6</id>
        <bndbox>
            <xmax>81</xmax>
            <xmin>56</xmin>
            <ymax>122</ymax>
            <ymin>102</ymin>
        </bndbox>
        <type>2</type>
        <direction>2</direction>
        <previous>0</previous>
    </vehicle>
    <vehicle>
        <id>7</id>
        <bndbox>
            <xmax>6</xmax>
            <xmin>0</xmin>
            <ymax>187</ymax>
            <ymin>164</ymin>
        </bndbox>
        <type>3</type>
        <direction>4</direction>
        <previous>0</previous>
    </vehicle>
    <vehicle>
        <id>8</id>
        <bndbox>
            <xmax>193</xmax>
            <xmin>90</xmin>
            <ymax>236</ymax>
            <ymin>197</ymin>
        </bndbox>
        <type>2</type>
        <direction>4</direction>
        <previous>0</previous>
    </vehicle>
    <vehicle>
        <id>9</id>
        <bndbox>
            <xmax>316</xmax>
            <xmin>191</xmin>
            <ymax>241</ymax>
            <ymin>224</ymin>
        </bndbox>
        <type>2</type>
        <direction>4</direction>
        <previous>0</previous>
    </vehicle>
    <vehicle>
        <id>10</id>
        <bndbox>
            <xmax>276</xmax>
            <xmin>202</xmin>
            <ymax>194</ymax>
            <ymin>158</ymin>
        </bndbox>
        <type>2</type>
        <direction>7</direction>
        <previous>0</previous>
    </vehicle>
    <vehicle>
        <id>11</id>
        <bndbox>
            <xmax>353</xmax>
            <xmin>285</xmin>
            <ymax>216</ymax>
            <ymin>173</ymin>
        </bndbox>
        <type>2</type>
        <direction>7</direction>
        <previous>0</previous>
    </vehicle>
    <vehicle>
        <id>12</id>
        <bndbox>
            <xmax>325</xmax>
            <xmin>279</xmin>
            <ymax>167</ymax>
            <ymin>134</ymin>
        </bndbox>
        <type>3</type>
        <direction>7</direction>
        <previous>0</previous>
    </vehicle>
    <vehicle>
        <id>13</id>
        <bndbox>
            <xmax>317</xmax>
            <xmin>259</xmin>
            <ymax>121</ymax>
            <ymin>79</ymin>
        </bndbox>
        <type>5</type>
        <direction>1</direction>
        <previous>0</previous>
    </vehicle>
    <vehicle>
        <id>14</id>
        <bndbox>
            <xmax>187</xmax>
            <xmin>173</xmin>
            <ymax>73</ymax>
            <ymin>64</ymin>
        </bndbox>
        <type>7</type>
        <direction>1</direction>
        <previous>0</previous>
    </vehicle>
</annotation>
