<annotation>
    <video>164-20160223-09.avi</video>
    <frame>000152</frame>
    <time>2016/02/23 10:30:41</time>
    <width>352</width>
    <height>240</height>
    <weather>1</weather>
    <facing>3</facing>
    <flow>1</flow>
    <vehicle>
        <id>1</id>
        <bndbox>
            <xmax>172</xmax>
            <xmin>164</xmin>
            <ymax>64</ymax>
            <ymin>53</ymin>
        </bndbox>
        <type>5</type>
        <direction>1</direction>
        <previous>0</previous>
    </vehicle>
    <vehicle>
        <id>2</id>
        <bndbox>
            <xmax>352</xmax>
            <xmin>291</xmin>
            <ymax>236</ymax>
            <ymin>196</ymin>
        </bndbox>
        <type>2</type>
        <direction>4</direction>
        <previous>0</previous>
    </vehicle>
    <vehicle>
        <id>3</id>
        <bndbox>
            <xmax>165</xmax>
            <xmin>0</xmin>
            <ymax>241</ymax>
            <ymin>172</ymin>
        </bndbox>
        <type>5</type>
        <direction>4</direction>
        <previous>0</previous>
    </vehicle>
    <vehicle>
        <id>4</id>
        <bndbox>
            <xmax>190</xmax>
            <xmin>86</xmin>
            <ymax>226</ymax>
            <ymin>165</ymin>
        </bndbox>
        <type>2</type>
        <direction>4</direction>
        <previous>0</previous>
    </vehicle>
    <vehicle>
        <id>5</id>
        <bndbox>
            <xmax>39</xmax>
            <xmin>9</xmin>
            <ymax>208</ymax>
            <ymin>156</ymin>
        </bndbox>
        <type>1</type>
        <direction>8</direction>
        <previous>11</previous>
    </vehicle>
    <vehicle>
        <id>6</id>
        <bndbox>
            <xmax>34</xmax>
            <xmin>0</xmin>
            <ymax>173</ymax>
            <ymin>138</ymin>
        </bndbox>
        <type>3</type>
        <direction>2</direction>
        <previous>12</previous>
    </vehicle>
    <vehicle>
        <id>7</id>
        <bndbox>
            <xmax>64</xmax>
            <xmin>32</xmin>
            <ymax>144</ymax>
            <ymin>118</ymin>
        </bndbox>
        <type>3</type>
        <direction>2</direction>
        <previous>13</previous>
    </vehicle>
    <vehicle>
        <id>8</id>
        <bndbox>
            <xmax>31</xmax>
            <xmin>0</xmin>
            <ymax>148</ymax>
            <ymin>126</ymin>
        </bndbox>
        <type>3</type>
        <direction>2</direction>
        <previous>15</previous>
    </vehicle>
    <vehicle>
        <id>9</id>
        <bndbox>
            <xmax>103</xmax>
            <xmin>29</xmin>
            <ymax>126</ymax>
            <ymin>69</ymin>
        </bndbox>
        <type>6</type>
        <direction>2</direction>
        <previous>0</previous>
    </vehicle>
    <vehicle>
        <id>10</id>
        <bndbox>
            <xmax>43</xmax>
            <xmin>1</xmin>
            <ymax>125</ymax>
            <ymin>89</ymin>
        </bndbox>
        <type>5</type>
        <direction>2</direction>
        <previous>0</previous>
    </vehicle>
    <vehicle>
        <id>11</id>
        <bndbox>
            <xmax>16</xmax>
            <xmin>0</xmin>
            <ymax>107</ymax>
            <ymin>92</ymin>
        </bndbox>
        <type>3</type>
        <direction>2</direction>
        <previous>25</previous>
    </vehicle>
    <vehicle>
        <id>12</id>
        <bndbox>
            <xmax>45</xmax>
            <xmin>17</xmin>
            <ymax>95</ymax>
            <ymin>74</ymin>
        </bndbox>
        <type>5</type>
        <direction>2</direction>
        <previous>26</previous>
    </vehicle>
    <vehicle>
        <id>13</id>
        <bndbox>
            <xmax>56</xmax>
            <xmin>44</xmin>
            <ymax>86</ymax>
            <ymin>78</ymin>
        </bndbox>
        <type>3</type>
        <direction>2</direction>
        <previous>0</previous>
    </vehicle>
    <vehicle>
        <id>14</id>
        <bndbox>
            <xmax>72</xmax>
            <xmin>54</xmin>
            <ymax>81</ymax>
            <ymin>72</ymin>
        </bndbox>
        <type>3</type>
        <direction>2</direction>
        <previous>0</previous>
    </vehicle>
    <vehicle>
        <id>15</id>
        <bndbox>
            <xmax>95</xmax>
            <xmin>73</xmin>
            <ymax>76</ymax>
            <ymin>64</ymin>
        </bndbox>
        <type>6</type>
        <direction>2</direction>
        <previous>0</previous>
    </vehicle>
    <vehicle>
        <id>16</id>
        <bndbox>
            <xmax>121</xmax>
            <xmin>97</xmin>
            <ymax>95</ymax>
            <ymin>70</ymin>
        </bndbox>
        <type>5</type>
        <direction>2</direction>
        <previous>0</previous>
    </vehicle>
    <vehicle>
        <id>17</id>
        <bndbox>
            <xmax>120</xmax>
            <xmin>107</xmin>
            <ymax>71</ymax>
            <ymin>64</ymin>
        </bndbox>
        <type>3</type>
        <direction>2</direction>
        <previous>0</previous>
    </vehicle>
    <vehicle>
        <id>18</id>
        <bndbox>
            <xmax>134</xmax>
            <xmin>122</xmin>
            <ymax>70</ymax>
            <ymin>59</ymin>
        </bndbox>
        <type>3</type>
        <direction>2</direction>
        <previous>0</previous>
    </vehicle>
</annotation>
