<annotation>
    <video>164-20160223-09.avi</video>
    <frame>000163</frame>
    <time>2016/02/23 10:35:04</time>
    <width>352</width>
    <height>240</height>
    <weather>1</weather>
    <facing>3</facing>
    <flow>2</flow>
    <vehicle>
        <id>1</id>
        <bndbox>
            <xmax>76</xmax>
            <xmin>0</xmin>
            <ymax>138</ymax>
            <ymin>74</ymin>
        </bndbox>
        <type>6</type>
        <direction>2</direction>
        <previous>0</previous>
    </vehicle>
    <vehicle>
        <id>2</id>
        <bndbox>
            <xmax>87</xmax>
            <xmin>75</xmin>
            <ymax>91</ymax>
            <ymin>76</ymin>
        </bndbox>
        <type>3</type>
        <direction>2</direction>
        <previous>0</previous>
    </vehicle>
    <vehicle>
        <id>3</id>
        <bndbox>
            <xmax>86</xmax>
            <xmin>56</xmin>
            <ymax>80</ymax>
            <ymin>62</ymin>
        </bndbox>
        <type>5</type>
        <direction>2</direction>
        <previous>0</previous>
    </vehicle>
    <vehicle>
        <id>4</id>
        <bndbox>
            <xmax>118</xmax>
            <xmin>85</xmin>
            <ymax>91</ymax>
            <ymin>63</ymin>
        </bndbox>
        <type>5</type>
        <direction>2</direction>
        <previous>0</previous>
    </vehicle>
    <vehicle>
        <id>5</id>
        <bndbox>
            <xmax>124</xmax>
            <xmin>114</xmin>
            <ymax>68</ymax>
            <ymin>61</ymin>
        </bndbox>
        <type>3</type>
        <direction>2</direction>
        <previous>0</previous>
    </vehicle>
    <vehicle>
        <id>6</id>
        <bndbox>
            <xmax>84</xmax>
            <xmin>50</xmin>
            <ymax>126</ymax>
            <ymin>92</ymin>
        </bndbox>
        <type>5</type>
        <direction>2</direction>
        <previous>0</previous>
    </vehicle>
    <vehicle>
        <id>7</id>
        <bndbox>
            <xmax>97</xmax>
            <xmin>78</xmin>
            <ymax>106</ymax>
            <ymin>87</ymin>
        </bndbox>
        <type>2</type>
        <direction>2</direction>
        <previous>0</previous>
    </vehicle>
    <vehicle>
        <id>8</id>
        <bndbox>
            <xmax>143</xmax>
            <xmin>127</xmin>
            <ymax>70</ymax>
            <ymin>56</ymin>
        </bndbox>
        <type>5</type>
        <direction>2</direction>
        <previous>0</previous>
    </vehicle>
    <vehicle>
        <id>9</id>
        <bndbox>
            <xmax>191</xmax>
            <xmin>176</xmin>
            <ymax>75</ymax>
            <ymin>66</ymin>
        </bndbox>
        <type>2</type>
        <direction>1</direction>
        <previous>0</previous>
    </vehicle>
    <vehicle>
        <id>10</id>
        <bndbox>
            <xmax>226</xmax>
            <xmin>206</xmin>
            <ymax>86</ymax>
            <ymin>76</ymin>
        </bndbox>
        <type>3</type>
        <direction>1</direction>
        <previous>0</previous>
    </vehicle>
    <vehicle>
        <id>11</id>
        <bndbox>
            <xmax>298</xmax>
            <xmin>256</xmin>
            <ymax>113</ymax>
            <ymin>93</ymin>
        </bndbox>
        <type>2</type>
        <direction>1</direction>
        <previous>0</previous>
    </vehicle>
    <vehicle>
        <id>12</id>
        <bndbox>
            <xmax>334</xmax>
            <xmin>237</xmin>
            <ymax>201</ymax>
            <ymin>159</ymin>
        </bndbox>
        <type>7</type>
        <direction>4</direction>
        <previous>0</previous>
    </vehicle>
    <vehicle>
        <id>13</id>
        <bndbox>
            <xmax>353</xmax>
            <xmin>273</xmin>
            <ymax>216</ymax>
            <ymin>195</ymin>
        </bndbox>
        <type>2</type>
        <direction>4</direction>
        <previous>0</previous>
    </vehicle>
    <vehicle>
        <id>14</id>
        <bndbox>
            <xmax>353</xmax>
            <xmin>163</xmin>
            <ymax>241</ymax>
            <ymin>195</ymin>
        </bndbox>
        <type>5</type>
        <direction>4</direction>
        <previous>0</previous>
    </vehicle>
    <vehicle>
        <id>15</id>
        <bndbox>
            <xmax>234</xmax>
            <xmin>0</xmin>
            <ymax>234</ymax>
            <ymin>158</ymin>
        </bndbox>
        <type>6</type>
        <direction>4</direction>
        <previous>0</previous>
    </vehicle>
    <vehicle>
        <id>16</id>
        <bndbox>
            <xmax>217</xmax>
            <xmin>108</xmin>
            <ymax>190</ymax>
            <ymin>140</ymin>
        </bndbox>
        <type>5</type>
        <direction>4</direction>
        <previous>0</previous>
    </vehicle>
    <vehicle>
        <id>17</id>
        <bndbox>
            <xmax>40</xmax>
            <xmin>0</xmin>
            <ymax>198</ymax>
            <ymin>134</ymin>
        </bndbox>
        <type>7</type>
        <direction>2</direction>
        <previous>0</previous>
    </vehicle>
    <vehicle>
        <id>18</id>
        <bndbox>
            <xmax>55</xmax>
            <xmin>33</xmin>
            <ymax>156</ymax>
            <ymin>130</ymin>
        </bndbox>
        <type>2</type>
        <direction>2</direction>
        <previous>0</previous>
    </vehicle>
</annotation>
