<annotation>
    <video>164-20160223-09.avi</video>
    <frame>000134</frame>
    <time>2016/02/23 10:23:33</time>
    <width>352</width>
    <height>240</height>
    <weather>1</weather>
    <facing>3</facing>
    <flow>1</flow>
    <vehicle>
        <id>1</id>
        <bndbox>
            <xmax>30</xmax>
            <xmin>0</xmin>
            <ymax>129</ymax>
            <ymin>96</ymin>
        </bndbox>
        <type>5</type>
        <direction>2</direction>
        <previous>0</previous>
    </vehicle>
    <vehicle>
        <id>2</id>
        <bndbox>
            <xmax>52</xmax>
            <xmin>9</xmin>
            <ymax>108</ymax>
            <ymin>75</ymin>
        </bndbox>
        <type>5</type>
        <direction>2</direction>
        <previous>0</previous>
    </vehicle>
    <vehicle>
        <id>3</id>
        <bndbox>
            <xmax>69</xmax>
            <xmin>53</xmin>
            <ymax>91</ymax>
            <ymin>80</ymin>
        </bndbox>
        <type>3</type>
        <direction>2</direction>
        <previous>0</previous>
    </vehicle>
    <vehicle>
        <id>4</id>
        <bndbox>
            <xmax>81</xmax>
            <xmin>69</xmin>
            <ymax>86</ymax>
            <ymin>77</ymin>
        </bndbox>
        <type>1</type>
        <direction>2</direction>
        <previous>0</previous>
    </vehicle>
    <vehicle>
        <id>5</id>
        <bndbox>
            <xmax>95</xmax>
            <xmin>82</xmin>
            <ymax>81</ymax>
            <ymin>72</ymin>
        </bndbox>
        <type>2</type>
        <direction>2</direction>
        <previous>0</previous>
    </vehicle>
    <vehicle>
        <id>6</id>
        <bndbox>
            <xmax>109</xmax>
            <xmin>93</xmin>
            <ymax>77</ymax>
            <ymin>66</ymin>
        </bndbox>
        <type>3</type>
        <direction>2</direction>
        <previous>0</previous>
    </vehicle>
    <vehicle>
        <id>7</id>
        <bndbox>
            <xmax>15</xmax>
            <xmin>0</xmin>
            <ymax>97</ymax>
            <ymin>87</ymin>
        </bndbox>
        <type>6</type>
        <direction>2</direction>
        <previous>0</previous>
    </vehicle>
    <vehicle>
        <id>8</id>
        <bndbox>
            <xmax>73</xmax>
            <xmin>50</xmin>
            <ymax>85</ymax>
            <ymin>69</ymin>
        </bndbox>
        <type>9</type>
        <direction>2</direction>
        <previous>0</previous>
    </vehicle>
    <vehicle>
        <id>9</id>
        <bndbox>
            <xmax>102</xmax>
            <xmin>72</xmin>
            <ymax>80</ymax>
            <ymin>62</ymin>
        </bndbox>
        <type>9</type>
        <direction>2</direction>
        <previous>0</previous>
    </vehicle>
    <vehicle>
        <id>10</id>
        <bndbox>
            <xmax>121</xmax>
            <xmin>103</xmin>
            <ymax>65</ymax>
            <ymin>56</ymin>
        </bndbox>
        <type>6</type>
        <direction>2</direction>
        <previous>0</previous>
    </vehicle>
    <vehicle>
        <id>11</id>
        <bndbox>
            <xmax>122</xmax>
            <xmin>109</xmin>
            <ymax>73</ymax>
            <ymin>63</ymin>
        </bndbox>
        <type>3</type>
        <direction>2</direction>
        <previous>0</previous>
    </vehicle>
    <vehicle>
        <id>12</id>
        <bndbox>
            <xmax>134</xmax>
            <xmin>121</xmin>
            <ymax>69</ymax>
            <ymin>59</ymin>
        </bndbox>
        <type>3</type>
        <direction>2</direction>
        <previous>0</previous>
    </vehicle>
    <vehicle>
        <id>13</id>
        <bndbox>
            <xmax>142</xmax>
            <xmin>133</xmin>
            <ymax>67</ymax>
            <ymin>60</ymin>
        </bndbox>
        <type>3</type>
        <direction>2</direction>
        <previous>0</previous>
    </vehicle>
    <vehicle>
        <id>14</id>
        <bndbox>
            <xmax>53</xmax>
            <xmin>24</xmin>
            <ymax>166</ymax>
            <ymin>133</ymin>
        </bndbox>
        <type>2</type>
        <direction>8</direction>
        <previous>9</previous>
    </vehicle>
    <vehicle>
        <id>15</id>
        <bndbox>
            <xmax>27</xmax>
            <xmin>0</xmin>
            <ymax>156</ymax>
            <ymin>124</ymin>
        </bndbox>
        <type>3</type>
        <direction>2</direction>
        <previous>10</previous>
    </vehicle>
    <vehicle>
        <id>16</id>
        <bndbox>
            <xmax>82</xmax>
            <xmin>40</xmin>
            <ymax>134</ymax>
            <ymin>91</ymin>
        </bndbox>
        <type>5</type>
        <direction>2</direction>
        <previous>11</previous>
    </vehicle>
    <vehicle>
        <id>17</id>
        <bndbox>
            <xmax>92</xmax>
            <xmin>78</xmin>
            <ymax>99</ymax>
            <ymin>86</ymin>
        </bndbox>
        <type>3</type>
        <direction>2</direction>
        <previous>0</previous>
    </vehicle>
    <vehicle>
        <id>18</id>
        <bndbox>
            <xmax>44</xmax>
            <xmin>27</xmin>
            <ymax>132</ymax>
            <ymin>108</ymin>
        </bndbox>
        <type>3</type>
        <direction>2</direction>
        <previous>0</previous>
    </vehicle>
    <vehicle>
        <id>19</id>
        <bndbox>
            <xmax>54</xmax>
            <xmin>25</xmin>
            <ymax>112</ymax>
            <ymin>87</ymin>
        </bndbox>
        <type>5</type>
        <direction>2</direction>
        <previous>0</previous>
    </vehicle>
    <vehicle>
        <id>20</id>
        <bndbox>
            <xmax>100</xmax>
            <xmin>84</xmin>
            <ymax>105</ymax>
            <ymin>91</ymin>
        </bndbox>
        <type>3</type>
        <direction>2</direction>
        <previous>0</previous>
    </vehicle>
    <vehicle>
        <id>21</id>
        <bndbox>
            <xmax>204</xmax>
            <xmin>188</xmin>
            <ymax>80</ymax>
            <ymin>70</ymin>
        </bndbox>
        <type>2</type>
        <direction>1</direction>
        <previous>0</previous>
    </vehicle>
    <vehicle>
        <id>22</id>
        <bndbox>
            <xmax>237</xmax>
            <xmin>208</xmin>
            <ymax>97</ymax>
            <ymin>77</ymin>
        </bndbox>
        <type>7</type>
        <direction>1</direction>
        <previous>0</previous>
    </vehicle>
    <vehicle>
        <id>23</id>
        <bndbox>
            <xmax>279</xmax>
            <xmin>244</xmin>
            <ymax>99</ymax>
            <ymin>82</ymin>
        </bndbox>
        <type>7</type>
        <direction>1</direction>
        <previous>0</previous>
    </vehicle>
    <vehicle>
        <id>24</id>
        <bndbox>
            <xmax>318</xmax>
            <xmin>280</xmin>
            <ymax>117</ymax>
            <ymin>100</ymin>
        </bndbox>
        <type>1</type>
        <direction>1</direction>
        <previous>0</previous>
    </vehicle>
    <vehicle>
        <id>25</id>
        <bndbox>
            <xmax>337</xmax>
            <xmin>307</xmin>
            <ymax>156</ymax>
            <ymin>129</ymin>
        </bndbox>
        <type>2</type>
        <direction>7</direction>
        <previous>0</previous>
    </vehicle>
    <vehicle>
        <id>26</id>
        <bndbox>
            <xmax>231</xmax>
            <xmin>143</xmin>
            <ymax>201</ymax>
            <ymin>162</ymin>
        </bndbox>
        <type>2</type>
        <direction>4</direction>
        <previous>0</previous>
    </vehicle>
    <vehicle>
        <id>27</id>
        <bndbox>
            <xmax>191</xmax>
            <xmin>86</xmin>
            <ymax>236</ymax>
            <ymin>198</ymin>
        </bndbox>
        <type>3</type>
        <direction>4</direction>
        <previous>0</previous>
    </vehicle>
    <vehicle>
        <id>28</id>
        <bndbox>
            <xmax>194</xmax>
            <xmin>86</xmin>
            <ymax>241</ymax>
            <ymin>230</ymin>
        </bndbox>
        <type>3</type>
        <direction>4</direction>
        <previous>0</previous>
    </vehicle>
</annotation>
