<annotation>
    <video>164-20160223-09.avi</video>
    <frame>000193</frame>
    <time>2016/02/23 10:47:00</time>
    <width>352</width>
    <height>240</height>
    <weather>1</weather>
    <facing>3</facing>
    <flow>2</flow>
    <vehicle>
        <id>1</id>
        <bndbox>
            <xmax>183</xmax>
            <xmin>163</xmin>
            <ymax>76</ymax>
            <ymin>59</ymin>
        </bndbox>
        <type>5</type>
        <direction>1</direction>
        <previous>0</previous>
    </vehicle>
    <vehicle>
        <id>2</id>
        <bndbox>
            <xmax>190</xmax>
            <xmin>177</xmin>
            <ymax>81</ymax>
            <ymin>72</ymin>
        </bndbox>
        <type>3</type>
        <direction>1</direction>
        <previous>0</previous>
    </vehicle>
    <vehicle>
        <id>3</id>
        <bndbox>
            <xmax>219</xmax>
            <xmin>195</xmin>
            <ymax>89</ymax>
            <ymin>76</ymin>
        </bndbox>
        <type>7</type>
        <direction>1</direction>
        <previous>0</previous>
    </vehicle>
    <vehicle>
        <id>4</id>
        <bndbox>
            <xmax>216</xmax>
            <xmin>200</xmin>
            <ymax>78</ymax>
            <ymin>72</ymin>
        </bndbox>
        <type>1</type>
        <direction>1</direction>
        <previous>0</previous>
    </vehicle>
    <vehicle>
        <id>5</id>
        <bndbox>
            <xmax>237</xmax>
            <xmin>213</xmin>
            <ymax>101</ymax>
            <ymin>88</ymin>
        </bndbox>
        <type>2</type>
        <direction>1</direction>
        <previous>0</previous>
    </vehicle>
    <vehicle>
        <id>6</id>
        <bndbox>
            <xmax>280</xmax>
            <xmin>246</xmin>
            <ymax>111</ymax>
            <ymin>96</ymin>
        </bndbox>
        <type>3</type>
        <direction>1</direction>
        <previous>0</previous>
    </vehicle>
    <vehicle>
        <id>7</id>
        <bndbox>
            <xmax>326</xmax>
            <xmin>292</xmin>
            <ymax>115</ymax>
            <ymin>99</ymin>
        </bndbox>
        <type>2</type>
        <direction>1</direction>
        <previous>0</previous>
    </vehicle>
    <vehicle>
        <id>8</id>
        <bndbox>
            <xmax>353</xmax>
            <xmin>302</xmin>
            <ymax>232</ymax>
            <ymin>187</ymin>
        </bndbox>
        <type>2</type>
        <direction>4</direction>
        <previous>1</previous>
    </vehicle>
    <vehicle>
        <id>9</id>
        <bndbox>
            <xmax>321</xmax>
            <xmin>255</xmin>
            <ymax>241</ymax>
            <ymin>233</ymin>
        </bndbox>
        <type>2</type>
        <direction>4</direction>
        <previous>2</previous>
    </vehicle>
    <vehicle>
        <id>10</id>
        <bndbox>
            <xmax>285</xmax>
            <xmin>164</xmin>
            <ymax>235</ymax>
            <ymin>187</ymin>
        </bndbox>
        <type>2</type>
        <direction>4</direction>
        <previous>4</previous>
    </vehicle>
    <vehicle>
        <id>11</id>
        <bndbox>
            <xmax>133</xmax>
            <xmin>64</xmin>
            <ymax>220</ymax>
            <ymin>177</ymin>
        </bndbox>
        <type>3</type>
        <direction>4</direction>
        <previous>5</previous>
    </vehicle>
    <vehicle>
        <id>12</id>
        <bndbox>
            <xmax>94</xmax>
            <xmin>0</xmin>
            <ymax>241</ymax>
            <ymin>106</ymin>
        </bndbox>
        <type>6</type>
        <direction>8</direction>
        <previous>6</previous>
    </vehicle>
    <vehicle>
        <id>13</id>
        <bndbox>
            <xmax>23</xmax>
            <xmin>0</xmin>
            <ymax>106</ymax>
            <ymin>89</ymin>
        </bndbox>
        <type>2</type>
        <direction>2</direction>
        <previous>0</previous>
    </vehicle>
    <vehicle>
        <id>14</id>
        <bndbox>
            <xmax>46</xmax>
            <xmin>23</xmin>
            <ymax>103</ymax>
            <ymin>91</ymin>
        </bndbox>
        <type>3</type>
        <direction>2</direction>
        <previous>0</previous>
    </vehicle>
    <vehicle>
        <id>15</id>
        <bndbox>
            <xmax>43</xmax>
            <xmin>25</xmin>
            <ymax>95</ymax>
            <ymin>83</ymin>
        </bndbox>
        <type>2</type>
        <direction>2</direction>
        <previous>0</previous>
    </vehicle>
    <vehicle>
        <id>16</id>
        <bndbox>
            <xmax>63</xmax>
            <xmin>43</xmin>
            <ymax>87</ymax>
            <ymin>72</ymin>
        </bndbox>
        <type>7</type>
        <direction>2</direction>
        <previous>0</previous>
    </vehicle>
    <vehicle>
        <id>17</id>
        <bndbox>
            <xmax>133</xmax>
            <xmin>124</xmin>
            <ymax>67</ymax>
            <ymin>60</ymin>
        </bndbox>
        <type>1</type>
        <direction>2</direction>
        <previous>0</previous>
    </vehicle>
</annotation>
