<annotation>
    <video>164-20160223-09.avi</video>
    <frame>000121</frame>
    <time>2016/02/23 10:18:21</time>
    <width>352</width>
    <height>240</height>
    <weather>1</weather>
    <facing>3</facing>
    <flow>2</flow>
    <vehicle>
        <id>1</id>
        <bndbox>
            <xmax>171</xmax>
            <xmin>159</xmin>
            <ymax>74</ymax>
            <ymin>66</ymin>
        </bndbox>
        <type>3</type>
        <direction>1</direction>
        <previous>0</previous>
    </vehicle>
    <vehicle>
        <id>2</id>
        <bndbox>
            <xmax>176</xmax>
            <xmin>167</xmin>
            <ymax>68</ymax>
            <ymin>60</ymin>
        </bndbox>
        <type>2</type>
        <direction>1</direction>
        <previous>0</previous>
    </vehicle>
    <vehicle>
        <id>3</id>
        <bndbox>
            <xmax>192</xmax>
            <xmin>175</xmin>
            <ymax>74</ymax>
            <ymin>64</ymin>
        </bndbox>
        <type>7</type>
        <direction>1</direction>
        <previous>0</previous>
    </vehicle>
    <vehicle>
        <id>4</id>
        <bndbox>
            <xmax>205</xmax>
            <xmin>188</xmin>
            <ymax>87</ymax>
            <ymin>79</ymin>
        </bndbox>
        <type>3</type>
        <direction>1</direction>
        <previous>0</previous>
    </vehicle>
    <vehicle>
        <id>5</id>
        <bndbox>
            <xmax>332</xmax>
            <xmin>288</xmin>
            <ymax>112</ymax>
            <ymin>94</ymin>
        </bndbox>
        <type>2</type>
        <direction>1</direction>
        <previous>0</previous>
    </vehicle>
    <vehicle>
        <id>6</id>
        <bndbox>
            <xmax>353</xmax>
            <xmin>339</xmin>
            <ymax>139</ymax>
            <ymin>123</ymin>
        </bndbox>
        <type>3</type>
        <direction>1</direction>
        <previous>0</previous>
    </vehicle>
    <vehicle>
        <id>7</id>
        <bndbox>
            <xmax>309</xmax>
            <xmin>152</xmin>
            <ymax>219</ymax>
            <ymin>147</ymin>
        </bndbox>
        <type>5</type>
        <direction>4</direction>
        <previous>0</previous>
    </vehicle>
    <vehicle>
        <id>8</id>
        <bndbox>
            <xmax>327</xmax>
            <xmin>195</xmin>
            <ymax>241</ymax>
            <ymin>199</ymin>
        </bndbox>
        <type>7</type>
        <direction>4</direction>
        <previous>0</previous>
    </vehicle>
    <vehicle>
        <id>9</id>
        <bndbox>
            <xmax>137</xmax>
            <xmin>25</xmin>
            <ymax>241</ymax>
            <ymin>215</ymin>
        </bndbox>
        <type>2</type>
        <direction>4</direction>
        <previous>0</previous>
    </vehicle>
    <vehicle>
        <id>10</id>
        <bndbox>
            <xmax>134</xmax>
            <xmin>60</xmin>
            <ymax>204</ymax>
            <ymin>168</ymin>
        </bndbox>
        <type>3</type>
        <direction>4</direction>
        <previous>0</previous>
    </vehicle>
    <vehicle>
        <id>11</id>
        <bndbox>
            <xmax>15</xmax>
            <xmin>0</xmin>
            <ymax>241</ymax>
            <ymin>206</ymin>
        </bndbox>
        <type>3</type>
        <direction>8</direction>
        <previous>0</previous>
    </vehicle>
    <vehicle>
        <id>12</id>
        <bndbox>
            <xmax>56</xmax>
            <xmin>24</xmin>
            <ymax>186</ymax>
            <ymin>151</ymin>
        </bndbox>
        <type>3</type>
        <direction>8</direction>
        <previous>0</previous>
    </vehicle>
    <vehicle>
        <id>13</id>
        <bndbox>
            <xmax>50</xmax>
            <xmin>17</xmin>
            <ymax>155</ymax>
            <ymin>127</ymin>
        </bndbox>
        <type>3</type>
        <direction>2</direction>
        <previous>0</previous>
    </vehicle>
    <vehicle>
        <id>14</id>
        <bndbox>
            <xmax>79</xmax>
            <xmin>50</xmin>
            <ymax>129</ymax>
            <ymin>106</ymin>
        </bndbox>
        <type>2</type>
        <direction>2</direction>
        <previous>0</previous>
    </vehicle>
    <vehicle>
        <id>15</id>
        <bndbox>
            <xmax>94</xmax>
            <xmin>75</xmin>
            <ymax>111</ymax>
            <ymin>97</ymin>
        </bndbox>
        <type>2</type>
        <direction>2</direction>
        <previous>0</previous>
    </vehicle>
    <vehicle>
        <id>16</id>
        <bndbox>
            <xmax>108</xmax>
            <xmin>86</xmin>
            <ymax>100</ymax>
            <ymin>79</ymin>
        </bndbox>
        <type>7</type>
        <direction>2</direction>
        <previous>0</previous>
    </vehicle>
    <vehicle>
        <id>17</id>
        <bndbox>
            <xmax>115</xmax>
            <xmin>99</xmin>
            <ymax>87</ymax>
            <ymin>72</ymin>
        </bndbox>
        <type>7</type>
        <direction>2</direction>
        <previous>0</previous>
    </vehicle>
    <vehicle>
        <id>18</id>
        <bndbox>
            <xmax>123</xmax>
            <xmin>113</xmin>
            <ymax>85</ymax>
            <ymin>74</ymin>
        </bndbox>
        <type>3</type>
        <direction>2</direction>
        <previous>0</previous>
    </vehicle>
    <vehicle>
        <id>19</id>
        <bndbox>
            <xmax>136</xmax>
            <xmin>118</xmin>
            <ymax>75</ymax>
            <ymin>60</ymin>
        </bndbox>
        <type>5</type>
        <direction>2</direction>
        <previous>0</previous>
    </vehicle>
    <vehicle>
        <id>20</id>
        <bndbox>
            <xmax>37</xmax>
            <xmin>0</xmin>
            <ymax>141</ymax>
            <ymin>95</ymin>
        </bndbox>
        <type>5</type>
        <direction>2</direction>
        <previous>0</previous>
    </vehicle>
    <vehicle>
        <id>21</id>
        <bndbox>
            <xmax>121</xmax>
            <xmin>105</xmin>
            <ymax>71</ymax>
            <ymin>61</ymin>
        </bndbox>
        <type>7</type>
        <direction>2</direction>
        <previous>0</previous>
    </vehicle>
    <vehicle>
        <id>22</id>
        <bndbox>
            <xmax>54</xmax>
            <xmin>34</xmin>
            <ymax>100</ymax>
            <ymin>88</ymin>
        </bndbox>
        <type>3</type>
        <direction>2</direction>
        <previous>0</previous>
    </vehicle>
    <vehicle>
        <id>23</id>
        <bndbox>
            <xmax>69</xmax>
            <xmin>51</xmin>
            <ymax>90</ymax>
            <ymin>76</ymin>
        </bndbox>
        <type>2</type>
        <direction>2</direction>
        <previous>0</previous>
    </vehicle>
    <vehicle>
        <id>24</id>
        <bndbox>
            <xmax>91</xmax>
            <xmin>74</xmin>
            <ymax>81</ymax>
            <ymin>68</ymin>
        </bndbox>
        <type>7</type>
        <direction>2</direction>
        <previous>0</previous>
    </vehicle>
    <vehicle>
        <id>25</id>
        <bndbox>
            <xmax>44</xmax>
            <xmin>3</xmin>
            <ymax>101</ymax>
            <ymin>73</ymin>
        </bndbox>
        <type>5</type>
        <direction>2</direction>
        <previous>0</previous>
    </vehicle>
    <vehicle>
        <id>26</id>
        <bndbox>
            <xmax>53</xmax>
            <xmin>46</xmin>
            <ymax>86</ymax>
            <ymin>80</ymin>
        </bndbox>
        <type>1</type>
        <direction>2</direction>
        <previous>0</previous>
    </vehicle>
</annotation>
