<annotation>
    <video>164-20160223-09.avi</video>
    <frame>000278</frame>
    <time>2016/02/23 11:20:48</time>
    <width>352</width>
    <height>240</height>
    <weather>1</weather>
    <facing>3</facing>
    <flow>1</flow>
    <vehicle>
        <id>1</id>
        <bndbox>
            <xmax>20</xmax>
            <xmin>0</xmin>
            <ymax>107</ymax>
            <ymin>86</ymin>
        </bndbox>
        <type>6</type>
        <direction>2</direction>
        <previous>1</previous>
    </vehicle>
    <vehicle>
        <id>2</id>
        <bndbox>
            <xmax>19</xmax>
            <xmin>1</xmin>
            <ymax>134</ymax>
            <ymin>105</ymin>
        </bndbox>
        <type>5</type>
        <direction>2</direction>
        <previous>2</previous>
    </vehicle>
    <vehicle>
        <id>3</id>
        <bndbox>
            <xmax>48</xmax>
            <xmin>21</xmin>
            <ymax>103</ymax>
            <ymin>82</ymin>
        </bndbox>
        <type>7</type>
        <direction>2</direction>
        <previous>3</previous>
    </vehicle>
    <vehicle>
        <id>4</id>
        <bndbox>
            <xmax>84</xmax>
            <xmin>43</xmin>
            <ymax>104</ymax>
            <ymin>78</ymin>
        </bndbox>
        <type>5</type>
        <direction>2</direction>
        <previous>4</previous>
    </vehicle>
    <vehicle>
        <id>5</id>
        <bndbox>
            <xmax>45</xmax>
            <xmin>19</xmin>
            <ymax>114</ymax>
            <ymin>101</ymin>
        </bndbox>
        <type>3</type>
        <direction>2</direction>
        <previous>5</previous>
    </vehicle>
    <vehicle>
        <id>6</id>
        <bndbox>
            <xmax>12</xmax>
            <xmin>0</xmin>
            <ymax>150</ymax>
            <ymin>135</ymin>
        </bndbox>
        <type>3</type>
        <direction>2</direction>
        <previous>6</previous>
    </vehicle>
    <vehicle>
        <id>7</id>
        <bndbox>
            <xmax>64</xmax>
            <xmin>18</xmin>
            <ymax>149</ymax>
            <ymin>104</ymin>
        </bndbox>
        <type>4</type>
        <direction>2</direction>
        <previous>7</previous>
    </vehicle>
    <vehicle>
        <id>8</id>
        <bndbox>
            <xmax>88</xmax>
            <xmin>60</xmin>
            <ymax>120</ymax>
            <ymin>89</ymin>
        </bndbox>
        <type>5</type>
        <direction>2</direction>
        <previous>8</previous>
    </vehicle>
    <vehicle>
        <id>9</id>
        <bndbox>
            <xmax>125</xmax>
            <xmin>89</xmin>
            <ymax>85</ymax>
            <ymin>62</ymin>
        </bndbox>
        <type>6</type>
        <direction>2</direction>
        <previous>9</previous>
    </vehicle>
    <vehicle>
        <id>10</id>
        <bndbox>
            <xmax>136</xmax>
            <xmin>127</xmin>
            <ymax>71</ymax>
            <ymin>63</ymin>
        </bndbox>
        <type>3</type>
        <direction>2</direction>
        <previous>0</previous>
    </vehicle>
    <vehicle>
        <id>11</id>
        <bndbox>
            <xmax>193</xmax>
            <xmin>127</xmin>
            <ymax>202</ymax>
            <ymin>165</ymin>
        </bndbox>
        <type>2</type>
        <direction>4</direction>
        <previous>0</previous>
    </vehicle>
    <vehicle>
        <id>12</id>
        <bndbox>
            <xmax>317</xmax>
            <xmin>176</xmin>
            <ymax>238</ymax>
            <ymin>173</ymin>
        </bndbox>
        <type>4</type>
        <direction>4</direction>
        <previous>0</previous>
    </vehicle>
    <vehicle>
        <id>13</id>
        <bndbox>
            <xmax>330</xmax>
            <xmin>256</xmin>
            <ymax>179</ymax>
            <ymin>141</ymin>
        </bndbox>
        <type>2</type>
        <direction>7</direction>
        <previous>0</previous>
    </vehicle>
    <vehicle>
        <id>14</id>
        <bndbox>
            <xmax>312</xmax>
            <xmin>283</xmin>
            <ymax>127</ymax>
            <ymin>109</ymin>
        </bndbox>
        <type>2</type>
        <direction>1</direction>
        <previous>0</previous>
    </vehicle>
    <vehicle>
        <id>15</id>
        <bndbox>
            <xmax>253</xmax>
            <xmin>226</xmin>
            <ymax>104</ymax>
            <ymin>91</ymin>
        </bndbox>
        <type>3</type>
        <direction>1</direction>
        <previous>0</previous>
    </vehicle>
    <vehicle>
        <id>16</id>
        <bndbox>
            <xmax>194</xmax>
            <xmin>175</xmin>
            <ymax>78</ymax>
            <ymin>69</ymin>
        </bndbox>
        <type>2</type>
        <direction>1</direction>
        <previous>0</previous>
    </vehicle>
    <vehicle>
        <id>17</id>
        <bndbox>
            <xmax>174</xmax>
            <xmin>164</xmin>
            <ymax>67</ymax>
            <ymin>60</ymin>
        </bndbox>
        <type>2</type>
        <direction>1</direction>
        <previous>0</previous>
    </vehicle>
</annotation>
