<annotation>
    <video>164-20160223-09.avi</video>
    <frame>000203</frame>
    <time>2016/02/23 10:50:59</time>
    <width>352</width>
    <height>240</height>
    <weather>1</weather>
    <facing>3</facing>
    <flow>2</flow>
    <vehicle>
        <id>1</id>
        <bndbox>
            <xmax>51</xmax>
            <xmin>21</xmin>
            <ymax>130</ymax>
            <ymin>110</ymin>
        </bndbox>
        <type>2</type>
        <direction>2</direction>
        <previous>3</previous>
    </vehicle>
    <vehicle>
        <id>2</id>
        <bndbox>
            <xmax>62</xmax>
            <xmin>30</xmin>
            <ymax>141</ymax>
            <ymin>118</ymin>
        </bndbox>
        <type>3</type>
        <direction>2</direction>
        <previous>6</previous>
    </vehicle>
    <vehicle>
        <id>3</id>
        <bndbox>
            <xmax>83</xmax>
            <xmin>13</xmin>
            <ymax>220</ymax>
            <ymin>169</ymin>
        </bndbox>
        <type>3</type>
        <direction>8</direction>
        <previous>4</previous>
    </vehicle>
    <vehicle>
        <id>4</id>
        <bndbox>
            <xmax>66</xmax>
            <xmin>28</xmin>
            <ymax>178</ymax>
            <ymin>144</ymin>
        </bndbox>
        <type>1</type>
        <direction>8</direction>
        <previous>5</previous>
    </vehicle>
    <vehicle>
        <id>5</id>
        <bndbox>
            <xmax>329</xmax>
            <xmin>282</xmin>
            <ymax>159</ymax>
            <ymin>126</ymin>
        </bndbox>
        <type>2</type>
        <direction>7</direction>
        <previous>0</previous>
    </vehicle>
    <vehicle>
        <id>6</id>
        <bndbox>
            <xmax>287</xmax>
            <xmin>258</xmin>
            <ymax>113</ymax>
            <ymin>97</ymin>
        </bndbox>
        <type>3</type>
        <direction>1</direction>
        <previous>0</previous>
    </vehicle>
    <vehicle>
        <id>7</id>
        <bndbox>
            <xmax>201</xmax>
            <xmin>184</xmin>
            <ymax>85</ymax>
            <ymin>76</ymin>
        </bndbox>
        <type>2</type>
        <direction>1</direction>
        <previous>0</previous>
    </vehicle>
    <vehicle>
        <id>8</id>
        <bndbox>
            <xmax>199</xmax>
            <xmin>189</xmin>
            <ymax>79</ymax>
            <ymin>71</ymin>
        </bndbox>
        <type>3</type>
        <direction>1</direction>
        <previous>0</previous>
    </vehicle>
    <vehicle>
        <id>9</id>
        <bndbox>
            <xmax>204</xmax>
            <xmin>194</xmin>
            <ymax>78</ymax>
            <ymin>69</ymin>
        </bndbox>
        <type>3</type>
        <direction>1</direction>
        <previous>0</previous>
    </vehicle>
    <vehicle>
        <id>10</id>
        <bndbox>
            <xmax>172</xmax>
            <xmin>159</xmin>
            <ymax>75</ymax>
            <ymin>66</ymin>
        </bndbox>
        <type>3</type>
        <direction>1</direction>
        <previous>0</previous>
    </vehicle>
</annotation>
