<annotation>
    <video>164-20160223-09.avi</video>
    <frame>000259</frame>
    <time>2016/02/23 11:13:17</time>
    <width>352</width>
    <height>240</height>
    <weather>1</weather>
    <facing>3</facing>
    <flow>1</flow>
    <vehicle>
        <id>1</id>
        <bndbox>
            <xmax>18</xmax>
            <xmin>0</xmin>
            <ymax>106</ymax>
            <ymin>90</ymin>
        </bndbox>
        <type>5</type>
        <direction>2</direction>
        <previous>1</previous>
    </vehicle>
    <vehicle>
        <id>2</id>
        <bndbox>
            <xmax>39</xmax>
            <xmin>19</xmin>
            <ymax>97</ymax>
            <ymin>80</ymin>
        </bndbox>
        <type>4</type>
        <direction>2</direction>
        <previous>2</previous>
    </vehicle>
    <vehicle>
        <id>3</id>
        <bndbox>
            <xmax>24</xmax>
            <xmin>13</xmin>
            <ymax>111</ymax>
            <ymin>101</ymin>
        </bndbox>
        <type>1</type>
        <direction>2</direction>
        <previous>3</previous>
    </vehicle>
    <vehicle>
        <id>4</id>
        <bndbox>
            <xmax>62</xmax>
            <xmin>17</xmin>
            <ymax>128</ymax>
            <ymin>91</ymin>
        </bndbox>
        <type>5</type>
        <direction>2</direction>
        <previous>4</previous>
    </vehicle>
    <vehicle>
        <id>5</id>
        <bndbox>
            <xmax>78</xmax>
            <xmin>64</xmin>
            <ymax>104</ymax>
            <ymin>91</ymin>
        </bndbox>
        <type>2</type>
        <direction>2</direction>
        <previous>5</previous>
    </vehicle>
    <vehicle>
        <id>6</id>
        <bndbox>
            <xmax>98</xmax>
            <xmin>80</xmin>
            <ymax>93</ymax>
            <ymin>76</ymin>
        </bndbox>
        <type>3</type>
        <direction>2</direction>
        <previous>6</previous>
    </vehicle>
    <vehicle>
        <id>7</id>
        <bndbox>
            <xmax>106</xmax>
            <xmin>95</xmin>
            <ymax>87</ymax>
            <ymin>76</ymin>
        </bndbox>
        <type>2</type>
        <direction>2</direction>
        <previous>7</previous>
    </vehicle>
    <vehicle>
        <id>8</id>
        <bndbox>
            <xmax>108</xmax>
            <xmin>96</xmin>
            <ymax>73</ymax>
            <ymin>63</ymin>
        </bndbox>
        <type>5</type>
        <direction>2</direction>
        <previous>8</previous>
    </vehicle>
    <vehicle>
        <id>9</id>
        <bndbox>
            <xmax>129</xmax>
            <xmin>108</xmin>
            <ymax>74</ymax>
            <ymin>55</ymin>
        </bndbox>
        <type>5</type>
        <direction>2</direction>
        <previous>9</previous>
    </vehicle>
    <vehicle>
        <id>10</id>
        <bndbox>
            <xmax>63</xmax>
            <xmin>27</xmin>
            <ymax>146</ymax>
            <ymin>111</ymin>
        </bndbox>
        <type>4</type>
        <direction>2</direction>
        <previous>10</previous>
    </vehicle>
    <vehicle>
        <id>11</id>
        <bndbox>
            <xmax>83</xmax>
            <xmin>59</xmin>
            <ymax>123</ymax>
            <ymin>106</ymin>
        </bndbox>
        <type>3</type>
        <direction>2</direction>
        <previous>11</previous>
    </vehicle>
    <vehicle>
        <id>12</id>
        <bndbox>
            <xmax>93</xmax>
            <xmin>79</xmin>
            <ymax>113</ymax>
            <ymin>97</ymin>
        </bndbox>
        <type>3</type>
        <direction>2</direction>
        <previous>12</previous>
    </vehicle>
    <vehicle>
        <id>13</id>
        <bndbox>
            <xmax>21</xmax>
            <xmin>0</xmin>
            <ymax>128</ymax>
            <ymin>109</ymin>
        </bndbox>
        <type>2</type>
        <direction>2</direction>
        <previous>13</previous>
    </vehicle>
    <vehicle>
        <id>14</id>
        <bndbox>
            <xmax>22</xmax>
            <xmin>0</xmin>
            <ymax>153</ymax>
            <ymin>131</ymin>
        </bndbox>
        <type>3</type>
        <direction>2</direction>
        <previous>14</previous>
    </vehicle>
    <vehicle>
        <id>15</id>
        <bndbox>
            <xmax>56</xmax>
            <xmin>39</xmin>
            <ymax>90</ymax>
            <ymin>81</ymin>
        </bndbox>
        <type>3</type>
        <direction>2</direction>
        <previous>15</previous>
    </vehicle>
    <vehicle>
        <id>16</id>
        <bndbox>
            <xmax>82</xmax>
            <xmin>58</xmin>
            <ymax>92</ymax>
            <ymin>70</ymin>
        </bndbox>
        <type>5</type>
        <direction>2</direction>
        <previous>16</previous>
    </vehicle>
    <vehicle>
        <id>17</id>
        <bndbox>
            <xmax>143</xmax>
            <xmin>127</xmin>
            <ymax>71</ymax>
            <ymin>52</ymin>
        </bndbox>
        <type>5</type>
        <direction>2</direction>
        <previous>17</previous>
    </vehicle>
    <vehicle>
        <id>18</id>
        <bndbox>
            <xmax>65</xmax>
            <xmin>0</xmin>
            <ymax>231</ymax>
            <ymin>194</ymin>
        </bndbox>
        <type>2</type>
        <direction>4</direction>
        <previous>0</previous>
    </vehicle>
    <vehicle>
        <id>19</id>
        <bndbox>
            <xmax>208</xmax>
            <xmin>128</xmin>
            <ymax>198</ymax>
            <ymin>166</ymin>
        </bndbox>
        <type>2</type>
        <direction>4</direction>
        <previous>0</previous>
    </vehicle>
    <vehicle>
        <id>20</id>
        <bndbox>
            <xmax>317</xmax>
            <xmin>262</xmin>
            <ymax>179</ymax>
            <ymin>151</ymin>
        </bndbox>
        <type>2</type>
        <direction>7</direction>
        <previous>0</previous>
    </vehicle>
    <vehicle>
        <id>21</id>
        <bndbox>
            <xmax>351</xmax>
            <xmin>283</xmin>
            <ymax>210</ymax>
            <ymin>172</ymin>
        </bndbox>
        <type>3</type>
        <direction>4</direction>
        <previous>0</previous>
    </vehicle>
    <vehicle>
        <id>22</id>
        <bndbox>
            <xmax>325</xmax>
            <xmin>297</xmin>
            <ymax>136</ymax>
            <ymin>114</ymin>
        </bndbox>
        <type>2</type>
        <direction>1</direction>
        <previous>0</previous>
    </vehicle>
    <vehicle>
        <id>23</id>
        <bndbox>
            <xmax>230</xmax>
            <xmin>204</xmin>
            <ymax>95</ymax>
            <ymin>80</ymin>
        </bndbox>
        <type>2</type>
        <direction>1</direction>
        <previous>0</previous>
    </vehicle>
    <vehicle>
        <id>24</id>
        <bndbox>
            <xmax>262</xmax>
            <xmin>235</xmin>
            <ymax>94</ymax>
            <ymin>83</ymin>
        </bndbox>
        <type>3</type>
        <direction>1</direction>
        <previous>0</previous>
    </vehicle>
    <vehicle>
        <id>25</id>
        <bndbox>
            <xmax>204</xmax>
            <xmin>175</xmin>
            <ymax>77</ymax>
            <ymin>58</ymin>
        </bndbox>
        <type>5</type>
        <direction>1</direction>
        <previous>0</previous>
    </vehicle>
    <vehicle>
        <id>26</id>
        <bndbox>
            <xmax>166</xmax>
            <xmin>156</xmin>
            <ymax>68</ymax>
            <ymin>61</ymin>
        </bndbox>
        <type>2</type>
        <direction>1</direction>
        <previous>0</previous>
    </vehicle>
</annotation>
