<annotation>
    <video>164-20160223-09.avi</video>
    <frame>000212</frame>
    <time>2016/02/23 10:54:36</time>
    <width>352</width>
    <height>240</height>
    <weather>1</weather>
    <facing>3</facing>
    <flow>2</flow>
    <vehicle>
        <id>1</id>
        <bndbox>
            <xmax>209</xmax>
            <xmin>118</xmin>
            <ymax>220</ymax>
            <ymin>183</ymin>
        </bndbox>
        <type>1</type>
        <direction>4</direction>
        <previous>4</previous>
    </vehicle>
    <vehicle>
        <id>2</id>
        <bndbox>
            <xmax>345</xmax>
            <xmin>247</xmin>
            <ymax>229</ymax>
            <ymin>193</ymin>
        </bndbox>
        <type>2</type>
        <direction>4</direction>
        <previous>5</previous>
    </vehicle>
    <vehicle>
        <id>3</id>
        <bndbox>
            <xmax>187</xmax>
            <xmin>77</xmin>
            <ymax>239</ymax>
            <ymin>220</ymin>
        </bndbox>
        <type>2</type>
        <direction>4</direction>
        <previous>3</previous>
    </vehicle>
    <vehicle>
        <id>4</id>
        <bndbox>
            <xmax>351</xmax>
            <xmin>224</xmin>
            <ymax>239</ymax>
            <ymin>229</ymin>
        </bndbox>
        <type>2</type>
        <direction>4</direction>
        <previous>6</previous>
    </vehicle>
    <vehicle>
        <id>5</id>
        <bndbox>
            <xmax>351</xmax>
            <xmin>335</xmin>
            <ymax>191</ymax>
            <ymin>160</ymin>
        </bndbox>
        <type>2</type>
        <direction>4</direction>
        <previous>0</previous>
    </vehicle>
    <vehicle>
        <id>6</id>
        <bndbox>
            <xmax>310</xmax>
            <xmin>276</xmin>
            <ymax>108</ymax>
            <ymin>95</ymin>
        </bndbox>
        <type>2</type>
        <direction>1</direction>
        <previous>0</previous>
    </vehicle>
    <vehicle>
        <id>7</id>
        <bndbox>
            <xmax>178</xmax>
            <xmin>167</xmin>
            <ymax>77</ymax>
            <ymin>68</ymin>
        </bndbox>
        <type>1</type>
        <direction>1</direction>
        <previous>0</previous>
    </vehicle>
    <vehicle>
        <id>8</id>
        <bndbox>
            <xmax>187</xmax>
            <xmin>170</xmin>
            <ymax>69</ymax>
            <ymin>58</ymin>
        </bndbox>
        <type>5</type>
        <direction>1</direction>
        <previous>0</previous>
    </vehicle>
    <vehicle>
        <id>9</id>
        <bndbox>
            <xmax>162</xmax>
            <xmin>155</xmin>
            <ymax>65</ymax>
            <ymin>58</ymin>
        </bndbox>
        <type>3</type>
        <direction>1</direction>
        <previous>0</previous>
    </vehicle>
</annotation>
