<annotation>
    <video>164-20160223-09.avi</video>
    <frame>000249</frame>
    <time>2016/02/23 11:09:19</time>
    <width>352</width>
    <height>240</height>
    <weather>1</weather>
    <facing>3</facing>
    <flow>2</flow>
    <vehicle>
        <id>1</id>
        <bndbox>
            <xmax>14</xmax>
            <xmin>0</xmin>
            <ymax>109</ymax>
            <ymin>95</ymin>
        </bndbox>
        <type>3</type>
        <direction>2</direction>
        <previous>0</previous>
    </vehicle>
    <vehicle>
        <id>2</id>
        <bndbox>
            <xmax>34</xmax>
            <xmin>15</xmin>
            <ymax>102</ymax>
            <ymin>90</ymin>
        </bndbox>
        <type>3</type>
        <direction>2</direction>
        <previous>0</previous>
    </vehicle>
    <vehicle>
        <id>3</id>
        <bndbox>
            <xmax>55</xmax>
            <xmin>43</xmin>
            <ymax>93</ymax>
            <ymin>81</ymin>
        </bndbox>
        <type>2</type>
        <direction>2</direction>
        <previous>0</previous>
    </vehicle>
    <vehicle>
        <id>4</id>
        <bndbox>
            <xmax>87</xmax>
            <xmin>53</xmin>
            <ymax>91</ymax>
            <ymin>73</ymin>
        </bndbox>
        <type>5</type>
        <direction>2</direction>
        <previous>0</previous>
    </vehicle>
    <vehicle>
        <id>5</id>
        <bndbox>
            <xmax>24</xmax>
            <xmin>0</xmin>
            <ymax>132</ymax>
            <ymin>108</ymin>
        </bndbox>
        <type>3</type>
        <direction>2</direction>
        <previous>0</previous>
    </vehicle>
    <vehicle>
        <id>6</id>
        <bndbox>
            <xmax>26</xmax>
            <xmin>13</xmin>
            <ymax>136</ymax>
            <ymin>122</ymin>
        </bndbox>
        <type>3</type>
        <direction>2</direction>
        <previous>0</previous>
    </vehicle>
    <vehicle>
        <id>7</id>
        <bndbox>
            <xmax>70</xmax>
            <xmin>47</xmin>
            <ymax>109</ymax>
            <ymin>100</ymin>
        </bndbox>
        <type>2</type>
        <direction>2</direction>
        <previous>0</previous>
    </vehicle>
    <vehicle>
        <id>8</id>
        <bndbox>
            <xmax>86</xmax>
            <xmin>61</xmin>
            <ymax>102</ymax>
            <ymin>87</ymin>
        </bndbox>
        <type>7</type>
        <direction>2</direction>
        <previous>0</previous>
    </vehicle>
    <vehicle>
        <id>9</id>
        <bndbox>
            <xmax>123</xmax>
            <xmin>96</xmin>
            <ymax>85</ymax>
            <ymin>65</ymin>
        </bndbox>
        <type>5</type>
        <direction>2</direction>
        <previous>0</previous>
    </vehicle>
    <vehicle>
        <id>10</id>
        <bndbox>
            <xmax>138</xmax>
            <xmin>128</xmin>
            <ymax>71</ymax>
            <ymin>61</ymin>
        </bndbox>
        <type>3</type>
        <direction>2</direction>
        <previous>0</previous>
    </vehicle>
    <vehicle>
        <id>11</id>
        <bndbox>
            <xmax>59</xmax>
            <xmin>24</xmin>
            <ymax>158</ymax>
            <ymin>106</ymin>
        </bndbox>
        <type>5</type>
        <direction>2</direction>
        <previous>0</previous>
    </vehicle>
    <vehicle>
        <id>12</id>
        <bndbox>
            <xmax>77</xmax>
            <xmin>55</xmin>
            <ymax>126</ymax>
            <ymin>107</ymin>
        </bndbox>
        <type>2</type>
        <direction>2</direction>
        <previous>0</previous>
    </vehicle>
    <vehicle>
        <id>13</id>
        <bndbox>
            <xmax>89</xmax>
            <xmin>70</xmin>
            <ymax>111</ymax>
            <ymin>99</ymin>
        </bndbox>
        <type>3</type>
        <direction>2</direction>
        <previous>0</previous>
    </vehicle>
    <vehicle>
        <id>14</id>
        <bndbox>
            <xmax>101</xmax>
            <xmin>85</xmin>
            <ymax>99</ymax>
            <ymin>86</ymin>
        </bndbox>
        <type>2</type>
        <direction>2</direction>
        <previous>0</previous>
    </vehicle>
    <vehicle>
        <id>15</id>
        <bndbox>
            <xmax>19</xmax>
            <xmin>1</xmin>
            <ymax>224</ymax>
            <ymin>187</ymin>
        </bndbox>
        <type>2</type>
        <direction>2</direction>
        <previous>0</previous>
    </vehicle>
    <vehicle>
        <id>16</id>
        <bndbox>
            <xmax>65</xmax>
            <xmin>27</xmin>
            <ymax>204</ymax>
            <ymin>166</ymin>
        </bndbox>
        <type>2</type>
        <direction>8</direction>
        <previous>0</previous>
    </vehicle>
    <vehicle>
        <id>17</id>
        <bndbox>
            <xmax>168</xmax>
            <xmin>51</xmin>
            <ymax>239</ymax>
            <ymin>201</ymin>
        </bndbox>
        <type>7</type>
        <direction>4</direction>
        <previous>0</previous>
    </vehicle>
    <vehicle>
        <id>18</id>
        <bndbox>
            <xmax>176</xmax>
            <xmin>92</xmin>
            <ymax>228</ymax>
            <ymin>183</ymin>
        </bndbox>
        <type>3</type>
        <direction>4</direction>
        <previous>0</previous>
    </vehicle>
    <vehicle>
        <id>19</id>
        <bndbox>
            <xmax>292</xmax>
            <xmin>196</xmin>
            <ymax>226</ymax>
            <ymin>186</ymin>
        </bndbox>
        <type>2</type>
        <direction>4</direction>
        <previous>0</previous>
    </vehicle>
    <vehicle>
        <id>20</id>
        <bndbox>
            <xmax>351</xmax>
            <xmin>317</xmin>
            <ymax>218</ymax>
            <ymin>195</ymin>
        </bndbox>
        <type>2</type>
        <direction>4</direction>
        <previous>0</previous>
    </vehicle>
    <vehicle>
        <id>21</id>
        <bndbox>
            <xmax>351</xmax>
            <xmin>238</xmin>
            <ymax>239</ymax>
            <ymin>215</ymin>
        </bndbox>
        <type>5</type>
        <direction>4</direction>
        <previous>0</previous>
    </vehicle>
    <vehicle>
        <id>22</id>
        <bndbox>
            <xmax>277</xmax>
            <xmin>210</xmin>
            <ymax>96</ymax>
            <ymin>69</ymin>
        </bndbox>
        <type>8</type>
        <direction>1</direction>
        <previous>0</previous>
    </vehicle>
    <vehicle>
        <id>23</id>
        <bndbox>
            <xmax>191</xmax>
            <xmin>179</xmin>
            <ymax>74</ymax>
            <ymin>66</ymin>
        </bndbox>
        <type>1</type>
        <direction>1</direction>
        <previous>0</previous>
    </vehicle>
</annotation>
