<annotation>
    <video>164-20160223-09.avi</video>
    <frame>000215</frame>
    <time>2016/02/23 10:55:49</time>
    <width>352</width>
    <height>240</height>
    <weather>1</weather>
    <facing>3</facing>
    <flow>2</flow>
    <vehicle>
        <id>1</id>
        <bndbox>
            <xmax>303</xmax>
            <xmin>193</xmin>
            <ymax>240</ymax>
            <ymin>223</ymin>
        </bndbox>
        <type>3</type>
        <direction>4</direction>
        <previous>0</previous>
    </vehicle>
    <vehicle>
        <id>2</id>
        <bndbox>
            <xmax>351</xmax>
            <xmin>253</xmin>
            <ymax>234</ymax>
            <ymin>194</ymin>
        </bndbox>
        <type>2</type>
        <direction>4</direction>
        <previous>0</previous>
    </vehicle>
    <vehicle>
        <id>3</id>
        <bndbox>
            <xmax>351</xmax>
            <xmin>317</xmin>
            <ymax>200</ymax>
            <ymin>163</ymin>
        </bndbox>
        <type>2</type>
        <direction>4</direction>
        <previous>0</previous>
    </vehicle>
    <vehicle>
        <id>4</id>
        <bndbox>
            <xmax>322</xmax>
            <xmin>242</xmin>
            <ymax>107</ymax>
            <ymin>75</ymin>
        </bndbox>
        <type>8</type>
        <direction>1</direction>
        <previous>0</previous>
    </vehicle>
    <vehicle>
        <id>5</id>
        <bndbox>
            <xmax>206</xmax>
            <xmin>191</xmin>
            <ymax>87</ymax>
            <ymin>76</ymin>
        </bndbox>
        <type>3</type>
        <direction>1</direction>
        <previous>0</previous>
    </vehicle>
    <vehicle>
        <id>6</id>
        <bndbox>
            <xmax>194</xmax>
            <xmin>178</xmin>
            <ymax>73</ymax>
            <ymin>64</ymin>
        </bndbox>
        <type>5</type>
        <direction>1</direction>
        <previous>0</previous>
    </vehicle>
</annotation>
