<annotation>
    <video>164-20160223-09.avi</video>
    <frame>000285</frame>
    <time>2016/02/23 11:23:35</time>
    <width>352</width>
    <height>240</height>
    <weather>1</weather>
    <facing>3</facing>
    <flow>1</flow>
    <vehicle>
        <id>1</id>
        <bndbox>
            <xmax>45</xmax>
            <xmin>2</xmin>
            <ymax>123</ymax>
            <ymin>90</ymin>
        </bndbox>
        <type>6</type>
        <direction>2</direction>
        <previous>1</previous>
    </vehicle>
    <vehicle>
        <id>2</id>
        <bndbox>
            <xmax>48</xmax>
            <xmin>13</xmin>
            <ymax>98</ymax>
            <ymin>80</ymin>
        </bndbox>
        <type>5</type>
        <direction>2</direction>
        <previous>2</previous>
    </vehicle>
    <vehicle>
        <id>3</id>
        <bndbox>
            <xmax>33</xmax>
            <xmin>1</xmin>
            <ymax>149</ymax>
            <ymin>126</ymin>
        </bndbox>
        <type>2</type>
        <direction>2</direction>
        <previous>3</previous>
    </vehicle>
    <vehicle>
        <id>4</id>
        <bndbox>
            <xmax>49</xmax>
            <xmin>23</xmin>
            <ymax>129</ymax>
            <ymin>109</ymin>
        </bndbox>
        <type>2</type>
        <direction>2</direction>
        <previous>4</previous>
    </vehicle>
    <vehicle>
        <id>5</id>
        <bndbox>
            <xmax>65</xmax>
            <xmin>47</xmin>
            <ymax>112</ymax>
            <ymin>98</ymin>
        </bndbox>
        <type>2</type>
        <direction>2</direction>
        <previous>5</previous>
    </vehicle>
    <vehicle>
        <id>6</id>
        <bndbox>
            <xmax>61</xmax>
            <xmin>48</xmin>
            <ymax>94</ymax>
            <ymin>82</ymin>
        </bndbox>
        <type>2</type>
        <direction>2</direction>
        <previous>6</previous>
    </vehicle>
    <vehicle>
        <id>7</id>
        <bndbox>
            <xmax>76</xmax>
            <xmin>62</xmin>
            <ymax>87</ymax>
            <ymin>74</ymin>
        </bndbox>
        <type>2</type>
        <direction>2</direction>
        <previous>7</previous>
    </vehicle>
    <vehicle>
        <id>8</id>
        <bndbox>
            <xmax>63</xmax>
            <xmin>36</xmin>
            <ymax>142</ymax>
            <ymin>121</ymin>
        </bndbox>
        <type>3</type>
        <direction>2</direction>
        <previous>8</previous>
    </vehicle>
    <vehicle>
        <id>9</id>
        <bndbox>
            <xmax>89</xmax>
            <xmin>55</xmin>
            <ymax>121</ymax>
            <ymin>82</ymin>
        </bndbox>
        <type>5</type>
        <direction>2</direction>
        <previous>9</previous>
    </vehicle>
    <vehicle>
        <id>10</id>
        <bndbox>
            <xmax>101</xmax>
            <xmin>87</xmin>
            <ymax>90</ymax>
            <ymin>80</ymin>
        </bndbox>
        <type>3</type>
        <direction>2</direction>
        <previous>10</previous>
    </vehicle>
    <vehicle>
        <id>11</id>
        <bndbox>
            <xmax>114</xmax>
            <xmin>94</xmin>
            <ymax>83</ymax>
            <ymin>66</ymin>
        </bndbox>
        <type>5</type>
        <direction>2</direction>
        <previous>11</previous>
    </vehicle>
    <vehicle>
        <id>12</id>
        <bndbox>
            <xmax>103</xmax>
            <xmin>89</xmin>
            <ymax>102</ymax>
            <ymin>90</ymin>
        </bndbox>
        <type>3</type>
        <direction>2</direction>
        <previous>12</previous>
    </vehicle>
    <vehicle>
        <id>13</id>
        <bndbox>
            <xmax>98</xmax>
            <xmin>79</xmin>
            <ymax>80</ymax>
            <ymin>65</ymin>
        </bndbox>
        <type>5</type>
        <direction>2</direction>
        <previous>0</previous>
    </vehicle>
    <vehicle>
        <id>14</id>
        <bndbox>
            <xmax>133</xmax>
            <xmin>122</xmin>
            <ymax>71</ymax>
            <ymin>63</ymin>
        </bndbox>
        <type>2</type>
        <direction>2</direction>
        <previous>0</previous>
    </vehicle>
    <vehicle>
        <id>15</id>
        <bndbox>
            <xmax>121</xmax>
            <xmin>100</xmin>
            <ymax>69</ymax>
            <ymin>58</ymin>
        </bndbox>
        <type>5</type>
        <direction>2</direction>
        <previous>0</previous>
    </vehicle>
    <vehicle>
        <id>16</id>
        <bndbox>
            <xmax>141</xmax>
            <xmin>133</xmin>
            <ymax>67</ymax>
            <ymin>62</ymin>
        </bndbox>
        <type>2</type>
        <direction>2</direction>
        <previous>0</previous>
    </vehicle>
    <vehicle>
        <id>17</id>
        <bndbox>
            <xmax>144</xmax>
            <xmin>64</xmin>
            <ymax>197</ymax>
            <ymin>168</ymin>
        </bndbox>
        <type>3</type>
        <direction>4</direction>
        <previous>0</previous>
    </vehicle>
    <vehicle>
        <id>18</id>
        <bndbox>
            <xmax>135</xmax>
            <xmin>39</xmin>
            <ymax>233</ymax>
            <ymin>194</ymin>
        </bndbox>
        <type>2</type>
        <direction>4</direction>
        <previous>0</previous>
    </vehicle>
    <vehicle>
        <id>19</id>
        <bndbox>
            <xmax>351</xmax>
            <xmin>262</xmin>
            <ymax>239</ymax>
            <ymin>188</ymin>
        </bndbox>
        <type>6</type>
        <direction>4</direction>
        <previous>0</previous>
    </vehicle>
    <vehicle>
        <id>20</id>
        <bndbox>
            <xmax>319</xmax>
            <xmin>225</xmin>
            <ymax>188</ymax>
            <ymin>131</ymin>
        </bndbox>
        <type>4</type>
        <direction>7</direction>
        <previous>0</previous>
    </vehicle>
    <vehicle>
        <id>21</id>
        <bndbox>
            <xmax>319</xmax>
            <xmin>294</xmin>
            <ymax>139</ymax>
            <ymin>116</ymin>
        </bndbox>
        <type>1</type>
        <direction>1</direction>
        <previous>0</previous>
    </vehicle>
    <vehicle>
        <id>22</id>
        <bndbox>
            <xmax>249</xmax>
            <xmin>218</xmin>
            <ymax>95</ymax>
            <ymin>75</ymin>
        </bndbox>
        <type>4</type>
        <direction>1</direction>
        <previous>0</previous>
    </vehicle>
    <vehicle>
        <id>23</id>
        <bndbox>
            <xmax>181</xmax>
            <xmin>169</xmin>
            <ymax>77</ymax>
            <ymin>69</ymin>
        </bndbox>
        <type>3</type>
        <direction>1</direction>
        <previous>0</previous>
    </vehicle>
</annotation>
