<annotation>
    <video>164-20160223-09.avi</video>
    <frame>000239</frame>
    <time>2016/02/23 11:05:19</time>
    <width>352</width>
    <height>240</height>
    <weather>1</weather>
    <facing>3</facing>
    <flow>1</flow>
    <vehicle>
        <id>1</id>
        <bndbox>
            <xmax>25</xmax>
            <xmin>0</xmin>
            <ymax>109</ymax>
            <ymin>82</ymin>
        </bndbox>
        <type>5</type>
        <direction>2</direction>
        <previous>1</previous>
    </vehicle>
    <vehicle>
        <id>2</id>
        <bndbox>
            <xmax>20</xmax>
            <xmin>0</xmin>
            <ymax>127</ymax>
            <ymin>111</ymin>
        </bndbox>
        <type>2</type>
        <direction>2</direction>
        <previous>0</previous>
    </vehicle>
    <vehicle>
        <id>3</id>
        <bndbox>
            <xmax>49</xmax>
            <xmin>21</xmin>
            <ymax>116</ymax>
            <ymin>90</ymin>
        </bndbox>
        <type>7</type>
        <direction>2</direction>
        <previous>0</previous>
    </vehicle>
    <vehicle>
        <id>4</id>
        <bndbox>
            <xmax>62</xmax>
            <xmin>47</xmin>
            <ymax>87</ymax>
            <ymin>75</ymin>
        </bndbox>
        <type>3</type>
        <direction>2</direction>
        <previous>0</previous>
    </vehicle>
    <vehicle>
        <id>5</id>
        <bndbox>
            <xmax>63</xmax>
            <xmin>49</xmin>
            <ymax>100</ymax>
            <ymin>91</ymin>
        </bndbox>
        <type>3</type>
        <direction>2</direction>
        <previous>0</previous>
    </vehicle>
    <vehicle>
        <id>6</id>
        <bndbox>
            <xmax>75</xmax>
            <xmin>64</xmin>
            <ymax>86</ymax>
            <ymin>78</ymin>
        </bndbox>
        <type>2</type>
        <direction>2</direction>
        <previous>0</previous>
    </vehicle>
    <vehicle>
        <id>7</id>
        <bndbox>
            <xmax>30</xmax>
            <xmin>0</xmin>
            <ymax>146</ymax>
            <ymin>122</ymin>
        </bndbox>
        <type>2</type>
        <direction>2</direction>
        <previous>0</previous>
    </vehicle>
    <vehicle>
        <id>8</id>
        <bndbox>
            <xmax>54</xmax>
            <xmin>30</xmin>
            <ymax>126</ymax>
            <ymin>106</ymin>
        </bndbox>
        <type>1</type>
        <direction>2</direction>
        <previous>0</previous>
    </vehicle>
    <vehicle>
        <id>9</id>
        <bndbox>
            <xmax>92</xmax>
            <xmin>74</xmin>
            <ymax>97</ymax>
            <ymin>81</ymin>
        </bndbox>
        <type>3</type>
        <direction>2</direction>
        <previous>0</previous>
    </vehicle>
    <vehicle>
        <id>10</id>
        <bndbox>
            <xmax>105</xmax>
            <xmin>93</xmin>
            <ymax>88</ymax>
            <ymin>74</ymin>
        </bndbox>
        <type>2</type>
        <direction>2</direction>
        <previous>0</previous>
    </vehicle>
    <vehicle>
        <id>11</id>
        <bndbox>
            <xmax>111</xmax>
            <xmin>99</xmin>
            <ymax>75</ymax>
            <ymin>65</ymin>
        </bndbox>
        <type>2</type>
        <direction>2</direction>
        <previous>0</previous>
    </vehicle>
    <vehicle>
        <id>12</id>
        <bndbox>
            <xmax>125</xmax>
            <xmin>111</xmin>
            <ymax>82</ymax>
            <ymin>70</ymin>
        </bndbox>
        <type>3</type>
        <direction>2</direction>
        <previous>0</previous>
    </vehicle>
    <vehicle>
        <id>13</id>
        <bndbox>
            <xmax>137</xmax>
            <xmin>131</xmin>
            <ymax>70</ymax>
            <ymin>63</ymin>
        </bndbox>
        <type>2</type>
        <direction>2</direction>
        <previous>0</previous>
    </vehicle>
    <vehicle>
        <id>14</id>
        <bndbox>
            <xmax>154</xmax>
            <xmin>1</xmin>
            <ymax>201</ymax>
            <ymin>143</ymin>
        </bndbox>
        <type>9</type>
        <direction>4</direction>
        <previous>0</previous>
    </vehicle>
    <vehicle>
        <id>15</id>
        <bndbox>
            <xmax>66</xmax>
            <xmin>39</xmin>
            <ymax>139</ymax>
            <ymin>116</ymin>
        </bndbox>
        <type>3</type>
        <direction>2</direction>
        <previous>0</previous>
    </vehicle>
    <vehicle>
        <id>16</id>
        <bndbox>
            <xmax>86</xmax>
            <xmin>65</xmin>
            <ymax>116</ymax>
            <ymin>99</ymin>
        </bndbox>
        <type>2</type>
        <direction>2</direction>
        <previous>0</previous>
    </vehicle>
    <vehicle>
        <id>17</id>
        <bndbox>
            <xmax>126</xmax>
            <xmin>0</xmin>
            <ymax>239</ymax>
            <ymin>216</ymin>
        </bndbox>
        <type>3</type>
        <direction>4</direction>
        <previous>0</previous>
    </vehicle>
    <vehicle>
        <id>18</id>
        <bndbox>
            <xmax>351</xmax>
            <xmin>286</xmin>
            <ymax>239</ymax>
            <ymin>202</ymin>
        </bndbox>
        <type>3</type>
        <direction>4</direction>
        <previous>0</previous>
    </vehicle>
    <vehicle>
        <id>19</id>
        <bndbox>
            <xmax>325</xmax>
            <xmin>292</xmin>
            <ymax>143</ymax>
            <ymin>110</ymin>
        </bndbox>
        <type>4</type>
        <direction>1</direction>
        <previous>0</previous>
    </vehicle>
</annotation>
