<annotation>
    <video>164-20160223-09.avi</video>
    <frame>000223</frame>
    <time>2016/02/23 10:59:00</time>
    <width>352</width>
    <height>240</height>
    <weather>1</weather>
    <facing>3</facing>
    <flow>2</flow>
    <vehicle>
        <id>1</id>
        <bndbox>
            <xmax>23</xmax>
            <xmin>0</xmin>
            <ymax>108</ymax>
            <ymin>93</ymin>
        </bndbox>
        <type>2</type>
        <direction>2</direction>
        <previous>0</previous>
    </vehicle>
    <vehicle>
        <id>2</id>
        <bndbox>
            <xmax>102</xmax>
            <xmin>72</xmin>
            <ymax>93</ymax>
            <ymin>67</ymin>
        </bndbox>
        <type>5</type>
        <direction>2</direction>
        <previous>0</previous>
    </vehicle>
    <vehicle>
        <id>3</id>
        <bndbox>
            <xmax>118</xmax>
            <xmin>107</xmin>
            <ymax>77</ymax>
            <ymin>69</ymin>
        </bndbox>
        <type>3</type>
        <direction>2</direction>
        <previous>0</previous>
    </vehicle>
    <vehicle>
        <id>4</id>
        <bndbox>
            <xmax>141</xmax>
            <xmin>133</xmin>
            <ymax>69</ymax>
            <ymin>60</ymin>
        </bndbox>
        <type>3</type>
        <direction>2</direction>
        <previous>0</previous>
    </vehicle>
    <vehicle>
        <id>5</id>
        <bndbox>
            <xmax>27</xmax>
            <xmin>0</xmin>
            <ymax>164</ymax>
            <ymin>135</ymin>
        </bndbox>
        <type>5</type>
        <direction>2</direction>
        <previous>0</previous>
    </vehicle>
    <vehicle>
        <id>6</id>
        <bndbox>
            <xmax>184</xmax>
            <xmin>0</xmin>
            <ymax>239</ymax>
            <ymin>158</ymin>
        </bndbox>
        <type>6</type>
        <direction>8</direction>
        <previous>0</previous>
    </vehicle>
    <vehicle>
        <id>7</id>
        <bndbox>
            <xmax>281</xmax>
            <xmin>168</xmin>
            <ymax>233</ymax>
            <ymin>181</ymin>
        </bndbox>
        <type>2</type>
        <direction>4</direction>
        <previous>0</previous>
    </vehicle>
    <vehicle>
        <id>8</id>
        <bndbox>
            <xmax>351</xmax>
            <xmin>285</xmin>
            <ymax>239</ymax>
            <ymin>223</ymin>
        </bndbox>
        <type>3</type>
        <direction>4</direction>
        <previous>0</previous>
    </vehicle>
    <vehicle>
        <id>9</id>
        <bndbox>
            <xmax>351</xmax>
            <xmin>326</xmin>
            <ymax>222</ymax>
            <ymin>191</ymin>
        </bndbox>
        <type>3</type>
        <direction>4</direction>
        <previous>0</previous>
    </vehicle>
    <vehicle>
        <id>10</id>
        <bndbox>
            <xmax>317</xmax>
            <xmin>253</xmin>
            <ymax>106</ymax>
            <ymin>77</ymin>
        </bndbox>
        <type>5</type>
        <direction>1</direction>
        <previous>0</previous>
    </vehicle>
    <vehicle>
        <id>11</id>
        <bndbox>
            <xmax>194</xmax>
            <xmin>172</xmin>
            <ymax>74</ymax>
            <ymin>57</ymin>
        </bndbox>
        <type>5</type>
        <direction>1</direction>
        <previous>0</previous>
    </vehicle>
    <vehicle>
        <id>12</id>
        <bndbox>
            <xmax>175</xmax>
            <xmin>163</xmin>
            <ymax>74</ymax>
            <ymin>66</ymin>
        </bndbox>
        <type>2</type>
        <direction>1</direction>
        <previous>0</previous>
    </vehicle>
</annotation>
