<annotation>
    <video>164-20160223-09.avi</video>
    <frame>000267</frame>
    <time>2016/02/23 11:16:27</time>
    <width>352</width>
    <height>240</height>
    <weather>1</weather>
    <facing>3</facing>
    <flow>2</flow>
    <vehicle>
        <id>1</id>
        <bndbox>
            <xmax>34</xmax>
            <xmin>0</xmin>
            <ymax>107</ymax>
            <ymin>81</ymin>
        </bndbox>
        <type>5</type>
        <direction>2</direction>
        <previous>1</previous>
    </vehicle>
    <vehicle>
        <id>2</id>
        <bndbox>
            <xmax>88</xmax>
            <xmin>37</xmin>
            <ymax>97</ymax>
            <ymin>61</ymin>
        </bndbox>
        <type>5</type>
        <direction>2</direction>
        <previous>2</previous>
    </vehicle>
    <vehicle>
        <id>3</id>
        <bndbox>
            <xmax>114</xmax>
            <xmin>90</xmin>
            <ymax>73</ymax>
            <ymin>59</ymin>
        </bndbox>
        <type>8</type>
        <direction>2</direction>
        <previous>3</previous>
    </vehicle>
    <vehicle>
        <id>4</id>
        <bndbox>
            <xmax>9</xmax>
            <xmin>0</xmin>
            <ymax>167</ymax>
            <ymin>123</ymin>
        </bndbox>
        <type>5</type>
        <direction>2</direction>
        <previous>4</previous>
    </vehicle>
    <vehicle>
        <id>5</id>
        <bndbox>
            <xmax>41</xmax>
            <xmin>7</xmin>
            <ymax>137</ymax>
            <ymin>107</ymin>
        </bndbox>
        <type>3</type>
        <direction>2</direction>
        <previous>5</previous>
    </vehicle>
    <vehicle>
        <id>6</id>
        <bndbox>
            <xmax>58</xmax>
            <xmin>33</xmin>
            <ymax>109</ymax>
            <ymin>92</ymin>
        </bndbox>
        <type>2</type>
        <direction>2</direction>
        <previous>6</previous>
    </vehicle>
    <vehicle>
        <id>7</id>
        <bndbox>
            <xmax>69</xmax>
            <xmin>47</xmin>
            <ymax>115</ymax>
            <ymin>100</ymin>
        </bndbox>
        <type>3</type>
        <direction>2</direction>
        <previous>7</previous>
    </vehicle>
    <vehicle>
        <id>8</id>
        <bndbox>
            <xmax>86</xmax>
            <xmin>68</xmin>
            <ymax>102</ymax>
            <ymin>86</ymin>
        </bndbox>
        <type>2</type>
        <direction>2</direction>
        <previous>8</previous>
    </vehicle>
    <vehicle>
        <id>9</id>
        <bndbox>
            <xmax>75</xmax>
            <xmin>57</xmin>
            <ymax>96</ymax>
            <ymin>82</ymin>
        </bndbox>
        <type>3</type>
        <direction>2</direction>
        <previous>9</previous>
    </vehicle>
    <vehicle>
        <id>10</id>
        <bndbox>
            <xmax>93</xmax>
            <xmin>39</xmin>
            <ymax>187</ymax>
            <ymin>150</ymin>
        </bndbox>
        <type>2</type>
        <direction>8</direction>
        <previous>10</previous>
    </vehicle>
    <vehicle>
        <id>11</id>
        <bndbox>
            <xmax>60</xmax>
            <xmin>33</xmin>
            <ymax>149</ymax>
            <ymin>119</ymin>
        </bndbox>
        <type>3</type>
        <direction>2</direction>
        <previous>11</previous>
    </vehicle>
    <vehicle>
        <id>12</id>
        <bndbox>
            <xmax>87</xmax>
            <xmin>64</xmin>
            <ymax>120</ymax>
            <ymin>103</ymin>
        </bndbox>
        <type>3</type>
        <direction>2</direction>
        <previous>12</previous>
    </vehicle>
    <vehicle>
        <id>13</id>
        <bndbox>
            <xmax>98</xmax>
            <xmin>86</xmin>
            <ymax>104</ymax>
            <ymin>93</ymin>
        </bndbox>
        <type>2</type>
        <direction>2</direction>
        <previous>13</previous>
    </vehicle>
    <vehicle>
        <id>14</id>
        <bndbox>
            <xmax>98</xmax>
            <xmin>83</xmin>
            <ymax>93</ymax>
            <ymin>78</ymin>
        </bndbox>
        <type>3</type>
        <direction>2</direction>
        <previous>0</previous>
    </vehicle>
    <vehicle>
        <id>15</id>
        <bndbox>
            <xmax>115</xmax>
            <xmin>97</xmin>
            <ymax>81</ymax>
            <ymin>69</ymin>
        </bndbox>
        <type>2</type>
        <direction>2</direction>
        <previous>0</previous>
    </vehicle>
    <vehicle>
        <id>16</id>
        <bndbox>
            <xmax>145</xmax>
            <xmin>127</xmin>
            <ymax>70</ymax>
            <ymin>53</ymin>
        </bndbox>
        <type>5</type>
        <direction>2</direction>
        <previous>0</previous>
    </vehicle>
    <vehicle>
        <id>17</id>
        <bndbox>
            <xmax>263</xmax>
            <xmin>188</xmin>
            <ymax>191</ymax>
            <ymin>158</ymin>
        </bndbox>
        <type>2</type>
        <direction>4</direction>
        <previous>0</previous>
    </vehicle>
    <vehicle>
        <id>18</id>
        <bndbox>
            <xmax>322</xmax>
            <xmin>290</xmin>
            <ymax>161</ymax>
            <ymin>134</ymin>
        </bndbox>
        <type>3</type>
        <direction>7</direction>
        <previous>0</previous>
    </vehicle>
    <vehicle>
        <id>19</id>
        <bndbox>
            <xmax>347</xmax>
            <xmin>280</xmin>
            <ymax>119</ymax>
            <ymin>79</ymin>
        </bndbox>
        <type>5</type>
        <direction>1</direction>
        <previous>0</previous>
    </vehicle>
    <vehicle>
        <id>20</id>
        <bndbox>
            <xmax>285</xmax>
            <xmin>253</xmin>
            <ymax>117</ymax>
            <ymin>97</ymin>
        </bndbox>
        <type>3</type>
        <direction>1</direction>
        <previous>0</previous>
    </vehicle>
    <vehicle>
        <id>21</id>
        <bndbox>
            <xmax>229</xmax>
            <xmin>211</xmin>
            <ymax>93</ymax>
            <ymin>81</ymin>
        </bndbox>
        <type>3</type>
        <direction>1</direction>
        <previous>0</previous>
    </vehicle>
    <vehicle>
        <id>22</id>
        <bndbox>
            <xmax>190</xmax>
            <xmin>172</xmin>
            <ymax>82</ymax>
            <ymin>70</ymin>
        </bndbox>
        <type>3</type>
        <direction>1</direction>
        <previous>0</previous>
    </vehicle>
    <vehicle>
        <id>23</id>
        <bndbox>
            <xmax>205</xmax>
            <xmin>187</xmin>
            <ymax>76</ymax>
            <ymin>68</ymin>
        </bndbox>
        <type>2</type>
        <direction>1</direction>
        <previous>0</previous>
    </vehicle>
    <vehicle>
        <id>24</id>
        <bndbox>
            <xmax>171</xmax>
            <xmin>162</xmin>
            <ymax>69</ymax>
            <ymin>57</ymin>
        </bndbox>
        <type>3</type>
        <direction>1</direction>
        <previous>0</previous>
    </vehicle>
</annotation>
