<annotation>
    <video>164-20160223-09.avi</video>
    <frame>000279</frame>
    <time>2016/02/23 11:21:12</time>
    <width>352</width>
    <height>240</height>
    <weather>1</weather>
    <facing>3</facing>
    <flow>1</flow>
    <vehicle>
        <id>1</id>
        <bndbox>
            <xmax>13</xmax>
            <xmin>1</xmin>
            <ymax>134</ymax>
            <ymin>104</ymin>
        </bndbox>
        <type>2</type>
        <direction>2</direction>
        <previous>0</previous>
    </vehicle>
    <vehicle>
        <id>2</id>
        <bndbox>
            <xmax>27</xmax>
            <xmin>10</xmin>
            <ymax>99</ymax>
            <ymin>89</ymin>
        </bndbox>
        <type>3</type>
        <direction>2</direction>
        <previous>0</previous>
    </vehicle>
    <vehicle>
        <id>3</id>
        <bndbox>
            <xmax>45</xmax>
            <xmin>19</xmin>
            <ymax>106</ymax>
            <ymin>91</ymin>
        </bndbox>
        <type>3</type>
        <direction>2</direction>
        <previous>0</previous>
    </vehicle>
    <vehicle>
        <id>4</id>
        <bndbox>
            <xmax>52</xmax>
            <xmin>36</xmin>
            <ymax>88</ymax>
            <ymin>81</ymin>
        </bndbox>
        <type>2</type>
        <direction>2</direction>
        <previous>0</previous>
    </vehicle>
    <vehicle>
        <id>5</id>
        <bndbox>
            <xmax>80</xmax>
            <xmin>64</xmin>
            <ymax>85</ymax>
            <ymin>75</ymin>
        </bndbox>
        <type>3</type>
        <direction>2</direction>
        <previous>0</previous>
    </vehicle>
    <vehicle>
        <id>6</id>
        <bndbox>
            <xmax>105</xmax>
            <xmin>90</xmin>
            <ymax>79</ymax>
            <ymin>69</ymin>
        </bndbox>
        <type>2</type>
        <direction>2</direction>
        <previous>0</previous>
    </vehicle>
    <vehicle>
        <id>7</id>
        <bndbox>
            <xmax>127</xmax>
            <xmin>94</xmin>
            <ymax>74</ymax>
            <ymin>55</ymin>
        </bndbox>
        <type>6</type>
        <direction>2</direction>
        <previous>0</previous>
    </vehicle>
    <vehicle>
        <id>8</id>
        <bndbox>
            <xmax>131</xmax>
            <xmin>121</xmin>
            <ymax>74</ymax>
            <ymin>65</ymin>
        </bndbox>
        <type>3</type>
        <direction>2</direction>
        <previous>0</previous>
    </vehicle>
    <vehicle>
        <id>9</id>
        <bndbox>
            <xmax>140</xmax>
            <xmin>129</xmin>
            <ymax>67</ymax>
            <ymin>61</ymin>
        </bndbox>
        <type>2</type>
        <direction>2</direction>
        <previous>0</previous>
    </vehicle>
    <vehicle>
        <id>10</id>
        <bndbox>
            <xmax>47</xmax>
            <xmin>15</xmin>
            <ymax>158</ymax>
            <ymin>128</ymin>
        </bndbox>
        <type>3</type>
        <direction>2</direction>
        <previous>0</previous>
    </vehicle>
    <vehicle>
        <id>11</id>
        <bndbox>
            <xmax>58</xmax>
            <xmin>32</xmin>
            <ymax>121</ymax>
            <ymin>103</ymin>
        </bndbox>
        <type>2</type>
        <direction>2</direction>
        <previous>0</previous>
    </vehicle>
    <vehicle>
        <id>12</id>
        <bndbox>
            <xmax>70</xmax>
            <xmin>48</xmin>
            <ymax>131</ymax>
            <ymin>112</ymin>
        </bndbox>
        <type>2</type>
        <direction>2</direction>
        <previous>0</previous>
    </vehicle>
    <vehicle>
        <id>13</id>
        <bndbox>
            <xmax>351</xmax>
            <xmin>32</xmin>
            <ymax>239</ymax>
            <ymin>163</ymin>
        </bndbox>
        <type>6</type>
        <direction>8</direction>
        <previous>0</previous>
    </vehicle>
</annotation>
