<annotation>
    <video>164-20160223-09.avi</video>
    <frame>000202</frame>
    <time>2016/02/23 10:50:35</time>
    <width>352</width>
    <height>240</height>
    <weather>1</weather>
    <facing>3</facing>
    <flow>1</flow>
    <vehicle>
        <id>1</id>
        <bndbox>
            <xmax>19</xmax>
            <xmin>0</xmin>
            <ymax>150</ymax>
            <ymin>117</ymin>
        </bndbox>
        <type>3</type>
        <direction>2</direction>
        <previous>0</previous>
    </vehicle>
    <vehicle>
        <id>2</id>
        <bndbox>
            <xmax>56</xmax>
            <xmin>22</xmin>
            <ymax>130</ymax>
            <ymin>97</ymin>
        </bndbox>
        <type>4</type>
        <direction>2</direction>
        <previous>0</previous>
    </vehicle>
    <vehicle>
        <id>3</id>
        <bndbox>
            <xmax>54</xmax>
            <xmin>34</xmin>
            <ymax>100</ymax>
            <ymin>87</ymin>
        </bndbox>
        <type>2</type>
        <direction>2</direction>
        <previous>0</previous>
    </vehicle>
    <vehicle>
        <id>4</id>
        <bndbox>
            <xmax>48</xmax>
            <xmin>8</xmin>
            <ymax>158</ymax>
            <ymin>127</ymin>
        </bndbox>
        <type>3</type>
        <direction>2</direction>
        <previous>2</previous>
    </vehicle>
    <vehicle>
        <id>5</id>
        <bndbox>
            <xmax>69</xmax>
            <xmin>45</xmin>
            <ymax>136</ymax>
            <ymin>113</ymin>
        </bndbox>
        <type>1</type>
        <direction>2</direction>
        <previous>3</previous>
    </vehicle>
    <vehicle>
        <id>6</id>
        <bndbox>
            <xmax>85</xmax>
            <xmin>63</xmin>
            <ymax>119</ymax>
            <ymin>100</ymin>
        </bndbox>
        <type>3</type>
        <direction>2</direction>
        <previous>4</previous>
    </vehicle>
    <vehicle>
        <id>7</id>
        <bndbox>
            <xmax>163</xmax>
            <xmin>77</xmin>
            <ymax>209</ymax>
            <ymin>177</ymin>
        </bndbox>
        <type>3</type>
        <direction>4</direction>
        <previous>0</previous>
    </vehicle>
    <vehicle>
        <id>8</id>
        <bndbox>
            <xmax>326</xmax>
            <xmin>301</xmin>
            <ymax>145</ymax>
            <ymin>122</ymin>
        </bndbox>
        <type>2</type>
        <direction>7</direction>
        <previous>0</previous>
    </vehicle>
    <vehicle>
        <id>9</id>
        <bndbox>
            <xmax>245</xmax>
            <xmin>223</xmin>
            <ymax>98</ymax>
            <ymin>83</ymin>
        </bndbox>
        <type>3</type>
        <direction>1</direction>
        <previous>0</previous>
    </vehicle>
    <vehicle>
        <id>10</id>
        <bndbox>
            <xmax>191</xmax>
            <xmin>176</xmin>
            <ymax>81</ymax>
            <ymin>72</ymin>
        </bndbox>
        <type>1</type>
        <direction>1</direction>
        <previous>0</previous>
    </vehicle>
    <vehicle>
        <id>11</id>
        <bndbox>
            <xmax>182</xmax>
            <xmin>171</xmin>
            <ymax>73</ymax>
            <ymin>66</ymin>
        </bndbox>
        <type>2</type>
        <direction>1</direction>
        <previous>0</previous>
    </vehicle>
    <vehicle>
        <id>12</id>
        <bndbox>
            <xmax>174</xmax>
            <xmin>168</xmin>
            <ymax>68</ymax>
            <ymin>59</ymin>
        </bndbox>
        <type>3</type>
        <direction>1</direction>
        <previous>0</previous>
    </vehicle>
</annotation>
