<annotation>
    <video>164-20160223-09.avi</video>
    <frame>000216</frame>
    <time>2016/02/23 10:56:13</time>
    <width>352</width>
    <height>240</height>
    <weather>1</weather>
    <facing>3</facing>
    <flow>2</flow>
    <vehicle>
        <id>1</id>
        <bndbox>
            <xmax>46</xmax>
            <xmin>0</xmin>
            <ymax>145</ymax>
            <ymin>102</ymin>
        </bndbox>
        <type>5</type>
        <direction>2</direction>
        <previous>0</previous>
    </vehicle>
    <vehicle>
        <id>2</id>
        <bndbox>
            <xmax>132</xmax>
            <xmin>117</xmin>
            <ymax>77</ymax>
            <ymin>62</ymin>
        </bndbox>
        <type>5</type>
        <direction>2</direction>
        <previous>0</previous>
    </vehicle>
    <vehicle>
        <id>3</id>
        <bndbox>
            <xmax>338</xmax>
            <xmin>302</xmin>
            <ymax>159</ymax>
            <ymin>131</ymin>
        </bndbox>
        <type>2</type>
        <direction>7</direction>
        <previous>0</previous>
    </vehicle>
</annotation>
