<annotation>
    <video>164-20160223-09.avi</video>
    <frame>000206</frame>
    <time>2016/02/23 10:52:12</time>
    <width>352</width>
    <height>240</height>
    <weather>1</weather>
    <facing>3</facing>
    <flow>1</flow>
    <vehicle>
        <id>1</id>
        <bndbox>
            <xmax>45</xmax>
            <xmin>0</xmin>
            <ymax>147</ymax>
            <ymin>104</ymin>
        </bndbox>
        <type>4</type>
        <direction>2</direction>
        <previous>1</previous>
    </vehicle>
    <vehicle>
        <id>2</id>
        <bndbox>
            <xmax>67</xmax>
            <xmin>44</xmin>
            <ymax>117</ymax>
            <ymin>99</ymin>
        </bndbox>
        <type>3</type>
        <direction>2</direction>
        <previous>0</previous>
    </vehicle>
    <vehicle>
        <id>3</id>
        <bndbox>
            <xmax>73</xmax>
            <xmin>43</xmin>
            <ymax>137</ymax>
            <ymin>114</ymin>
        </bndbox>
        <type>3</type>
        <direction>2</direction>
        <previous>0</previous>
    </vehicle>
    <vehicle>
        <id>4</id>
        <bndbox>
            <xmax>92</xmax>
            <xmin>70</xmin>
            <ymax>118</ymax>
            <ymin>100</ymin>
        </bndbox>
        <type>3</type>
        <direction>2</direction>
        <previous>0</previous>
    </vehicle>
    <vehicle>
        <id>5</id>
        <bndbox>
            <xmax>114</xmax>
            <xmin>90</xmin>
            <ymax>97</ymax>
            <ymin>72</ymin>
        </bndbox>
        <type>4</type>
        <direction>2</direction>
        <previous>0</previous>
    </vehicle>
    <vehicle>
        <id>6</id>
        <bndbox>
            <xmax>117</xmax>
            <xmin>101</xmin>
            <ymax>73</ymax>
            <ymin>61</ymin>
        </bndbox>
        <type>8</type>
        <direction>2</direction>
        <previous>0</previous>
    </vehicle>
    <vehicle>
        <id>7</id>
        <bndbox>
            <xmax>123</xmax>
            <xmin>114</xmin>
            <ymax>80</ymax>
            <ymin>72</ymin>
        </bndbox>
        <type>2</type>
        <direction>2</direction>
        <previous>0</previous>
    </vehicle>
    <vehicle>
        <id>8</id>
        <bndbox>
            <xmax>135</xmax>
            <xmin>126</xmin>
            <ymax>68</ymax>
            <ymin>59</ymin>
        </bndbox>
        <type>3</type>
        <direction>2</direction>
        <previous>0</previous>
    </vehicle>
    <vehicle>
        <id>9</id>
        <bndbox>
            <xmax>24</xmax>
            <xmin>0</xmin>
            <ymax>197</ymax>
            <ymin>167</ymin>
        </bndbox>
        <type>3</type>
        <direction>4</direction>
        <previous>0</previous>
    </vehicle>
    <vehicle>
        <id>10</id>
        <bndbox>
            <xmax>113</xmax>
            <xmin>26</xmin>
            <ymax>230</ymax>
            <ymin>194</ymin>
        </bndbox>
        <type>3</type>
        <direction>4</direction>
        <previous>0</previous>
    </vehicle>
    <vehicle>
        <id>11</id>
        <bndbox>
            <xmax>335</xmax>
            <xmin>242</xmin>
            <ymax>226</ymax>
            <ymin>188</ymin>
        </bndbox>
        <type>3</type>
        <direction>4</direction>
        <previous>0</previous>
    </vehicle>
    <vehicle>
        <id>12</id>
        <bndbox>
            <xmax>319</xmax>
            <xmin>247</xmin>
            <ymax>181</ymax>
            <ymin>139</ymin>
        </bndbox>
        <type>7</type>
        <direction>7</direction>
        <previous>0</previous>
    </vehicle>
    <vehicle>
        <id>13</id>
        <bndbox>
            <xmax>318</xmax>
            <xmin>270</xmin>
            <ymax>127</ymax>
            <ymin>91</ymin>
        </bndbox>
        <type>4</type>
        <direction>1</direction>
        <previous>0</previous>
    </vehicle>
    <vehicle>
        <id>14</id>
        <bndbox>
            <xmax>192</xmax>
            <xmin>179</xmin>
            <ymax>81</ymax>
            <ymin>73</ymin>
        </bndbox>
        <type>2</type>
        <direction>1</direction>
        <previous>0</previous>
    </vehicle>
    <vehicle>
        <id>15</id>
        <bndbox>
            <xmax>174</xmax>
            <xmin>158</xmin>
            <ymax>72</ymax>
            <ymin>59</ymin>
        </bndbox>
        <type>4</type>
        <direction>1</direction>
        <previous>0</previous>
    </vehicle>
</annotation>
