<annotation>
    <video>164-20160223-09.avi</video>
    <frame>000280</frame>
    <time>2016/02/23 11:21:35</time>
    <width>352</width>
    <height>240</height>
    <weather>1</weather>
    <facing>3</facing>
    <flow>2</flow>
    <vehicle>
        <id>1</id>
        <bndbox>
            <xmax>15</xmax>
            <xmin>1</xmin>
            <ymax>118</ymax>
            <ymin>103</ymin>
        </bndbox>
        <type>3</type>
        <direction>2</direction>
        <previous>0</previous>
    </vehicle>
    <vehicle>
        <id>2</id>
        <bndbox>
            <xmax>41</xmax>
            <xmin>18</xmin>
            <ymax>119</ymax>
            <ymin>102</ymin>
        </bndbox>
        <type>1</type>
        <direction>2</direction>
        <previous>0</previous>
    </vehicle>
    <vehicle>
        <id>3</id>
        <bndbox>
            <xmax>37</xmax>
            <xmin>24</xmin>
            <ymax>101</ymax>
            <ymin>89</ymin>
        </bndbox>
        <type>2</type>
        <direction>2</direction>
        <previous>0</previous>
    </vehicle>
    <vehicle>
        <id>4</id>
        <bndbox>
            <xmax>60</xmax>
            <xmin>34</xmin>
            <ymax>92</ymax>
            <ymin>74</ymin>
        </bndbox>
        <type>5</type>
        <direction>2</direction>
        <previous>0</previous>
    </vehicle>
    <vehicle>
        <id>5</id>
        <bndbox>
            <xmax>23</xmax>
            <xmin>1</xmin>
            <ymax>148</ymax>
            <ymin>123</ymin>
        </bndbox>
        <type>2</type>
        <direction>2</direction>
        <previous>0</previous>
    </vehicle>
    <vehicle>
        <id>6</id>
        <bndbox>
            <xmax>59</xmax>
            <xmin>20</xmin>
            <ymax>170</ymax>
            <ymin>115</ymin>
        </bndbox>
        <type>5</type>
        <direction>8</direction>
        <previous>0</previous>
    </vehicle>
    <vehicle>
        <id>7</id>
        <bndbox>
            <xmax>75</xmax>
            <xmin>57</xmin>
            <ymax>132</ymax>
            <ymin>112</ymin>
        </bndbox>
        <type>2</type>
        <direction>2</direction>
        <previous>0</previous>
    </vehicle>
    <vehicle>
        <id>8</id>
        <bndbox>
            <xmax>60</xmax>
            <xmin>32</xmin>
            <ymax>114</ymax>
            <ymin>100</ymin>
        </bndbox>
        <type>7</type>
        <direction>2</direction>
        <previous>0</previous>
    </vehicle>
    <vehicle>
        <id>9</id>
        <bndbox>
            <xmax>64</xmax>
            <xmin>7</xmin>
            <ymax>204</ymax>
            <ymin>171</ymin>
        </bndbox>
        <type>3</type>
        <direction>8</direction>
        <previous>0</previous>
    </vehicle>
    <vehicle>
        <id>10</id>
        <bndbox>
            <xmax>94</xmax>
            <xmin>0</xmin>
            <ymax>239</ymax>
            <ymin>199</ymin>
        </bndbox>
        <type>2</type>
        <direction>4</direction>
        <previous>0</previous>
    </vehicle>
    <vehicle>
        <id>11</id>
        <bndbox>
            <xmax>121</xmax>
            <xmin>92</xmin>
            <ymax>85</ymax>
            <ymin>66</ymin>
        </bndbox>
        <type>6</type>
        <direction>2</direction>
        <previous>0</previous>
    </vehicle>
    <vehicle>
        <id>12</id>
        <bndbox>
            <xmax>143</xmax>
            <xmin>132</xmin>
            <ymax>66</ymax>
            <ymin>57</ymin>
        </bndbox>
        <type>3</type>
        <direction>2</direction>
        <previous>0</previous>
    </vehicle>
    <vehicle>
        <id>13</id>
        <bndbox>
            <xmax>132</xmax>
            <xmin>126</xmin>
            <ymax>66</ymax>
            <ymin>62</ymin>
        </bndbox>
        <type>3</type>
        <direction>2</direction>
        <previous>0</previous>
    </vehicle>
    <vehicle>
        <id>14</id>
        <bndbox>
            <xmax>351</xmax>
            <xmin>111</xmin>
            <ymax>239</ymax>
            <ymin>183</ymin>
        </bndbox>
        <type>6</type>
        <direction>4</direction>
        <previous>0</previous>
    </vehicle>
    <vehicle>
        <id>15</id>
        <bndbox>
            <xmax>189</xmax>
            <xmin>169</xmin>
            <ymax>78</ymax>
            <ymin>61</ymin>
        </bndbox>
        <type>5</type>
        <direction>1</direction>
        <previous>0</previous>
    </vehicle>
    <vehicle>
        <id>16</id>
        <bndbox>
            <xmax>351</xmax>
            <xmin>317</xmin>
            <ymax>118</ymax>
            <ymin>95</ymin>
        </bndbox>
        <type>5</type>
        <direction>1</direction>
        <previous>0</previous>
    </vehicle>
</annotation>
