<annotation>
    <video>164-20160223-09.avi</video>
    <frame>000283</frame>
    <time>2016/02/23 11:22:47</time>
    <width>352</width>
    <height>240</height>
    <weather>1</weather>
    <facing>3</facing>
    <flow>2</flow>
    <vehicle>
        <id>1</id>
        <bndbox>
            <xmax>16</xmax>
            <xmin>2</xmin>
            <ymax>107</ymax>
            <ymin>94</ymin>
        </bndbox>
        <type>2</type>
        <direction>2</direction>
        <previous>0</previous>
    </vehicle>
    <vehicle>
        <id>2</id>
        <bndbox>
            <xmax>35</xmax>
            <xmin>13</xmin>
            <ymax>107</ymax>
            <ymin>95</ymin>
        </bndbox>
        <type>2</type>
        <direction>3</direction>
        <previous>0</previous>
    </vehicle>
    <vehicle>
        <id>3</id>
        <bndbox>
            <xmax>39</xmax>
            <xmin>21</xmin>
            <ymax>95</ymax>
            <ymin>85</ymin>
        </bndbox>
        <type>2</type>
        <direction>2</direction>
        <previous>0</previous>
    </vehicle>
    <vehicle>
        <id>4</id>
        <bndbox>
            <xmax>61</xmax>
            <xmin>43</xmin>
            <ymax>93</ymax>
            <ymin>81</ymin>
        </bndbox>
        <type>2</type>
        <direction>2</direction>
        <previous>0</previous>
    </vehicle>
    <vehicle>
        <id>5</id>
        <bndbox>
            <xmax>82</xmax>
            <xmin>51</xmin>
            <ymax>113</ymax>
            <ymin>86</ymin>
        </bndbox>
        <type>4</type>
        <direction>2</direction>
        <previous>0</previous>
    </vehicle>
    <vehicle>
        <id>6</id>
        <bndbox>
            <xmax>96</xmax>
            <xmin>73</xmin>
            <ymax>87</ymax>
            <ymin>67</ymin>
        </bndbox>
        <type>4</type>
        <direction>2</direction>
        <previous>0</previous>
    </vehicle>
    <vehicle>
        <id>7</id>
        <bndbox>
            <xmax>116</xmax>
            <xmin>101</xmin>
            <ymax>85</ymax>
            <ymin>76</ymin>
        </bndbox>
        <type>2</type>
        <direction>2</direction>
        <previous>0</previous>
    </vehicle>
    <vehicle>
        <id>8</id>
        <bndbox>
            <xmax>121</xmax>
            <xmin>108</xmin>
            <ymax>71</ymax>
            <ymin>63</ymin>
        </bndbox>
        <type>3</type>
        <direction>2</direction>
        <previous>0</previous>
    </vehicle>
    <vehicle>
        <id>9</id>
        <bndbox>
            <xmax>140</xmax>
            <xmin>125</xmin>
            <ymax>70</ymax>
            <ymin>58</ymin>
        </bndbox>
        <type>4</type>
        <direction>2</direction>
        <previous>0</previous>
    </vehicle>
    <vehicle>
        <id>10</id>
        <bndbox>
            <xmax>82</xmax>
            <xmin>24</xmin>
            <ymax>187</ymax>
            <ymin>110</ymin>
        </bndbox>
        <type>5</type>
        <direction>8</direction>
        <previous>0</previous>
    </vehicle>
    <vehicle>
        <id>11</id>
        <bndbox>
            <xmax>152</xmax>
            <xmin>85</xmin>
            <ymax>209</ymax>
            <ymin>170</ymin>
        </bndbox>
        <type>3</type>
        <direction>8</direction>
        <previous>0</previous>
    </vehicle>
    <vehicle>
        <id>12</id>
        <bndbox>
            <xmax>351</xmax>
            <xmin>204</xmin>
            <ymax>218</ymax>
            <ymin>146</ymin>
        </bndbox>
        <type>6</type>
        <direction>4</direction>
        <previous>0</previous>
    </vehicle>
    <vehicle>
        <id>13</id>
        <bndbox>
            <xmax>349</xmax>
            <xmin>32</xmin>
            <ymax>239</ymax>
            <ymin>191</ymin>
        </bndbox>
        <type>6</type>
        <direction>4</direction>
        <previous>0</previous>
    </vehicle>
    <vehicle>
        <id>14</id>
        <bndbox>
            <xmax>308</xmax>
            <xmin>266</xmin>
            <ymax>120</ymax>
            <ymin>104</ymin>
        </bndbox>
        <type>2</type>
        <direction>1</direction>
        <previous>0</previous>
    </vehicle>
    <vehicle>
        <id>15</id>
        <bndbox>
            <xmax>288</xmax>
            <xmin>260</xmin>
            <ymax>99</ymax>
            <ymin>84</ymin>
        </bndbox>
        <type>1</type>
        <direction>1</direction>
        <previous>0</previous>
    </vehicle>
    <vehicle>
        <id>16</id>
        <bndbox>
            <xmax>224</xmax>
            <xmin>205</xmin>
            <ymax>96</ymax>
            <ymin>82</ymin>
        </bndbox>
        <type>2</type>
        <direction>1</direction>
        <previous>0</previous>
    </vehicle>
    <vehicle>
        <id>17</id>
        <bndbox>
            <xmax>209</xmax>
            <xmin>191</xmin>
            <ymax>79</ymax>
            <ymin>67</ymin>
        </bndbox>
        <type>2</type>
        <direction>1</direction>
        <previous>0</previous>
    </vehicle>
    <vehicle>
        <id>18</id>
        <bndbox>
            <xmax>164</xmax>
            <xmin>154</xmin>
            <ymax>66</ymax>
            <ymin>57</ymin>
        </bndbox>
        <type>3</type>
        <direction>1</direction>
        <previous>0</previous>
    </vehicle>
</annotation>
