<annotation>
    <video>164-20160223-09.avi</video>
    <frame>000297</frame>
    <time>2016/02/23 11:28:24</time>
    <width>352</width>
    <height>240</height>
    <weather>1</weather>
    <facing>3</facing>
    <flow>1</flow>
    <vehicle>
        <id>1</id>
        <bndbox>
            <xmax>14</xmax>
            <xmin>0</xmin>
            <ymax>107</ymax>
            <ymin>84</ymin>
        </bndbox>
        <type>6</type>
        <direction>2</direction>
        <previous>1</previous>
    </vehicle>
    <vehicle>
        <id>2</id>
        <bndbox>
            <xmax>56</xmax>
            <xmin>16</xmin>
            <ymax>88</ymax>
            <ymin>76</ymin>
        </bndbox>
        <type>8</type>
        <direction>2</direction>
        <previous>2</previous>
    </vehicle>
    <vehicle>
        <id>3</id>
        <bndbox>
            <xmax>71</xmax>
            <xmin>47</xmin>
            <ymax>83</ymax>
            <ymin>67</ymin>
        </bndbox>
        <type>8</type>
        <direction>2</direction>
        <previous>3</previous>
    </vehicle>
    <vehicle>
        <id>4</id>
        <bndbox>
            <xmax>15</xmax>
            <xmin>0</xmin>
            <ymax>159</ymax>
            <ymin>129</ymin>
        </bndbox>
        <type>3</type>
        <direction>2</direction>
        <previous>4</previous>
    </vehicle>
    <vehicle>
        <id>5</id>
        <bndbox>
            <xmax>31</xmax>
            <xmin>8</xmin>
            <ymax>136</ymax>
            <ymin>111</ymin>
        </bndbox>
        <type>2</type>
        <direction>2</direction>
        <previous>5</previous>
    </vehicle>
    <vehicle>
        <id>6</id>
        <bndbox>
            <xmax>46</xmax>
            <xmin>27</xmin>
            <ymax>116</ymax>
            <ymin>105</ymin>
        </bndbox>
        <type>2</type>
        <direction>2</direction>
        <previous>6</previous>
    </vehicle>
    <vehicle>
        <id>7</id>
        <bndbox>
            <xmax>53</xmax>
            <xmin>19</xmin>
            <ymax>159</ymax>
            <ymin>113</ymin>
        </bndbox>
        <type>4</type>
        <direction>2</direction>
        <previous>7</previous>
    </vehicle>
    <vehicle>
        <id>8</id>
        <bndbox>
            <xmax>108</xmax>
            <xmin>43</xmin>
            <ymax>131</ymax>
            <ymin>71</ymin>
        </bndbox>
        <type>6</type>
        <direction>2</direction>
        <previous>8</previous>
    </vehicle>
    <vehicle>
        <id>9</id>
        <bndbox>
            <xmax>122</xmax>
            <xmin>111</xmin>
            <ymax>82</ymax>
            <ymin>73</ymin>
        </bndbox>
        <type>1</type>
        <direction>2</direction>
        <previous>9</previous>
    </vehicle>
    <vehicle>
        <id>10</id>
        <bndbox>
            <xmax>130</xmax>
            <xmin>123</xmin>
            <ymax>77</ymax>
            <ymin>65</ymin>
        </bndbox>
        <type>3</type>
        <direction>2</direction>
        <previous>10</previous>
    </vehicle>
    <vehicle>
        <id>11</id>
        <bndbox>
            <xmax>140</xmax>
            <xmin>131</xmin>
            <ymax>69</ymax>
            <ymin>60</ymin>
        </bndbox>
        <type>2</type>
        <direction>2</direction>
        <previous>11</previous>
    </vehicle>
    <vehicle>
        <id>12</id>
        <bndbox>
            <xmax>122</xmax>
            <xmin>113</xmin>
            <ymax>69</ymax>
            <ymin>61</ymin>
        </bndbox>
        <type>2</type>
        <direction>2</direction>
        <previous>0</previous>
    </vehicle>
    <vehicle>
        <id>13</id>
        <bndbox>
            <xmax>103</xmax>
            <xmin>1</xmin>
            <ymax>240</ymax>
            <ymin>225</ymin>
        </bndbox>
        <type>3</type>
        <direction>4</direction>
        <previous>0</previous>
    </vehicle>
    <vehicle>
        <id>14</id>
        <bndbox>
            <xmax>185</xmax>
            <xmin>106</xmin>
            <ymax>196</ymax>
            <ymin>166</ymin>
        </bndbox>
        <type>1</type>
        <direction>4</direction>
        <previous>0</previous>
    </vehicle>
    <vehicle>
        <id>15</id>
        <bndbox>
            <xmax>311</xmax>
            <xmin>235</xmin>
            <ymax>187</ymax>
            <ymin>151</ymin>
        </bndbox>
        <type>3</type>
        <direction>4</direction>
        <previous>0</previous>
    </vehicle>
    <vehicle>
        <id>16</id>
        <bndbox>
            <xmax>351</xmax>
            <xmin>270</xmin>
            <ymax>224</ymax>
            <ymin>176</ymin>
        </bndbox>
        <type>4</type>
        <direction>4</direction>
        <previous>0</previous>
    </vehicle>
    <vehicle>
        <id>17</id>
        <bndbox>
            <xmax>321</xmax>
            <xmin>299</xmin>
            <ymax>153</ymax>
            <ymin>122</ymin>
        </bndbox>
        <type>2</type>
        <direction>7</direction>
        <previous>0</previous>
    </vehicle>
    <vehicle>
        <id>18</id>
        <bndbox>
            <xmax>279</xmax>
            <xmin>254</xmin>
            <ymax>101</ymax>
            <ymin>87</ymin>
        </bndbox>
        <type>3</type>
        <direction>1</direction>
        <previous>0</previous>
    </vehicle>
    <vehicle>
        <id>19</id>
        <bndbox>
            <xmax>230</xmax>
            <xmin>211</xmin>
            <ymax>93</ymax>
            <ymin>83</ymin>
        </bndbox>
        <type>2</type>
        <direction>2</direction>
        <previous>0</previous>
    </vehicle>
    <vehicle>
        <id>20</id>
        <bndbox>
            <xmax>235</xmax>
            <xmin>216</xmin>
            <ymax>84</ymax>
            <ymin>75</ymin>
        </bndbox>
        <type>7</type>
        <direction>1</direction>
        <previous>0</previous>
    </vehicle>
    <vehicle>
        <id>21</id>
        <bndbox>
            <xmax>199</xmax>
            <xmin>187</xmin>
            <ymax>81</ymax>
            <ymin>73</ymin>
        </bndbox>
        <type>3</type>
        <direction>1</direction>
        <previous>0</previous>
    </vehicle>
    <vehicle>
        <id>22</id>
        <bndbox>
            <xmax>173</xmax>
            <xmin>163</xmin>
            <ymax>73</ymax>
            <ymin>67</ymin>
        </bndbox>
        <type>2</type>
        <direction>1</direction>
        <previous>0</previous>
    </vehicle>
    <vehicle>
        <id>23</id>
        <bndbox>
            <xmax>168</xmax>
            <xmin>163</xmin>
            <ymax>63</ymax>
            <ymin>58</ymin>
        </bndbox>
        <type>2</type>
        <direction>1</direction>
        <previous>0</previous>
    </vehicle>
</annotation>
