<annotation>
    <video>164-20160223-09.avi</video>
    <frame>000268</frame>
    <time>2016/02/23 11:16:51</time>
    <width>352</width>
    <height>240</height>
    <weather>1</weather>
    <facing>3</facing>
    <flow>2</flow>
    <vehicle>
        <id>1</id>
        <bndbox>
            <xmax>67</xmax>
            <xmin>7</xmin>
            <ymax>109</ymax>
            <ymin>70</ymin>
        </bndbox>
        <type>5</type>
        <direction>2</direction>
        <previous>2</previous>
    </vehicle>
    <vehicle>
        <id>2</id>
        <bndbox>
            <xmax>95</xmax>
            <xmin>65</xmin>
            <ymax>83</ymax>
            <ymin>66</ymin>
        </bndbox>
        <type>8</type>
        <direction>2</direction>
        <previous>3</previous>
    </vehicle>
    <vehicle>
        <id>3</id>
        <bndbox>
            <xmax>115</xmax>
            <xmin>96</xmin>
            <ymax>74</ymax>
            <ymin>59</ymin>
        </bndbox>
        <type>5</type>
        <direction>2</direction>
        <previous>0</previous>
    </vehicle>
    <vehicle>
        <id>4</id>
        <bndbox>
            <xmax>139</xmax>
            <xmin>114</xmin>
            <ymax>68</ymax>
            <ymin>54</ymin>
        </bndbox>
        <type>5</type>
        <direction>2</direction>
        <previous>0</previous>
    </vehicle>
    <vehicle>
        <id>5</id>
        <bndbox>
            <xmax>29</xmax>
            <xmin>18</xmin>
            <ymax>150</ymax>
            <ymin>135</ymin>
        </bndbox>
        <type>2</type>
        <direction>2</direction>
        <previous>0</previous>
    </vehicle>
    <vehicle>
        <id>6</id>
        <bndbox>
            <xmax>93</xmax>
            <xmin>65</xmin>
            <ymax>118</ymax>
            <ymin>94</ymin>
        </bndbox>
        <type>7</type>
        <direction>2</direction>
        <previous>0</previous>
    </vehicle>
    <vehicle>
        <id>7</id>
        <bndbox>
            <xmax>101</xmax>
            <xmin>84</xmin>
            <ymax>95</ymax>
            <ymin>83</ymin>
        </bndbox>
        <type>2</type>
        <direction>2</direction>
        <previous>0</previous>
    </vehicle>
    <vehicle>
        <id>8</id>
        <bndbox>
            <xmax>114</xmax>
            <xmin>103</xmin>
            <ymax>81</ymax>
            <ymin>70</ymin>
        </bndbox>
        <type>2</type>
        <direction>2</direction>
        <previous>0</previous>
    </vehicle>
    <vehicle>
        <id>9</id>
        <bndbox>
            <xmax>139</xmax>
            <xmin>128</xmin>
            <ymax>69</ymax>
            <ymin>59</ymin>
        </bndbox>
        <type>2</type>
        <direction>2</direction>
        <previous>0</previous>
    </vehicle>
    <vehicle>
        <id>10</id>
        <bndbox>
            <xmax>117</xmax>
            <xmin>45</xmin>
            <ymax>189</ymax>
            <ymin>154</ymin>
        </bndbox>
        <type>3</type>
        <direction>8</direction>
        <previous>0</previous>
    </vehicle>
    <vehicle>
        <id>11</id>
        <bndbox>
            <xmax>151</xmax>
            <xmin>15</xmin>
            <ymax>233</ymax>
            <ymin>167</ymin>
        </bndbox>
        <type>5</type>
        <direction>4</direction>
        <previous>0</previous>
    </vehicle>
    <vehicle>
        <id>12</id>
        <bndbox>
            <xmax>93</xmax>
            <xmin>8</xmin>
            <ymax>239</ymax>
            <ymin>227</ymin>
        </bndbox>
        <type>2</type>
        <direction>4</direction>
        <previous>0</previous>
    </vehicle>
    <vehicle>
        <id>13</id>
        <bndbox>
            <xmax>303</xmax>
            <xmin>210</xmin>
            <ymax>197</ymax>
            <ymin>157</ymin>
        </bndbox>
        <type>7</type>
        <direction>4</direction>
        <previous>0</previous>
    </vehicle>
    <vehicle>
        <id>14</id>
        <bndbox>
            <xmax>282</xmax>
            <xmin>166</xmin>
            <ymax>229</ymax>
            <ymin>183</ymin>
        </bndbox>
        <type>7</type>
        <direction>4</direction>
        <previous>0</previous>
    </vehicle>
    <vehicle>
        <id>15</id>
        <bndbox>
            <xmax>274</xmax>
            <xmin>155</xmin>
            <ymax>239</ymax>
            <ymin>218</ymin>
        </bndbox>
        <type>7</type>
        <direction>4</direction>
        <previous>0</previous>
    </vehicle>
    <vehicle>
        <id>16</id>
        <bndbox>
            <xmax>351</xmax>
            <xmin>305</xmin>
            <ymax>223</ymax>
            <ymin>189</ymin>
        </bndbox>
        <type>2</type>
        <direction>4</direction>
        <previous>0</previous>
    </vehicle>
    <vehicle>
        <id>17</id>
        <bndbox>
            <xmax>328</xmax>
            <xmin>288</xmin>
            <ymax>124</ymax>
            <ymin>104</ymin>
        </bndbox>
        <type>3</type>
        <direction>1</direction>
        <previous>0</previous>
    </vehicle>
    <vehicle>
        <id>18</id>
        <bndbox>
            <xmax>273</xmax>
            <xmin>242</xmin>
            <ymax>101</ymax>
            <ymin>83</ymin>
        </bndbox>
        <type>2</type>
        <direction>1</direction>
        <previous>0</previous>
    </vehicle>
    <vehicle>
        <id>19</id>
        <bndbox>
            <xmax>193</xmax>
            <xmin>179</xmin>
            <ymax>74</ymax>
            <ymin>65</ymin>
        </bndbox>
        <type>2</type>
        <direction>1</direction>
        <previous>0</previous>
    </vehicle>
    <vehicle>
        <id>20</id>
        <bndbox>
            <xmax>173</xmax>
            <xmin>165</xmin>
            <ymax>68</ymax>
            <ymin>59</ymin>
        </bndbox>
        <type>2</type>
        <direction>1</direction>
        <previous>0</previous>
    </vehicle>
    <vehicle>
        <id>21</id>
        <bndbox>
            <xmax>161</xmax>
            <xmin>153</xmin>
            <ymax>64</ymax>
            <ymin>58</ymin>
        </bndbox>
        <type>3</type>
        <direction>1</direction>
        <previous>0</previous>
    </vehicle>
</annotation>
