<annotation>
    <video>164-20160223-09.avi</video>
    <frame>000272</frame>
    <time>2016/02/23 11:18:26</time>
    <width>352</width>
    <height>240</height>
    <weather>1</weather>
    <facing>3</facing>
    <flow>2</flow>
    <vehicle>
        <id>1</id>
        <bndbox>
            <xmax>39</xmax>
            <xmin>0</xmin>
            <ymax>102</ymax>
            <ymin>79</ymin>
        </bndbox>
        <type>8</type>
        <direction>2</direction>
        <previous>1</previous>
    </vehicle>
    <vehicle>
        <id>2</id>
        <bndbox>
            <xmax>91</xmax>
            <xmin>46</xmin>
            <ymax>86</ymax>
            <ymin>63</ymin>
        </bndbox>
        <type>5</type>
        <direction>2</direction>
        <previous>2</previous>
    </vehicle>
    <vehicle>
        <id>3</id>
        <bndbox>
            <xmax>20</xmax>
            <xmin>0</xmin>
            <ymax>116</ymax>
            <ymin>97</ymin>
        </bndbox>
        <type>3</type>
        <direction>2</direction>
        <previous>0</previous>
    </vehicle>
    <vehicle>
        <id>4</id>
        <bndbox>
            <xmax>36</xmax>
            <xmin>19</xmin>
            <ymax>110</ymax>
            <ymin>92</ymin>
        </bndbox>
        <type>2</type>
        <direction>2</direction>
        <previous>0</previous>
    </vehicle>
    <vehicle>
        <id>5</id>
        <bndbox>
            <xmax>89</xmax>
            <xmin>15</xmin>
            <ymax>140</ymax>
            <ymin>77</ymin>
        </bndbox>
        <type>5</type>
        <direction>2</direction>
        <previous>0</previous>
    </vehicle>
    <vehicle>
        <id>6</id>
        <bndbox>
            <xmax>103</xmax>
            <xmin>76</xmin>
            <ymax>84</ymax>
            <ymin>65</ymin>
        </bndbox>
        <type>5</type>
        <direction>2</direction>
        <previous>0</previous>
    </vehicle>
    <vehicle>
        <id>7</id>
        <bndbox>
            <xmax>132</xmax>
            <xmin>104</xmin>
            <ymax>71</ymax>
            <ymin>52</ymin>
        </bndbox>
        <type>5</type>
        <direction>2</direction>
        <previous>0</previous>
    </vehicle>
    <vehicle>
        <id>8</id>
        <bndbox>
            <xmax>135</xmax>
            <xmin>125</xmin>
            <ymax>73</ymax>
            <ymin>66</ymin>
        </bndbox>
        <type>3</type>
        <direction>2</direction>
        <previous>0</previous>
    </vehicle>
    <vehicle>
        <id>9</id>
        <bndbox>
            <xmax>144</xmax>
            <xmin>138</xmin>
            <ymax>67</ymax>
            <ymin>59</ymin>
        </bndbox>
        <type>3</type>
        <direction>2</direction>
        <previous>0</previous>
    </vehicle>
    <vehicle>
        <id>10</id>
        <bndbox>
            <xmax>202</xmax>
            <xmin>1</xmin>
            <ymax>239</ymax>
            <ymin>162</ymin>
        </bndbox>
        <type>5</type>
        <direction>4</direction>
        <previous>0</previous>
    </vehicle>
    <vehicle>
        <id>11</id>
        <bndbox>
            <xmax>293</xmax>
            <xmin>121</xmin>
            <ymax>204</ymax>
            <ymin>128</ymin>
        </bndbox>
        <type>5</type>
        <direction>4</direction>
        <previous>0</previous>
    </vehicle>
    <vehicle>
        <id>12</id>
        <bndbox>
            <xmax>306</xmax>
            <xmin>205</xmin>
            <ymax>239</ymax>
            <ymin>199</ymin>
        </bndbox>
        <type>3</type>
        <direction>4</direction>
        <previous>0</previous>
    </vehicle>
    <vehicle>
        <id>13</id>
        <bndbox>
            <xmax>351</xmax>
            <xmin>336</xmin>
            <ymax>239</ymax>
            <ymin>160</ymin>
        </bndbox>
        <type>5</type>
        <direction>4</direction>
        <previous>0</previous>
    </vehicle>
    <vehicle>
        <id>14</id>
        <bndbox>
            <xmax>327</xmax>
            <xmin>275</xmin>
            <ymax>121</ymax>
            <ymin>98</ymin>
        </bndbox>
        <type>7</type>
        <direction>1</direction>
        <previous>0</previous>
    </vehicle>
    <vehicle>
        <id>15</id>
        <bndbox>
            <xmax>321</xmax>
            <xmin>270</xmin>
            <ymax>99</ymax>
            <ymin>78</ymin>
        </bndbox>
        <type>5</type>
        <direction>1</direction>
        <previous>0</previous>
    </vehicle>
    <vehicle>
        <id>16</id>
        <bndbox>
            <xmax>181</xmax>
            <xmin>165</xmin>
            <ymax>67</ymax>
            <ymin>55</ymin>
        </bndbox>
        <type>5</type>
        <direction>1</direction>
        <previous>0</previous>
    </vehicle>
    <vehicle>
        <id>17</id>
        <bndbox>
            <xmax>160</xmax>
            <xmin>152</xmin>
            <ymax>66</ymax>
            <ymin>60</ymin>
        </bndbox>
        <type>3</type>
        <direction>1</direction>
        <previous>0</previous>
    </vehicle>
</annotation>
