<annotation>
    <video>164-20160223-09.avi</video>
    <frame>000264</frame>
    <time>2016/02/23 11:15:16</time>
    <width>352</width>
    <height>240</height>
    <weather>1</weather>
    <facing>3</facing>
    <flow>2</flow>
    <vehicle>
        <id>1</id>
        <bndbox>
            <xmax>37</xmax>
            <xmin>0</xmin>
            <ymax>110</ymax>
            <ymin>77</ymin>
        </bndbox>
        <type>5</type>
        <direction>2</direction>
        <previous>0</previous>
    </vehicle>
    <vehicle>
        <id>2</id>
        <bndbox>
            <xmax>96</xmax>
            <xmin>45</xmin>
            <ymax>91</ymax>
            <ymin>61</ymin>
        </bndbox>
        <type>5</type>
        <direction>2</direction>
        <previous>0</previous>
    </vehicle>
    <vehicle>
        <id>3</id>
        <bndbox>
            <xmax>122</xmax>
            <xmin>108</xmin>
            <ymax>74</ymax>
            <ymin>61</ymin>
        </bndbox>
        <type>5</type>
        <direction>2</direction>
        <previous>0</previous>
    </vehicle>
    <vehicle>
        <id>4</id>
        <bndbox>
            <xmax>99</xmax>
            <xmin>39</xmin>
            <ymax>129</ymax>
            <ymin>73</ymin>
        </bndbox>
        <type>5</type>
        <direction>2</direction>
        <previous>0</previous>
    </vehicle>
    <vehicle>
        <id>5</id>
        <bndbox>
            <xmax>122</xmax>
            <xmin>108</xmin>
            <ymax>85</ymax>
            <ymin>74</ymin>
        </bndbox>
        <type>2</type>
        <direction>2</direction>
        <previous>0</previous>
    </vehicle>
    <vehicle>
        <id>6</id>
        <bndbox>
            <xmax>135</xmax>
            <xmin>126</xmin>
            <ymax>73</ymax>
            <ymin>65</ymin>
        </bndbox>
        <type>3</type>
        <direction>2</direction>
        <previous>0</previous>
    </vehicle>
    <vehicle>
        <id>7</id>
        <bndbox>
            <xmax>142</xmax>
            <xmin>133</xmin>
            <ymax>68</ymax>
            <ymin>60</ymin>
        </bndbox>
        <type>3</type>
        <direction>2</direction>
        <previous>0</previous>
    </vehicle>
    <vehicle>
        <id>8</id>
        <bndbox>
            <xmax>52</xmax>
            <xmin>28</xmin>
            <ymax>165</ymax>
            <ymin>138</ymin>
        </bndbox>
        <type>2</type>
        <direction>8</direction>
        <previous>0</previous>
    </vehicle>
    <vehicle>
        <id>9</id>
        <bndbox>
            <xmax>57</xmax>
            <xmin>0</xmin>
            <ymax>225</ymax>
            <ymin>154</ymin>
        </bndbox>
        <type>4</type>
        <direction>8</direction>
        <previous>0</previous>
    </vehicle>
    <vehicle>
        <id>10</id>
        <bndbox>
            <xmax>117</xmax>
            <xmin>41</xmin>
            <ymax>205</ymax>
            <ymin>158</ymin>
        </bndbox>
        <type>3</type>
        <direction>8</direction>
        <previous>0</previous>
    </vehicle>
    <vehicle>
        <id>11</id>
        <bndbox>
            <xmax>351</xmax>
            <xmin>176</xmin>
            <ymax>211</ymax>
            <ymin>142</ymin>
        </bndbox>
        <type>5</type>
        <direction>4</direction>
        <previous>0</previous>
    </vehicle>
    <vehicle>
        <id>12</id>
        <bndbox>
            <xmax>300</xmax>
            <xmin>168</xmin>
            <ymax>239</ymax>
            <ymin>215</ymin>
        </bndbox>
        <type>2</type>
        <direction>4</direction>
        <previous>0</previous>
    </vehicle>
    <vehicle>
        <id>13</id>
        <bndbox>
            <xmax>314</xmax>
            <xmin>271</xmin>
            <ymax>121</ymax>
            <ymin>102</ymin>
        </bndbox>
        <type>2</type>
        <direction>1</direction>
        <previous>0</previous>
    </vehicle>
    <vehicle>
        <id>14</id>
        <bndbox>
            <xmax>202</xmax>
            <xmin>185</xmin>
            <ymax>86</ymax>
            <ymin>74</ymin>
        </bndbox>
        <type>3</type>
        <direction>1</direction>
        <previous>0</previous>
    </vehicle>
</annotation>
