<annotation>
    <video>164-20160223-09.avi</video>
    <frame>000233</frame>
    <time>2016/02/23 11:02:57</time>
    <width>352</width>
    <height>240</height>
    <weather>1</weather>
    <facing>3</facing>
    <flow>1</flow>
    <vehicle>
        <id>1</id>
        <bndbox>
            <xmax>42</xmax>
            <xmin>27</xmin>
            <ymax>94</ymax>
            <ymin>82</ymin>
        </bndbox>
        <type>3</type>
        <direction>2</direction>
        <previous>0</previous>
    </vehicle>
    <vehicle>
        <id>2</id>
        <bndbox>
            <xmax>64</xmax>
            <xmin>49</xmin>
            <ymax>85</ymax>
            <ymin>74</ymin>
        </bndbox>
        <type>3</type>
        <direction>2</direction>
        <previous>0</previous>
    </vehicle>
    <vehicle>
        <id>3</id>
        <bndbox>
            <xmax>63</xmax>
            <xmin>49</xmin>
            <ymax>92</ymax>
            <ymin>80</ymin>
        </bndbox>
        <type>2</type>
        <direction>2</direction>
        <previous>0</previous>
    </vehicle>
    <vehicle>
        <id>4</id>
        <bndbox>
            <xmax>78</xmax>
            <xmin>67</xmin>
            <ymax>85</ymax>
            <ymin>76</ymin>
        </bndbox>
        <type>2</type>
        <direction>2</direction>
        <previous>0</previous>
    </vehicle>
    <vehicle>
        <id>5</id>
        <bndbox>
            <xmax>14</xmax>
            <xmin>0</xmin>
            <ymax>133</ymax>
            <ymin>114</ymin>
        </bndbox>
        <type>2</type>
        <direction>2</direction>
        <previous>0</previous>
    </vehicle>
    <vehicle>
        <id>6</id>
        <bndbox>
            <xmax>55</xmax>
            <xmin>33</xmin>
            <ymax>110</ymax>
            <ymin>96</ymin>
        </bndbox>
        <type>3</type>
        <direction>2</direction>
        <previous>0</previous>
    </vehicle>
    <vehicle>
        <id>7</id>
        <bndbox>
            <xmax>83</xmax>
            <xmin>63</xmin>
            <ymax>103</ymax>
            <ymin>81</ymin>
        </bndbox>
        <type>5</type>
        <direction>2</direction>
        <previous>0</previous>
    </vehicle>
    <vehicle>
        <id>8</id>
        <bndbox>
            <xmax>33</xmax>
            <xmin>1</xmin>
            <ymax>147</ymax>
            <ymin>119</ymin>
        </bndbox>
        <type>3</type>
        <direction>2</direction>
        <previous>0</previous>
    </vehicle>
    <vehicle>
        <id>9</id>
        <bndbox>
            <xmax>75</xmax>
            <xmin>41</xmin>
            <ymax>136</ymax>
            <ymin>107</ymin>
        </bndbox>
        <type>3</type>
        <direction>2</direction>
        <previous>0</previous>
    </vehicle>
    <vehicle>
        <id>10</id>
        <bndbox>
            <xmax>87</xmax>
            <xmin>68</xmin>
            <ymax>119</ymax>
            <ymin>103</ymin>
        </bndbox>
        <type>3</type>
        <direction>2</direction>
        <previous>0</previous>
    </vehicle>
    <vehicle>
        <id>11</id>
        <bndbox>
            <xmax>118</xmax>
            <xmin>81</xmin>
            <ymax>105</ymax>
            <ymin>76</ymin>
        </bndbox>
        <type>5</type>
        <direction>2</direction>
        <previous>0</previous>
    </vehicle>
    <vehicle>
        <id>12</id>
        <bndbox>
            <xmax>118</xmax>
            <xmin>105</xmin>
            <ymax>74</ymax>
            <ymin>62</ymin>
        </bndbox>
        <type>3</type>
        <direction>2</direction>
        <previous>0</previous>
    </vehicle>
    <vehicle>
        <id>13</id>
        <bndbox>
            <xmax>138</xmax>
            <xmin>126</xmin>
            <ymax>68</ymax>
            <ymin>56</ymin>
        </bndbox>
        <type>3</type>
        <direction>2</direction>
        <previous>0</previous>
    </vehicle>
    <vehicle>
        <id>14</id>
        <bndbox>
            <xmax>10</xmax>
            <xmin>0</xmin>
            <ymax>221</ymax>
            <ymin>177</ymin>
        </bndbox>
        <type>3</type>
        <direction>7</direction>
        <previous>0</previous>
    </vehicle>
    <vehicle>
        <id>15</id>
        <bndbox>
            <xmax>211</xmax>
            <xmin>76</xmin>
            <ymax>205</ymax>
            <ymin>153</ymin>
        </bndbox>
        <type>5</type>
        <direction>4</direction>
        <previous>0</previous>
    </vehicle>
    <vehicle>
        <id>16</id>
        <bndbox>
            <xmax>277</xmax>
            <xmin>174</xmin>
            <ymax>239</ymax>
            <ymin>200</ymin>
        </bndbox>
        <type>2</type>
        <direction>4</direction>
        <previous>0</previous>
    </vehicle>
    <vehicle>
        <id>17</id>
        <bndbox>
            <xmax>340</xmax>
            <xmin>272</xmin>
            <ymax>181</ymax>
            <ymin>140</ymin>
        </bndbox>
        <type>4</type>
        <direction>7</direction>
        <previous>0</previous>
    </vehicle>
    <vehicle>
        <id>18</id>
        <bndbox>
            <xmax>323</xmax>
            <xmin>293</xmin>
            <ymax>140</ymax>
            <ymin>117</ymin>
        </bndbox>
        <type>2</type>
        <direction>1</direction>
        <previous>0</previous>
    </vehicle>
    <vehicle>
        <id>19</id>
        <bndbox>
            <xmax>327</xmax>
            <xmin>292</xmin>
            <ymax>114</ymax>
            <ymin>98</ymin>
        </bndbox>
        <type>3</type>
        <direction>1</direction>
        <previous>0</previous>
    </vehicle>
    <vehicle>
        <id>20</id>
        <bndbox>
            <xmax>260</xmax>
            <xmin>233</xmin>
            <ymax>103</ymax>
            <ymin>90</ymin>
        </bndbox>
        <type>2</type>
        <direction>1</direction>
        <previous>0</previous>
    </vehicle>
    <vehicle>
        <id>21</id>
        <bndbox>
            <xmax>221</xmax>
            <xmin>174</xmin>
            <ymax>82</ymax>
            <ymin>59</ymin>
        </bndbox>
        <type>6</type>
        <direction>1</direction>
        <previous>0</previous>
    </vehicle>
    <vehicle>
        <id>22</id>
        <bndbox>
            <xmax>161</xmax>
            <xmin>153</xmin>
            <ymax>68</ymax>
            <ymin>60</ymin>
        </bndbox>
        <type>2</type>
        <direction>1</direction>
        <previous>0</previous>
    </vehicle>
    <passengers>
        <id>1</id>
        <bndbox>
            <xmax>219</xmax>
            <xmin>206</xmin>
            <ymax>168</ymax>
            <ymin>140</ymin>
        </bndbox>
    </passengers>
</annotation>
