<annotation>
    <video>164-20160223-09.avi</video>
    <frame>000205</frame>
    <time>2016/02/23 10:51:47</time>
    <width>352</width>
    <height>240</height>
    <weather>1</weather>
    <facing>3</facing>
    <flow>1</flow>
    <vehicle>
        <id>1</id>
        <bndbox>
            <xmax>48</xmax>
            <xmin>0</xmin>
            <ymax>148</ymax>
            <ymin>103</ymin>
        </bndbox>
        <type>4</type>
        <direction>2</direction>
        <previous>0</previous>
    </vehicle>
    <vehicle>
        <id>2</id>
        <bndbox>
            <xmax>60</xmax>
            <xmin>0</xmin>
            <ymax>198</ymax>
            <ymin>168</ymin>
        </bndbox>
        <type>3</type>
        <direction>4</direction>
        <previous>0</previous>
    </vehicle>
    <vehicle>
        <id>3</id>
        <bndbox>
            <xmax>322</xmax>
            <xmin>240</xmin>
            <ymax>179</ymax>
            <ymin>147</ymin>
        </bndbox>
        <type>3</type>
        <direction>4</direction>
        <previous>0</previous>
    </vehicle>
    <vehicle>
        <id>4</id>
        <bndbox>
            <xmax>351</xmax>
            <xmin>244</xmin>
            <ymax>239</ymax>
            <ymin>170</ymin>
        </bndbox>
        <type>5</type>
        <direction>4</direction>
        <previous>1</previous>
    </vehicle>
</annotation>
