<annotation>
    <video>164-20160223-09.avi</video>
    <frame>000207</frame>
    <time>2016/02/23 10:52:37</time>
    <width>352</width>
    <height>240</height>
    <weather>1</weather>
    <facing>3</facing>
    <flow>2</flow>
    <vehicle>
        <id>1</id>
        <bndbox>
            <xmax>10</xmax>
            <xmin>0</xmin>
            <ymax>188</ymax>
            <ymin>118</ymin>
        </bndbox>
        <type>8</type>
        <direction>8</direction>
        <previous>6</previous>
    </vehicle>
    <vehicle>
        <id>2</id>
        <bndbox>
            <xmax>47</xmax>
            <xmin>14</xmin>
            <ymax>134</ymax>
            <ymin>106</ymin>
        </bndbox>
        <type>7</type>
        <direction>2</direction>
        <previous>0</previous>
    </vehicle>
    <vehicle>
        <id>3</id>
        <bndbox>
            <xmax>65</xmax>
            <xmin>39</xmin>
            <ymax>138</ymax>
            <ymin>120</ymin>
        </bndbox>
        <type>3</type>
        <direction>2</direction>
        <previous>0</previous>
    </vehicle>
    <vehicle>
        <id>4</id>
        <bndbox>
            <xmax>83</xmax>
            <xmin>70</xmin>
            <ymax>99</ymax>
            <ymin>87</ymin>
        </bndbox>
        <type>2</type>
        <direction>2</direction>
        <previous>0</previous>
    </vehicle>
    <vehicle>
        <id>5</id>
        <bndbox>
            <xmax>110</xmax>
            <xmin>82</xmin>
            <ymax>104</ymax>
            <ymin>74</ymin>
        </bndbox>
        <type>4</type>
        <direction>2</direction>
        <previous>0</previous>
    </vehicle>
    <vehicle>
        <id>6</id>
        <bndbox>
            <xmax>122</xmax>
            <xmin>112</xmin>
            <ymax>82</ymax>
            <ymin>73</ymin>
        </bndbox>
        <type>3</type>
        <direction>2</direction>
        <previous>0</previous>
    </vehicle>
    <vehicle>
        <id>7</id>
        <bndbox>
            <xmax>166</xmax>
            <xmin>41</xmin>
            <ymax>201</ymax>
            <ymin>128</ymin>
        </bndbox>
        <type>5</type>
        <direction>8</direction>
        <previous>0</previous>
    </vehicle>
</annotation>
