<annotation>
    <video>164-20160223-09.avi</video>
    <frame>000296</frame>
    <time>2016/02/23 11:28:00</time>
    <width>352</width>
    <height>240</height>
    <weather>1</weather>
    <facing>3</facing>
    <flow>1</flow>
    <vehicle>
        <id>1</id>
        <bndbox>
            <xmax>16</xmax>
            <xmin>1</xmin>
            <ymax>107</ymax>
            <ymin>82</ymin>
        </bndbox>
        <type>6</type>
        <direction>2</direction>
        <previous>0</previous>
    </vehicle>
    <vehicle>
        <id>2</id>
        <bndbox>
            <xmax>59</xmax>
            <xmin>15</xmin>
            <ymax>100</ymax>
            <ymin>76</ymin>
        </bndbox>
        <type>8</type>
        <direction>2</direction>
        <previous>0</previous>
    </vehicle>
    <vehicle>
        <id>3</id>
        <bndbox>
            <xmax>84</xmax>
            <xmin>47</xmin>
            <ymax>80</ymax>
            <ymin>66</ymin>
        </bndbox>
        <type>8</type>
        <direction>2</direction>
        <previous>0</previous>
    </vehicle>
    <vehicle>
        <id>4</id>
        <bndbox>
            <xmax>19</xmax>
            <xmin>0</xmin>
            <ymax>155</ymax>
            <ymin>128</ymin>
        </bndbox>
        <type>3</type>
        <direction>2</direction>
        <previous>0</previous>
    </vehicle>
    <vehicle>
        <id>5</id>
        <bndbox>
            <xmax>37</xmax>
            <xmin>11</xmin>
            <ymax>132</ymax>
            <ymin>112</ymin>
        </bndbox>
        <type>2</type>
        <direction>2</direction>
        <previous>0</previous>
    </vehicle>
    <vehicle>
        <id>6</id>
        <bndbox>
            <xmax>52</xmax>
            <xmin>30</xmin>
            <ymax>111</ymax>
            <ymin>97</ymin>
        </bndbox>
        <type>2</type>
        <direction>2</direction>
        <previous>0</previous>
    </vehicle>
    <vehicle>
        <id>7</id>
        <bndbox>
            <xmax>62</xmax>
            <xmin>25</xmin>
            <ymax>148</ymax>
            <ymin>110</ymin>
        </bndbox>
        <type>4</type>
        <direction>2</direction>
        <previous>8</previous>
    </vehicle>
    <vehicle>
        <id>8</id>
        <bndbox>
            <xmax>111</xmax>
            <xmin>55</xmin>
            <ymax>122</ymax>
            <ymin>70</ymin>
        </bndbox>
        <type>6</type>
        <direction>2</direction>
        <previous>9</previous>
    </vehicle>
    <vehicle>
        <id>9</id>
        <bndbox>
            <xmax>123</xmax>
            <xmin>114</xmin>
            <ymax>82</ymax>
            <ymin>70</ymin>
        </bndbox>
        <type>1</type>
        <direction>2</direction>
        <previous>0</previous>
    </vehicle>
    <vehicle>
        <id>10</id>
        <bndbox>
            <xmax>131</xmax>
            <xmin>121</xmin>
            <ymax>76</ymax>
            <ymin>66</ymin>
        </bndbox>
        <type>3</type>
        <direction>2</direction>
        <previous>0</previous>
    </vehicle>
    <vehicle>
        <id>11</id>
        <bndbox>
            <xmax>137</xmax>
            <xmin>129</xmin>
            <ymax>71</ymax>
            <ymin>65</ymin>
        </bndbox>
        <type>2</type>
        <direction>2</direction>
        <previous>0</previous>
    </vehicle>
    <vehicle>
        <id>12</id>
        <bndbox>
            <xmax>141</xmax>
            <xmin>132</xmin>
            <ymax>67</ymax>
            <ymin>59</ymin>
        </bndbox>
        <type>3</type>
        <direction>2</direction>
        <previous>0</previous>
    </vehicle>
    <vehicle>
        <id>13</id>
        <bndbox>
            <xmax>54</xmax>
            <xmin>0</xmin>
            <ymax>197</ymax>
            <ymin>167</ymin>
        </bndbox>
        <type>3</type>
        <direction>4</direction>
        <previous>0</previous>
    </vehicle>
    <vehicle>
        <id>14</id>
        <bndbox>
            <xmax>45</xmax>
            <xmin>0</xmin>
            <ymax>232</ymax>
            <ymin>194</ymin>
        </bndbox>
        <type>1</type>
        <direction>4</direction>
        <previous>0</previous>
    </vehicle>
    <vehicle>
        <id>15</id>
        <bndbox>
            <xmax>212</xmax>
            <xmin>141</xmin>
            <ymax>193</ymax>
            <ymin>160</ymin>
        </bndbox>
        <type>3</type>
        <direction>4</direction>
        <previous>0</previous>
    </vehicle>
    <vehicle>
        <id>16</id>
        <bndbox>
            <xmax>229</xmax>
            <xmin>123</xmin>
            <ymax>236</ymax>
            <ymin>192</ymin>
        </bndbox>
        <type>2</type>
        <direction>4</direction>
        <previous>0</previous>
    </vehicle>
    <vehicle>
        <id>17</id>
        <bndbox>
            <xmax>231</xmax>
            <xmin>129</xmin>
            <ymax>239</ymax>
            <ymin>228</ymin>
        </bndbox>
        <type>3</type>
        <direction>4</direction>
        <previous>0</previous>
    </vehicle>
    <vehicle>
        <id>18</id>
        <bndbox>
            <xmax>329</xmax>
            <xmin>277</xmin>
            <ymax>165</ymax>
            <ymin>127</ymin>
        </bndbox>
        <type>7</type>
        <direction>7</direction>
        <previous>0</previous>
    </vehicle>
    <vehicle>
        <id>19</id>
        <bndbox>
            <xmax>310</xmax>
            <xmin>275</xmin>
            <ymax>126</ymax>
            <ymin>107</ymin>
        </bndbox>
        <type>4</type>
        <direction>1</direction>
        <previous>0</previous>
    </vehicle>
    <vehicle>
        <id>20</id>
        <bndbox>
            <xmax>310</xmax>
            <xmin>279</xmin>
            <ymax>111</ymax>
            <ymin>95</ymin>
        </bndbox>
        <type>2</type>
        <direction>1</direction>
        <previous>0</previous>
    </vehicle>
    <vehicle>
        <id>21</id>
        <bndbox>
            <xmax>258</xmax>
            <xmin>228</xmin>
            <ymax>105</ymax>
            <ymin>90</ymin>
        </bndbox>
        <type>3</type>
        <direction>1</direction>
        <previous>0</previous>
    </vehicle>
    <vehicle>
        <id>22</id>
        <bndbox>
            <xmax>266</xmax>
            <xmin>227</xmin>
            <ymax>93</ymax>
            <ymin>72</ymin>
        </bndbox>
        <type>6</type>
        <direction>1</direction>
        <previous>0</previous>
    </vehicle>
    <vehicle>
        <id>23</id>
        <bndbox>
            <xmax>163</xmax>
            <xmin>156</xmin>
            <ymax>67</ymax>
            <ymin>58</ymin>
        </bndbox>
        <type>2</type>
        <direction>1</direction>
        <previous>0</previous>
    </vehicle>
</annotation>
