<annotation>
    <video>164-20160223-09.avi</video>
    <frame>000220</frame>
    <time>2016/02/23 10:57:49</time>
    <width>352</width>
    <height>240</height>
    <weather>1</weather>
    <facing>3</facing>
    <flow>1</flow>
    <vehicle>
        <id>1</id>
        <bndbox>
            <xmax>42</xmax>
            <xmin>12</xmin>
            <ymax>100</ymax>
            <ymin>78</ymin>
        </bndbox>
        <type>5</type>
        <direction>2</direction>
        <previous>0</previous>
    </vehicle>
    <vehicle>
        <id>2</id>
        <bndbox>
            <xmax>21</xmax>
            <xmin>1</xmin>
            <ymax>154</ymax>
            <ymin>126</ymin>
        </bndbox>
        <type>2</type>
        <direction>2</direction>
        <previous>0</previous>
    </vehicle>
    <vehicle>
        <id>3</id>
        <bndbox>
            <xmax>56</xmax>
            <xmin>29</xmin>
            <ymax>112</ymax>
            <ymin>94</ymin>
        </bndbox>
        <type>2</type>
        <direction>2</direction>
        <previous>0</previous>
    </vehicle>
    <vehicle>
        <id>4</id>
        <bndbox>
            <xmax>30</xmax>
            <xmin>19</xmin>
            <ymax>132</ymax>
            <ymin>116</ymin>
        </bndbox>
        <type>3</type>
        <direction>2</direction>
        <previous>0</previous>
    </vehicle>
    <vehicle>
        <id>5</id>
        <bndbox>
            <xmax>70</xmax>
            <xmin>26</xmin>
            <ymax>149</ymax>
            <ymin>101</ymin>
        </bndbox>
        <type>3</type>
        <direction>2</direction>
        <previous>0</previous>
    </vehicle>
    <vehicle>
        <id>6</id>
        <bndbox>
            <xmax>87</xmax>
            <xmin>69</xmin>
            <ymax>115</ymax>
            <ymin>98</ymin>
        </bndbox>
        <type>2</type>
        <direction>2</direction>
        <previous>0</previous>
    </vehicle>
    <vehicle>
        <id>7</id>
        <bndbox>
            <xmax>275</xmax>
            <xmin>154</xmin>
            <ymax>190</ymax>
            <ymin>130</ymin>
        </bndbox>
        <type>5</type>
        <direction>4</direction>
        <previous>0</previous>
    </vehicle>
    <vehicle>
        <id>8</id>
        <bndbox>
            <xmax>265</xmax>
            <xmin>180</xmin>
            <ymax>227</ymax>
            <ymin>187</ymin>
        </bndbox>
        <type>3</type>
        <direction>4</direction>
        <previous>0</previous>
    </vehicle>
    <vehicle>
        <id>9</id>
        <bndbox>
            <xmax>314</xmax>
            <xmin>283</xmin>
            <ymax>132</ymax>
            <ymin>110</ymin>
        </bndbox>
        <type>3</type>
        <direction>1</direction>
        <previous>0</previous>
    </vehicle>
</annotation>
