<annotation>
    <video>164-20160223-09.avi</video>
    <frame>000257</frame>
    <time>2016/02/23 11:12:29</time>
    <width>352</width>
    <height>240</height>
    <weather>1</weather>
    <facing>3</facing>
    <flow>1</flow>
    <vehicle>
        <id>1</id>
        <bndbox>
            <xmax>20</xmax>
            <xmin>0</xmin>
            <ymax>110</ymax>
            <ymin>87</ymin>
        </bndbox>
        <type>5</type>
        <direction>2</direction>
        <previous>0</previous>
    </vehicle>
    <vehicle>
        <id>2</id>
        <bndbox>
            <xmax>50</xmax>
            <xmin>29</xmin>
            <ymax>92</ymax>
            <ymin>79</ymin>
        </bndbox>
        <type>4</type>
        <direction>2</direction>
        <previous>0</previous>
    </vehicle>
    <vehicle>
        <id>3</id>
        <bndbox>
            <xmax>39</xmax>
            <xmin>17</xmin>
            <ymax>106</ymax>
            <ymin>94</ymin>
        </bndbox>
        <type>1</type>
        <direction>2</direction>
        <previous>0</previous>
    </vehicle>
    <vehicle>
        <id>4</id>
        <bndbox>
            <xmax>75</xmax>
            <xmin>31</xmin>
            <ymax>119</ymax>
            <ymin>88</ymin>
        </bndbox>
        <type>5</type>
        <direction>2</direction>
        <previous>0</previous>
    </vehicle>
    <vehicle>
        <id>5</id>
        <bndbox>
            <xmax>89</xmax>
            <xmin>76</xmin>
            <ymax>84</ymax>
            <ymin>76</ymin>
        </bndbox>
        <type>2</type>
        <direction>2</direction>
        <previous>0</previous>
    </vehicle>
    <vehicle>
        <id>6</id>
        <bndbox>
            <xmax>105</xmax>
            <xmin>88</xmin>
            <ymax>89</ymax>
            <ymin>75</ymin>
        </bndbox>
        <type>3</type>
        <direction>2</direction>
        <previous>0</previous>
    </vehicle>
    <vehicle>
        <id>7</id>
        <bndbox>
            <xmax>112</xmax>
            <xmin>103</xmin>
            <ymax>82</ymax>
            <ymin>75</ymin>
        </bndbox>
        <type>2</type>
        <direction>2</direction>
        <previous>0</previous>
    </vehicle>
    <vehicle>
        <id>8</id>
        <bndbox>
            <xmax>115</xmax>
            <xmin>97</xmin>
            <ymax>73</ymax>
            <ymin>58</ymin>
        </bndbox>
        <type>5</type>
        <direction>2</direction>
        <previous>0</previous>
    </vehicle>
    <vehicle>
        <id>9</id>
        <bndbox>
            <xmax>131</xmax>
            <xmin>114</xmin>
            <ymax>73</ymax>
            <ymin>59</ymin>
        </bndbox>
        <type>5</type>
        <direction>2</direction>
        <previous>0</previous>
    </vehicle>
    <vehicle>
        <id>10</id>
        <bndbox>
            <xmax>62</xmax>
            <xmin>28</xmin>
            <ymax>144</ymax>
            <ymin>109</ymin>
        </bndbox>
        <type>4</type>
        <direction>2</direction>
        <previous>0</previous>
    </vehicle>
    <vehicle>
        <id>11</id>
        <bndbox>
            <xmax>81</xmax>
            <xmin>59</xmin>
            <ymax>124</ymax>
            <ymin>105</ymin>
        </bndbox>
        <type>3</type>
        <direction>2</direction>
        <previous>0</previous>
    </vehicle>
    <vehicle>
        <id>12</id>
        <bndbox>
            <xmax>97</xmax>
            <xmin>80</xmin>
            <ymax>109</ymax>
            <ymin>93</ymin>
        </bndbox>
        <type>3</type>
        <direction>2</direction>
        <previous>0</previous>
    </vehicle>
    <vehicle>
        <id>13</id>
        <bndbox>
            <xmax>143</xmax>
            <xmin>135</xmin>
            <ymax>68</ymax>
            <ymin>58</ymin>
        </bndbox>
        <type>2</type>
        <direction>2</direction>
        <previous>0</previous>
    </vehicle>
    <vehicle>
        <id>14</id>
        <bndbox>
            <xmax>207</xmax>
            <xmin>0</xmin>
            <ymax>239</ymax>
            <ymin>111</ymin>
        </bndbox>
        <type>5</type>
        <direction>8</direction>
        <previous>0</previous>
    </vehicle>
    <vehicle>
        <id>15</id>
        <bndbox>
            <xmax>266</xmax>
            <xmin>167</xmin>
            <ymax>230</ymax>
            <ymin>181</ymin>
        </bndbox>
        <type>3</type>
        <direction>8</direction>
        <previous>0</previous>
    </vehicle>
    <vehicle>
        <id>16</id>
        <bndbox>
            <xmax>351</xmax>
            <xmin>300</xmin>
            <ymax>237</ymax>
            <ymin>190</ymin>
        </bndbox>
        <type>1</type>
        <direction>4</direction>
        <previous>0</previous>
    </vehicle>
    <vehicle>
        <id>17</id>
        <bndbox>
            <xmax>314</xmax>
            <xmin>278</xmin>
            <ymax>108</ymax>
            <ymin>95</ymin>
        </bndbox>
        <type>2</type>
        <direction>1</direction>
        <previous>0</previous>
    </vehicle>
    <vehicle>
        <id>18</id>
        <bndbox>
            <xmax>262</xmax>
            <xmin>232</xmin>
            <ymax>107</ymax>
            <ymin>89</ymin>
        </bndbox>
        <type>2</type>
        <direction>1</direction>
        <previous>0</previous>
    </vehicle>
    <vehicle>
        <id>19</id>
        <bndbox>
            <xmax>191</xmax>
            <xmin>174</xmin>
            <ymax>81</ymax>
            <ymin>69</ymin>
        </bndbox>
        <type>2</type>
        <direction>1</direction>
        <previous>0</previous>
    </vehicle>
    <vehicle>
        <id>20</id>
        <bndbox>
            <xmax>164</xmax>
            <xmin>154</xmin>
            <ymax>71</ymax>
            <ymin>60</ymin>
        </bndbox>
        <type>3</type>
        <direction>1</direction>
        <previous>0</previous>
    </vehicle>
</annotation>
