<annotation>
    <video>164-20160223-09.avi</video>
    <frame>000225</frame>
    <time>2016/02/23 10:59:48</time>
    <width>352</width>
    <height>240</height>
    <weather>1</weather>
    <facing>3</facing>
    <flow>1</flow>
    <vehicle>
        <id>1</id>
        <bndbox>
            <xmax>21</xmax>
            <xmin>0</xmin>
            <ymax>130</ymax>
            <ymin>98</ymin>
        </bndbox>
        <type>5</type>
        <direction>2</direction>
        <previous>1</previous>
    </vehicle>
    <vehicle>
        <id>2</id>
        <bndbox>
            <xmax>39</xmax>
            <xmin>25</xmin>
            <ymax>101</ymax>
            <ymin>86</ymin>
        </bndbox>
        <type>2</type>
        <direction>2</direction>
        <previous>2</previous>
    </vehicle>
    <vehicle>
        <id>3</id>
        <bndbox>
            <xmax>42</xmax>
            <xmin>23</xmin>
            <ymax>117</ymax>
            <ymin>102</ymin>
        </bndbox>
        <type>3</type>
        <direction>2</direction>
        <previous>4</previous>
    </vehicle>
    <vehicle>
        <id>4</id>
        <bndbox>
            <xmax>67</xmax>
            <xmin>37</xmin>
            <ymax>104</ymax>
            <ymin>78</ymin>
        </bndbox>
        <type>5</type>
        <direction>2</direction>
        <previous>3</previous>
    </vehicle>
    <vehicle>
        <id>5</id>
        <bndbox>
            <xmax>87</xmax>
            <xmin>64</xmin>
            <ymax>89</ymax>
            <ymin>66</ymin>
        </bndbox>
        <type>3</type>
        <direction>2</direction>
        <previous>11</previous>
    </vehicle>
    <vehicle>
        <id>6</id>
        <bndbox>
            <xmax>19</xmax>
            <xmin>0</xmin>
            <ymax>155</ymax>
            <ymin>132</ymin>
        </bndbox>
        <type>1</type>
        <direction>2</direction>
        <previous>5</previous>
    </vehicle>
    <vehicle>
        <id>7</id>
        <bndbox>
            <xmax>44</xmax>
            <xmin>19</xmin>
            <ymax>131</ymax>
            <ymin>110</ymin>
        </bndbox>
        <type>2</type>
        <direction>2</direction>
        <previous>6</previous>
    </vehicle>
    <vehicle>
        <id>8</id>
        <bndbox>
            <xmax>73</xmax>
            <xmin>46</xmin>
            <ymax>115</ymax>
            <ymin>100</ymin>
        </bndbox>
        <type>3</type>
        <direction>2</direction>
        <previous>0</previous>
    </vehicle>
    <vehicle>
        <id>9</id>
        <bndbox>
            <xmax>90</xmax>
            <xmin>77</xmin>
            <ymax>94</ymax>
            <ymin>82</ymin>
        </bndbox>
        <type>2</type>
        <direction>2</direction>
        <previous>0</previous>
    </vehicle>
    <vehicle>
        <id>10</id>
        <bndbox>
            <xmax>59</xmax>
            <xmin>27</xmin>
            <ymax>152</ymax>
            <ymin>121</ymin>
        </bndbox>
        <type>3</type>
        <direction>2</direction>
        <previous>7</previous>
    </vehicle>
    <vehicle>
        <id>11</id>
        <bndbox>
            <xmax>74</xmax>
            <xmin>48</xmin>
            <ymax>130</ymax>
            <ymin>108</ymin>
        </bndbox>
        <type>2</type>
        <direction>2</direction>
        <previous>8</previous>
    </vehicle>
    <vehicle>
        <id>12</id>
        <bndbox>
            <xmax>95</xmax>
            <xmin>71</xmin>
            <ymax>114</ymax>
            <ymin>93</ymin>
        </bndbox>
        <type>3</type>
        <direction>2</direction>
        <previous>9</previous>
    </vehicle>
    <vehicle>
        <id>13</id>
        <bndbox>
            <xmax>109</xmax>
            <xmin>88</xmin>
            <ymax>98</ymax>
            <ymin>75</ymin>
        </bndbox>
        <type>5</type>
        <direction>2</direction>
        <previous>12</previous>
    </vehicle>
    <vehicle>
        <id>14</id>
        <bndbox>
            <xmax>124</xmax>
            <xmin>110</xmin>
            <ymax>86</ymax>
            <ymin>73</ymin>
        </bndbox>
        <type>3</type>
        <direction>2</direction>
        <previous>0</previous>
    </vehicle>
    <vehicle>
        <id>15</id>
        <bndbox>
            <xmax>120</xmax>
            <xmin>110</xmin>
            <ymax>69</ymax>
            <ymin>63</ymin>
        </bndbox>
        <type>3</type>
        <direction>2</direction>
        <previous>0</previous>
    </vehicle>
    <vehicle>
        <id>16</id>
        <bndbox>
            <xmax>137</xmax>
            <xmin>129</xmin>
            <ymax>65</ymax>
            <ymin>59</ymin>
        </bndbox>
        <type>3</type>
        <direction>2</direction>
        <previous>0</previous>
    </vehicle>
    <vehicle>
        <id>17</id>
        <bndbox>
            <xmax>38</xmax>
            <xmin>0</xmin>
            <ymax>194</ymax>
            <ymin>166</ymin>
        </bndbox>
        <type>3</type>
        <direction>4</direction>
        <previous>0</previous>
    </vehicle>
    <vehicle>
        <id>18</id>
        <bndbox>
            <xmax>196</xmax>
            <xmin>92</xmin>
            <ymax>238</ymax>
            <ymin>200</ymin>
        </bndbox>
        <type>3</type>
        <direction>4</direction>
        <previous>0</previous>
    </vehicle>
    <vehicle>
        <id>19</id>
        <bndbox>
            <xmax>223</xmax>
            <xmin>138</xmin>
            <ymax>202</ymax>
            <ymin>168</ymin>
        </bndbox>
        <type>2</type>
        <direction>4</direction>
        <previous>0</previous>
    </vehicle>
    <vehicle>
        <id>20</id>
        <bndbox>
            <xmax>317</xmax>
            <xmin>263</xmin>
            <ymax>172</ymax>
            <ymin>142</ymin>
        </bndbox>
        <type>2</type>
        <direction>7</direction>
        <previous>0</previous>
    </vehicle>
    <vehicle>
        <id>21</id>
        <bndbox>
            <xmax>317</xmax>
            <xmin>291</xmin>
            <ymax>138</ymax>
            <ymin>117</ymin>
        </bndbox>
        <type>1</type>
        <direction>1</direction>
        <previous>0</previous>
    </vehicle>
    <vehicle>
        <id>22</id>
        <bndbox>
            <xmax>351</xmax>
            <xmin>326</xmin>
            <ymax>124</ymax>
            <ymin>106</ymin>
        </bndbox>
        <type>3</type>
        <direction>1</direction>
        <previous>0</previous>
    </vehicle>
    <vehicle>
        <id>23</id>
        <bndbox>
            <xmax>245</xmax>
            <xmin>214</xmin>
            <ymax>101</ymax>
            <ymin>83</ymin>
        </bndbox>
        <type>7</type>
        <direction>1</direction>
        <previous>0</previous>
    </vehicle>
    <vehicle>
        <id>24</id>
        <bndbox>
            <xmax>274</xmax>
            <xmin>247</xmin>
            <ymax>97</ymax>
            <ymin>84</ymin>
        </bndbox>
        <type>2</type>
        <direction>1</direction>
        <previous>0</previous>
    </vehicle>
    <vehicle>
        <id>25</id>
        <bndbox>
            <xmax>192</xmax>
            <xmin>177</xmin>
            <ymax>82</ymax>
            <ymin>72</ymin>
        </bndbox>
        <type>2</type>
        <direction>1</direction>
        <previous>0</previous>
    </vehicle>
    <vehicle>
        <id>26</id>
        <bndbox>
            <xmax>183</xmax>
            <xmin>174</xmin>
            <ymax>71</ymax>
            <ymin>64</ymin>
        </bndbox>
        <type>2</type>
        <direction>1</direction>
        <previous>0</previous>
    </vehicle>
    <vehicle>
        <id>27</id>
        <bndbox>
            <xmax>168</xmax>
            <xmin>160</xmin>
            <ymax>72</ymax>
            <ymin>65</ymin>
        </bndbox>
        <type>3</type>
        <direction>1</direction>
        <previous>0</previous>
    </vehicle>
    <vehicle>
        <id>28</id>
        <bndbox>
            <xmax>162</xmax>
            <xmin>153</xmin>
            <ymax>66</ymax>
            <ymin>58</ymin>
        </bndbox>
        <type>2</type>
        <direction>1</direction>
        <previous>0</previous>
    </vehicle>
</annotation>
