<annotation>
    <video>164-20160223-09.avi</video>
    <frame>000336</frame>
    <time>2016/02/23 11:43:59</time>
    <width>352</width>
    <height>240</height>
    <weather>1</weather>
    <facing>3</facing>
    <flow>2</flow>
    <vehicle>
        <id>1</id>
        <bndbox>
            <xmax>35</xmax>
            <xmin>0</xmin>
            <ymax>115</ymax>
            <ymin>76</ymin>
        </bndbox>
        <type>5</type>
        <direction>2</direction>
        <previous>2</previous>
    </vehicle>
    <vehicle>
        <id>2</id>
        <bndbox>
            <xmax>56</xmax>
            <xmin>37</xmin>
            <ymax>92</ymax>
            <ymin>82</ymin>
        </bndbox>
        <type>2</type>
        <direction>2</direction>
        <previous>0</previous>
    </vehicle>
    <vehicle>
        <id>3</id>
        <bndbox>
            <xmax>63</xmax>
            <xmin>43</xmin>
            <ymax>98</ymax>
            <ymin>85</ymin>
        </bndbox>
        <type>2</type>
        <direction>2</direction>
        <previous>0</previous>
    </vehicle>
    <vehicle>
        <id>4</id>
        <bndbox>
            <xmax>74</xmax>
            <xmin>58</xmin>
            <ymax>88</ymax>
            <ymin>79</ymin>
        </bndbox>
        <type>1</type>
        <direction>2</direction>
        <previous>0</previous>
    </vehicle>
    <vehicle>
        <id>5</id>
        <bndbox>
            <xmax>92</xmax>
            <xmin>61</xmin>
            <ymax>81</ymax>
            <ymin>64</ymin>
        </bndbox>
        <type>6</type>
        <direction>2</direction>
        <previous>5</previous>
    </vehicle>
    <vehicle>
        <id>6</id>
        <bndbox>
            <xmax>113</xmax>
            <xmin>102</xmin>
            <ymax>72</ymax>
            <ymin>66</ymin>
        </bndbox>
        <type>0</type>
        <direction>2</direction>
        <previous>0</previous>
    </vehicle>
    <vehicle>
        <id>7</id>
        <bndbox>
            <xmax>123</xmax>
            <xmin>114</xmin>
            <ymax>69</ymax>
            <ymin>62</ymin>
        </bndbox>
        <type>0</type>
        <direction>2</direction>
        <previous>0</previous>
    </vehicle>
    <vehicle>
        <id>8</id>
        <bndbox>
            <xmax>135</xmax>
            <xmin>125</xmin>
            <ymax>66</ymax>
            <ymin>58</ymin>
        </bndbox>
        <type>3</type>
        <direction>2</direction>
        <previous>0</previous>
    </vehicle>
    <vehicle>
        <id>9</id>
        <bndbox>
            <xmax>72</xmax>
            <xmin>1</xmin>
            <ymax>193</ymax>
            <ymin>107</ymin>
        </bndbox>
        <type>6</type>
        <direction>2</direction>
        <previous>0</previous>
    </vehicle>
    <vehicle>
        <id>10</id>
        <bndbox>
            <xmax>82</xmax>
            <xmin>61</xmin>
            <ymax>105</ymax>
            <ymin>92</ymin>
        </bndbox>
        <type>3</type>
        <direction>2</direction>
        <previous>0</previous>
    </vehicle>
    <vehicle>
        <id>11</id>
        <bndbox>
            <xmax>86</xmax>
            <xmin>73</xmin>
            <ymax>95</ymax>
            <ymin>83</ymin>
        </bndbox>
        <type>3</type>
        <direction>2</direction>
        <previous>0</previous>
    </vehicle>
    <vehicle>
        <id>12</id>
        <bndbox>
            <xmax>38</xmax>
            <xmin>0</xmin>
            <ymax>239</ymax>
            <ymin>198</ymin>
        </bndbox>
        <type>2</type>
        <direction>8</direction>
        <previous>0</previous>
    </vehicle>
    <vehicle>
        <id>13</id>
        <bndbox>
            <xmax>143</xmax>
            <xmin>15</xmin>
            <ymax>239</ymax>
            <ymin>222</ymin>
        </bndbox>
        <type>4</type>
        <direction>4</direction>
        <previous>0</previous>
    </vehicle>
    <vehicle>
        <id>14</id>
        <bndbox>
            <xmax>265</xmax>
            <xmin>171</xmin>
            <ymax>228</ymax>
            <ymin>190</ymin>
        </bndbox>
        <type>2</type>
        <direction>4</direction>
        <previous>0</previous>
    </vehicle>
    <vehicle>
        <id>15</id>
        <bndbox>
            <xmax>311</xmax>
            <xmin>178</xmin>
            <ymax>239</ymax>
            <ymin>217</ymin>
        </bndbox>
        <type>2</type>
        <direction>4</direction>
        <previous>0</previous>
    </vehicle>
    <vehicle>
        <id>16</id>
        <bndbox>
            <xmax>351</xmax>
            <xmin>317</xmin>
            <ymax>228</ymax>
            <ymin>186</ymin>
        </bndbox>
        <type>2</type>
        <direction>4</direction>
        <previous>0</previous>
    </vehicle>
    <vehicle>
        <id>17</id>
        <bndbox>
            <xmax>213</xmax>
            <xmin>194</xmin>
            <ymax>83</ymax>
            <ymin>69</ymin>
        </bndbox>
        <type>5</type>
        <direction>1</direction>
        <previous>0</previous>
    </vehicle>
    <vehicle>
        <id>18</id>
        <bndbox>
            <xmax>180</xmax>
            <xmin>165</xmin>
            <ymax>68</ymax>
            <ymin>55</ymin>
        </bndbox>
        <type>6</type>
        <direction>1</direction>
        <previous>0</previous>
    </vehicle>
    <vehicle>
        <id>19</id>
        <bndbox>
            <xmax>167</xmax>
            <xmin>161</xmin>
            <ymax>71</ymax>
            <ymin>63</ymin>
        </bndbox>
        <type>3</type>
        <direction>1</direction>
        <previous>0</previous>
    </vehicle>
    <vehicle>
        <id>20</id>
        <bndbox>
            <xmax>160</xmax>
            <xmin>153</xmin>
            <ymax>68</ymax>
            <ymin>60</ymin>
        </bndbox>
        <type>2</type>
        <direction>1</direction>
        <previous>0</previous>
    </vehicle>
</annotation>
