<annotation>
    <video>164-20160223-09.avi</video>
    <frame>000327</frame>
    <time>2016/02/23 11:40:22</time>
    <width>352</width>
    <height>240</height>
    <weather>1</weather>
    <facing>3</facing>
    <flow>1</flow>
    <vehicle>
        <id>1</id>
        <bndbox>
            <xmax>19</xmax>
            <xmin>0</xmin>
            <ymax>125</ymax>
            <ymin>95</ymin>
        </bndbox>
        <type>6</type>
        <direction>2</direction>
        <previous>1</previous>
    </vehicle>
    <vehicle>
        <id>2</id>
        <bndbox>
            <xmax>41</xmax>
            <xmin>2</xmin>
            <ymax>108</ymax>
            <ymin>85</ymin>
        </bndbox>
        <type>6</type>
        <direction>2</direction>
        <previous>2</previous>
    </vehicle>
    <vehicle>
        <id>3</id>
        <bndbox>
            <xmax>87</xmax>
            <xmin>47</xmin>
            <ymax>85</ymax>
            <ymin>68</ymin>
        </bndbox>
        <type>5</type>
        <direction>2</direction>
        <previous>3</previous>
    </vehicle>
    <vehicle>
        <id>4</id>
        <bndbox>
            <xmax>13</xmax>
            <xmin>0</xmin>
            <ymax>150</ymax>
            <ymin>128</ymin>
        </bndbox>
        <type>2</type>
        <direction>2</direction>
        <previous>4</previous>
    </vehicle>
    <vehicle>
        <id>5</id>
        <bndbox>
            <xmax>34</xmax>
            <xmin>15</xmin>
            <ymax>122</ymax>
            <ymin>106</ymin>
        </bndbox>
        <type>2</type>
        <direction>2</direction>
        <previous>5</previous>
    </vehicle>
    <vehicle>
        <id>6</id>
        <bndbox>
            <xmax>53</xmax>
            <xmin>32</xmin>
            <ymax>111</ymax>
            <ymin>93</ymin>
        </bndbox>
        <type>7</type>
        <direction>2</direction>
        <previous>6</previous>
    </vehicle>
    <vehicle>
        <id>7</id>
        <bndbox>
            <xmax>54</xmax>
            <xmin>14</xmin>
            <ymax>155</ymax>
            <ymin>114</ymin>
        </bndbox>
        <type>7</type>
        <direction>2</direction>
        <previous>7</previous>
    </vehicle>
    <vehicle>
        <id>8</id>
        <bndbox>
            <xmax>70</xmax>
            <xmin>45</xmin>
            <ymax>111</ymax>
            <ymin>91</ymin>
        </bndbox>
        <type>2</type>
        <direction>2</direction>
        <previous>8</previous>
    </vehicle>
    <vehicle>
        <id>9</id>
        <bndbox>
            <xmax>77</xmax>
            <xmin>55</xmin>
            <ymax>123</ymax>
            <ymin>107</ymin>
        </bndbox>
        <type>1</type>
        <direction>2</direction>
        <previous>9</previous>
    </vehicle>
    <vehicle>
        <id>10</id>
        <bndbox>
            <xmax>86</xmax>
            <xmin>71</xmin>
            <ymax>100</ymax>
            <ymin>88</ymin>
        </bndbox>
        <type>2</type>
        <direction>2</direction>
        <previous>10</previous>
    </vehicle>
    <vehicle>
        <id>11</id>
        <bndbox>
            <xmax>97</xmax>
            <xmin>77</xmin>
            <ymax>111</ymax>
            <ymin>98</ymin>
        </bndbox>
        <type>2</type>
        <direction>2</direction>
        <previous>11</previous>
    </vehicle>
    <vehicle>
        <id>12</id>
        <bndbox>
            <xmax>110</xmax>
            <xmin>88</xmin>
            <ymax>98</ymax>
            <ymin>79</ymin>
        </bndbox>
        <type>2</type>
        <direction>2</direction>
        <previous>12</previous>
    </vehicle>
    <vehicle>
        <id>13</id>
        <bndbox>
            <xmax>88</xmax>
            <xmin>74</xmin>
            <ymax>89</ymax>
            <ymin>77</ymin>
        </bndbox>
        <type>2</type>
        <direction>2</direction>
        <previous>0</previous>
    </vehicle>
    <vehicle>
        <id>14</id>
        <bndbox>
            <xmax>112</xmax>
            <xmin>97</xmin>
            <ymax>77</ymax>
            <ymin>63</ymin>
        </bndbox>
        <type>5</type>
        <direction>2</direction>
        <previous>0</previous>
    </vehicle>
    <vehicle>
        <id>15</id>
        <bndbox>
            <xmax>134</xmax>
            <xmin>107</xmin>
            <ymax>72</ymax>
            <ymin>57</ymin>
        </bndbox>
        <type>6</type>
        <direction>2</direction>
        <previous>0</previous>
    </vehicle>
    <vehicle>
        <id>16</id>
        <bndbox>
            <xmax>125</xmax>
            <xmin>108</xmin>
            <ymax>85</ymax>
            <ymin>75</ymin>
        </bndbox>
        <type>7</type>
        <direction>2</direction>
        <previous>0</previous>
    </vehicle>
    <vehicle>
        <id>17</id>
        <bndbox>
            <xmax>142</xmax>
            <xmin>134</xmin>
            <ymax>70</ymax>
            <ymin>62</ymin>
        </bndbox>
        <type>2</type>
        <direction>2</direction>
        <previous>0</previous>
    </vehicle>
    <vehicle>
        <id>18</id>
        <bndbox>
            <xmax>165</xmax>
            <xmin>64</xmin>
            <ymax>199</ymax>
            <ymin>159</ymin>
        </bndbox>
        <type>7</type>
        <direction>4</direction>
        <previous>0</previous>
    </vehicle>
    <vehicle>
        <id>19</id>
        <bndbox>
            <xmax>104</xmax>
            <xmin>0</xmin>
            <ymax>239</ymax>
            <ymin>184</ymin>
        </bndbox>
        <type>5</type>
        <direction>4</direction>
        <previous>0</previous>
    </vehicle>
    <vehicle>
        <id>20</id>
        <bndbox>
            <xmax>300</xmax>
            <xmin>233</xmin>
            <ymax>181</ymax>
            <ymin>149</ymin>
        </bndbox>
        <type>2</type>
        <direction>7</direction>
        <previous>0</previous>
    </vehicle>
    <vehicle>
        <id>21</id>
        <bndbox>
            <xmax>322</xmax>
            <xmin>293</xmin>
            <ymax>151</ymax>
            <ymin>128</ymin>
        </bndbox>
        <type>2</type>
        <direction>7</direction>
        <previous>0</previous>
    </vehicle>
    <vehicle>
        <id>22</id>
        <bndbox>
            <xmax>275</xmax>
            <xmin>246</xmin>
            <ymax>111</ymax>
            <ymin>97</ymin>
        </bndbox>
        <type>1</type>
        <direction>1</direction>
        <previous>0</previous>
    </vehicle>
    <vehicle>
        <id>23</id>
        <bndbox>
            <xmax>248</xmax>
            <xmin>228</xmin>
            <ymax>92</ymax>
            <ymin>81</ymin>
        </bndbox>
        <type>3</type>
        <direction>1</direction>
        <previous>0</previous>
    </vehicle>
    <vehicle>
        <id>24</id>
        <bndbox>
            <xmax>210</xmax>
            <xmin>191</xmin>
            <ymax>88</ymax>
            <ymin>79</ymin>
        </bndbox>
        <type>3</type>
        <direction>1</direction>
        <previous>0</previous>
    </vehicle>
    <vehicle>
        <id>25</id>
        <bndbox>
            <xmax>184</xmax>
            <xmin>172</xmin>
            <ymax>78</ymax>
            <ymin>70</ymin>
        </bndbox>
        <type>3</type>
        <direction>1</direction>
        <previous>0</previous>
    </vehicle>
    <vehicle>
        <id>26</id>
        <bndbox>
            <xmax>184</xmax>
            <xmin>169</xmin>
            <ymax>70</ymax>
            <ymin>61</ymin>
        </bndbox>
        <type>3</type>
        <direction>1</direction>
        <previous>0</previous>
    </vehicle>
    <vehicle>
        <id>27</id>
        <bndbox>
            <xmax>163</xmax>
            <xmin>157</xmin>
            <ymax>68</ymax>
            <ymin>59</ymin>
        </bndbox>
        <type>2</type>
        <direction>1</direction>
        <previous>0</previous>
    </vehicle>
</annotation>
