<annotation>
    <video>164-20160223-09.avi</video>
    <frame>000374</frame>
    <time>2016/02/23 11:59:06</time>
    <width>352</width>
    <height>240</height>
    <weather>1</weather>
    <facing>3</facing>
    <flow>2</flow>
    <vehicle>
        <id>1</id>
        <bndbox>
            <xmax>11</xmax>
            <xmin>0</xmin>
            <ymax>133</ymax>
            <ymin>113</ymin>
        </bndbox>
        <type>3</type>
        <direction>2</direction>
        <previous>0</previous>
    </vehicle>
    <vehicle>
        <id>2</id>
        <bndbox>
            <xmax>38</xmax>
            <xmin>8</xmin>
            <ymax>123</ymax>
            <ymin>94</ymin>
        </bndbox>
        <type>5</type>
        <direction>2</direction>
        <previous>0</previous>
    </vehicle>
    <vehicle>
        <id>3</id>
        <bndbox>
            <xmax>73</xmax>
            <xmin>45</xmin>
            <ymax>94</ymax>
            <ymin>72</ymin>
        </bndbox>
        <type>5</type>
        <direction>2</direction>
        <previous>0</previous>
    </vehicle>
    <vehicle>
        <id>4</id>
        <bndbox>
            <xmax>34</xmax>
            <xmin>0</xmin>
            <ymax>147</ymax>
            <ymin>123</ymin>
        </bndbox>
        <type>1</type>
        <direction>2</direction>
        <previous>0</previous>
    </vehicle>
    <vehicle>
        <id>5</id>
        <bndbox>
            <xmax>53</xmax>
            <xmin>29</xmin>
            <ymax>126</ymax>
            <ymin>111</ymin>
        </bndbox>
        <type>3</type>
        <direction>2</direction>
        <previous>0</previous>
    </vehicle>
    <vehicle>
        <id>6</id>
        <bndbox>
            <xmax>78</xmax>
            <xmin>55</xmin>
            <ymax>110</ymax>
            <ymin>93</ymin>
        </bndbox>
        <type>7</type>
        <direction>2</direction>
        <previous>0</previous>
    </vehicle>
    <vehicle>
        <id>7</id>
        <bndbox>
            <xmax>96</xmax>
            <xmin>80</xmin>
            <ymax>93</ymax>
            <ymin>83</ymin>
        </bndbox>
        <type>3</type>
        <direction>2</direction>
        <previous>0</previous>
    </vehicle>
    <vehicle>
        <id>8</id>
        <bndbox>
            <xmax>122</xmax>
            <xmin>108</xmin>
            <ymax>77</ymax>
            <ymin>65</ymin>
        </bndbox>
        <type>3</type>
        <direction>2</direction>
        <previous>0</previous>
    </vehicle>
    <vehicle>
        <id>9</id>
        <bndbox>
            <xmax>79</xmax>
            <xmin>50</xmin>
            <ymax>131</ymax>
            <ymin>110</ymin>
        </bndbox>
        <type>3</type>
        <direction>2</direction>
        <previous>0</previous>
    </vehicle>
    <vehicle>
        <id>10</id>
        <bndbox>
            <xmax>102</xmax>
            <xmin>78</xmin>
            <ymax>108</ymax>
            <ymin>91</ymin>
        </bndbox>
        <type>2</type>
        <direction>2</direction>
        <previous>0</previous>
    </vehicle>
    <vehicle>
        <id>11</id>
        <bndbox>
            <xmax>122</xmax>
            <xmin>111</xmin>
            <ymax>82</ymax>
            <ymin>74</ymin>
        </bndbox>
        <type>2</type>
        <direction>2</direction>
        <previous>0</previous>
    </vehicle>
    <vehicle>
        <id>12</id>
        <bndbox>
            <xmax>136</xmax>
            <xmin>125</xmin>
            <ymax>75</ymax>
            <ymin>66</ymin>
        </bndbox>
        <type>3</type>
        <direction>2</direction>
        <previous>0</previous>
    </vehicle>
    <vehicle>
        <id>13</id>
        <bndbox>
            <xmax>143</xmax>
            <xmin>135</xmin>
            <ymax>69</ymax>
            <ymin>62</ymin>
        </bndbox>
        <type>2</type>
        <direction>2</direction>
        <previous>0</previous>
    </vehicle>
    <vehicle>
        <id>14</id>
        <bndbox>
            <xmax>53</xmax>
            <xmin>17</xmin>
            <ymax>191</ymax>
            <ymin>156</ymin>
        </bndbox>
        <type>3</type>
        <direction>8</direction>
        <previous>0</previous>
    </vehicle>
    <vehicle>
        <id>15</id>
        <bndbox>
            <xmax>149</xmax>
            <xmin>25</xmin>
            <ymax>239</ymax>
            <ymin>187</ymin>
        </bndbox>
        <type>6</type>
        <direction>8</direction>
        <previous>0</previous>
    </vehicle>
    <vehicle>
        <id>16</id>
        <bndbox>
            <xmax>270</xmax>
            <xmin>171</xmin>
            <ymax>237</ymax>
            <ymin>198</ymin>
        </bndbox>
        <type>2</type>
        <direction>4</direction>
        <previous>0</previous>
    </vehicle>
    <vehicle>
        <id>17</id>
        <bndbox>
            <xmax>351</xmax>
            <xmin>301</xmin>
            <ymax>237</ymax>
            <ymin>168</ymin>
        </bndbox>
        <type>4</type>
        <direction>4</direction>
        <previous>0</previous>
    </vehicle>
    <vehicle>
        <id>18</id>
        <bndbox>
            <xmax>205</xmax>
            <xmin>188</xmin>
            <ymax>88</ymax>
            <ymin>75</ymin>
        </bndbox>
        <type>2</type>
        <direction>1</direction>
        <previous>0</previous>
    </vehicle>
    <vehicle>
        <id>19</id>
        <bndbox>
            <xmax>165</xmax>
            <xmin>158</xmin>
            <ymax>71</ymax>
            <ymin>62</ymin>
        </bndbox>
        <type>2</type>
        <direction>1</direction>
        <previous>0</previous>
    </vehicle>
</annotation>
