<annotation>
    <video>164-20160223-09.avi</video>
    <frame>000310</frame>
    <time>2016/02/23 11:33:32</time>
    <width>352</width>
    <height>240</height>
    <weather>1</weather>
    <facing>3</facing>
    <flow>2</flow>
    <vehicle>
        <id>1</id>
        <bndbox>
            <xmax>29</xmax>
            <xmin>6</xmin>
            <ymax>103</ymax>
            <ymin>93</ymin>
        </bndbox>
        <type>2</type>
        <direction>2</direction>
        <previous>0</previous>
    </vehicle>
    <vehicle>
        <id>2</id>
        <bndbox>
            <xmax>56</xmax>
            <xmin>32</xmin>
            <ymax>101</ymax>
            <ymin>83</ymin>
        </bndbox>
        <type>2</type>
        <direction>2</direction>
        <previous>0</previous>
    </vehicle>
    <vehicle>
        <id>3</id>
        <bndbox>
            <xmax>84</xmax>
            <xmin>52</xmin>
            <ymax>85</ymax>
            <ymin>65</ymin>
        </bndbox>
        <type>6</type>
        <direction>2</direction>
        <previous>0</previous>
    </vehicle>
    <vehicle>
        <id>4</id>
        <bndbox>
            <xmax>106</xmax>
            <xmin>73</xmin>
            <ymax>75</ymax>
            <ymin>59</ymin>
        </bndbox>
        <type>6</type>
        <direction>2</direction>
        <previous>0</previous>
    </vehicle>
    <vehicle>
        <id>5</id>
        <bndbox>
            <xmax>46</xmax>
            <xmin>33</xmin>
            <ymax>118</ymax>
            <ymin>102</ymin>
        </bndbox>
        <type>2</type>
        <direction>2</direction>
        <previous>0</previous>
    </vehicle>
    <vehicle>
        <id>6</id>
        <bndbox>
            <xmax>90</xmax>
            <xmin>42</xmin>
            <ymax>132</ymax>
            <ymin>84</ymin>
        </bndbox>
        <type>5</type>
        <direction>2</direction>
        <previous>0</previous>
    </vehicle>
    <vehicle>
        <id>7</id>
        <bndbox>
            <xmax>109</xmax>
            <xmin>88</xmin>
            <ymax>98</ymax>
            <ymin>76</ymin>
        </bndbox>
        <type>5</type>
        <direction>2</direction>
        <previous>0</previous>
    </vehicle>
    <vehicle>
        <id>8</id>
        <bndbox>
            <xmax>140</xmax>
            <xmin>111</xmin>
            <ymax>79</ymax>
            <ymin>56</ymin>
        </bndbox>
        <type>6</type>
        <direction>2</direction>
        <previous>0</previous>
    </vehicle>
    <vehicle>
        <id>9</id>
        <bndbox>
            <xmax>151</xmax>
            <xmin>1</xmin>
            <ymax>239</ymax>
            <ymin>107</ymin>
        </bndbox>
        <type>6</type>
        <direction>8</direction>
        <previous>0</previous>
    </vehicle>
    <vehicle>
        <id>10</id>
        <bndbox>
            <xmax>236</xmax>
            <xmin>93</xmin>
            <ymax>227</ymax>
            <ymin>144</ymin>
        </bndbox>
        <type>5</type>
        <direction>4</direction>
        <previous>0</previous>
    </vehicle>
    <vehicle>
        <id>11</id>
        <bndbox>
            <xmax>351</xmax>
            <xmin>276</xmin>
            <ymax>215</ymax>
            <ymin>176</ymin>
        </bndbox>
        <type>2</type>
        <direction>4</direction>
        <previous>0</previous>
    </vehicle>
    <vehicle>
        <id>12</id>
        <bndbox>
            <xmax>248</xmax>
            <xmin>207</xmin>
            <ymax>89</ymax>
            <ymin>67</ymin>
        </bndbox>
        <type>5</type>
        <direction>1</direction>
        <previous>0</previous>
    </vehicle>
    <vehicle>
        <id>13</id>
        <bndbox>
            <xmax>184</xmax>
            <xmin>171</xmin>
            <ymax>78</ymax>
            <ymin>66</ymin>
        </bndbox>
        <type>3</type>
        <direction>1</direction>
        <previous>0</previous>
    </vehicle>
    <vehicle>
        <id>14</id>
        <bndbox>
            <xmax>169</xmax>
            <xmin>159</xmin>
            <ymax>70</ymax>
            <ymin>59</ymin>
        </bndbox>
        <type>3</type>
        <direction>1</direction>
        <previous>0</previous>
    </vehicle>
</annotation>
