<annotation>
    <video>164-20160223-09.avi</video>
    <frame>000390</frame>
    <time>2016/02/23 12:05:27</time>
    <width>352</width>
    <height>240</height>
    <weather>1</weather>
    <facing>3</facing>
    <flow>1</flow>
    <vehicle>
        <id>1</id>
        <bndbox>
            <xmax>29</xmax>
            <xmin>3</xmin>
            <ymax>104</ymax>
            <ymin>80</ymin>
        </bndbox>
        <type>5</type>
        <direction>2</direction>
        <previous>1</previous>
    </vehicle>
    <vehicle>
        <id>2</id>
        <bndbox>
            <xmax>44</xmax>
            <xmin>28</xmin>
            <ymax>91</ymax>
            <ymin>81</ymin>
        </bndbox>
        <type>3</type>
        <direction>2</direction>
        <previous>0</previous>
    </vehicle>
    <vehicle>
        <id>3</id>
        <bndbox>
            <xmax>35</xmax>
            <xmin>2</xmin>
            <ymax>128</ymax>
            <ymin>103</ymin>
        </bndbox>
        <type>2</type>
        <direction>2</direction>
        <previous>0</previous>
    </vehicle>
    <vehicle>
        <id>4</id>
        <bndbox>
            <xmax>36</xmax>
            <xmin>16</xmin>
            <ymax>105</ymax>
            <ymin>95</ymin>
        </bndbox>
        <type>2</type>
        <direction>2</direction>
        <previous>0</previous>
    </vehicle>
    <vehicle>
        <id>5</id>
        <bndbox>
            <xmax>67</xmax>
            <xmin>37</xmin>
            <ymax>105</ymax>
            <ymin>80</ymin>
        </bndbox>
        <type>5</type>
        <direction>2</direction>
        <previous>4</previous>
    </vehicle>
    <vehicle>
        <id>6</id>
        <bndbox>
            <xmax>64</xmax>
            <xmin>46</xmin>
            <ymax>82</ymax>
            <ymin>70</ymin>
        </bndbox>
        <type>3</type>
        <direction>2</direction>
        <previous>0</previous>
    </vehicle>
    <vehicle>
        <id>7</id>
        <bndbox>
            <xmax>87</xmax>
            <xmin>66</xmin>
            <ymax>92</ymax>
            <ymin>72</ymin>
        </bndbox>
        <type>6</type>
        <direction>2</direction>
        <previous>7</previous>
    </vehicle>
    <vehicle>
        <id>8</id>
        <bndbox>
            <xmax>116</xmax>
            <xmin>74</xmin>
            <ymax>74</ymax>
            <ymin>57</ymin>
        </bndbox>
        <type>6</type>
        <direction>2</direction>
        <previous>11</previous>
    </vehicle>
    <vehicle>
        <id>9</id>
        <bndbox>
            <xmax>9</xmax>
            <xmin>0</xmin>
            <ymax>151</ymax>
            <ymin>135</ymin>
        </bndbox>
        <type>2</type>
        <direction>2</direction>
        <previous>0</previous>
    </vehicle>
    <vehicle>
        <id>10</id>
        <bndbox>
            <xmax>46</xmax>
            <xmin>15</xmin>
            <ymax>135</ymax>
            <ymin>114</ymin>
        </bndbox>
        <type>2</type>
        <direction>2</direction>
        <previous>0</previous>
    </vehicle>
    <vehicle>
        <id>11</id>
        <bndbox>
            <xmax>69</xmax>
            <xmin>46</xmin>
            <ymax>115</ymax>
            <ymin>97</ymin>
        </bndbox>
        <type>2</type>
        <direction>2</direction>
        <previous>0</previous>
    </vehicle>
    <vehicle>
        <id>12</id>
        <bndbox>
            <xmax>61</xmax>
            <xmin>32</xmin>
            <ymax>141</ymax>
            <ymin>117</ymin>
        </bndbox>
        <type>3</type>
        <direction>2</direction>
        <previous>0</previous>
    </vehicle>
    <vehicle>
        <id>13</id>
        <bndbox>
            <xmax>79</xmax>
            <xmin>54</xmin>
            <ymax>122</ymax>
            <ymin>104</ymin>
        </bndbox>
        <type>3</type>
        <direction>2</direction>
        <previous>0</previous>
    </vehicle>
    <vehicle>
        <id>14</id>
        <bndbox>
            <xmax>112</xmax>
            <xmin>80</xmin>
            <ymax>108</ymax>
            <ymin>73</ymin>
        </bndbox>
        <type>6</type>
        <direction>2</direction>
        <previous>0</previous>
    </vehicle>
    <vehicle>
        <id>15</id>
        <bndbox>
            <xmax>123</xmax>
            <xmin>113</xmin>
            <ymax>83</ymax>
            <ymin>77</ymin>
        </bndbox>
        <type>3</type>
        <direction>2</direction>
        <previous>0</previous>
    </vehicle>
    <vehicle>
        <id>16</id>
        <bndbox>
            <xmax>133</xmax>
            <xmin>118</xmin>
            <ymax>77</ymax>
            <ymin>61</ymin>
        </bndbox>
        <type>5</type>
        <direction>2</direction>
        <previous>0</previous>
    </vehicle>
    <vehicle>
        <id>17</id>
        <bndbox>
            <xmax>118</xmax>
            <xmin>111</xmin>
            <ymax>74</ymax>
            <ymin>66</ymin>
        </bndbox>
        <type>2</type>
        <direction>2</direction>
        <previous>0</previous>
    </vehicle>
    <vehicle>
        <id>18</id>
        <bndbox>
            <xmax>142</xmax>
            <xmin>133</xmin>
            <ymax>70</ymax>
            <ymin>62</ymin>
        </bndbox>
        <type>3</type>
        <direction>2</direction>
        <previous>0</previous>
    </vehicle>
    <vehicle>
        <id>19</id>
        <bndbox>
            <xmax>14</xmax>
            <xmin>0</xmin>
            <ymax>212</ymax>
            <ymin>186</ymin>
        </bndbox>
        <type>2</type>
        <direction>4</direction>
        <previous>0</previous>
    </vehicle>
    <vehicle>
        <id>20</id>
        <bndbox>
            <xmax>114</xmax>
            <xmin>29</xmin>
            <ymax>208</ymax>
            <ymin>171</ymin>
        </bndbox>
        <type>3</type>
        <direction>4</direction>
        <previous>0</previous>
    </vehicle>
    <vehicle>
        <id>21</id>
        <bndbox>
            <xmax>161</xmax>
            <xmin>67</xmin>
            <ymax>239</ymax>
            <ymin>198</ymin>
        </bndbox>
        <type>3</type>
        <direction>4</direction>
        <previous>0</previous>
    </vehicle>
    <vehicle>
        <id>22</id>
        <bndbox>
            <xmax>351</xmax>
            <xmin>154</xmin>
            <ymax>211</ymax>
            <ymin>132</ymin>
        </bndbox>
        <type>6</type>
        <direction>4</direction>
        <previous>0</previous>
    </vehicle>
    <vehicle>
        <id>23</id>
        <bndbox>
            <xmax>305</xmax>
            <xmin>195</xmin>
            <ymax>241</ymax>
            <ymin>232</ymin>
        </bndbox>
        <type>3</type>
        <direction>4</direction>
        <previous>0</previous>
    </vehicle>
</annotation>
