<annotation>
    <video>164-20160223-09.avi</video>
    <frame>000345</frame>
    <time>2016/02/23 11:47:33</time>
    <width>352</width>
    <height>240</height>
    <weather>1</weather>
    <facing>3</facing>
    <flow>1</flow>
    <vehicle>
        <id>1</id>
        <bndbox>
            <xmax>13</xmax>
            <xmin>0</xmin>
            <ymax>124</ymax>
            <ymin>97</ymin>
        </bndbox>
        <type>6</type>
        <direction>2</direction>
        <previous>0</previous>
    </vehicle>
    <vehicle>
        <id>2</id>
        <bndbox>
            <xmax>63</xmax>
            <xmin>13</xmin>
            <ymax>106</ymax>
            <ymin>71</ymin>
        </bndbox>
        <type>6</type>
        <direction>2</direction>
        <previous>0</previous>
    </vehicle>
    <vehicle>
        <id>3</id>
        <bndbox>
            <xmax>34</xmax>
            <xmin>9</xmin>
            <ymax>123</ymax>
            <ymin>102</ymin>
        </bndbox>
        <type>1</type>
        <direction>2</direction>
        <previous>0</previous>
    </vehicle>
    <vehicle>
        <id>4</id>
        <bndbox>
            <xmax>73</xmax>
            <xmin>35</xmin>
            <ymax>106</ymax>
            <ymin>72</ymin>
        </bndbox>
        <type>6</type>
        <direction>2</direction>
        <previous>0</previous>
    </vehicle>
    <vehicle>
        <id>5</id>
        <bndbox>
            <xmax>111</xmax>
            <xmin>74</xmin>
            <ymax>80</ymax>
            <ymin>61</ymin>
        </bndbox>
        <type>8</type>
        <direction>2</direction>
        <previous>0</previous>
    </vehicle>
    <vehicle>
        <id>6</id>
        <bndbox>
            <xmax>124</xmax>
            <xmin>111</xmin>
            <ymax>69</ymax>
            <ymin>59</ymin>
        </bndbox>
        <type>3</type>
        <direction>2</direction>
        <previous>0</previous>
    </vehicle>
    <vehicle>
        <id>7</id>
        <bndbox>
            <xmax>132</xmax>
            <xmin>126</xmin>
            <ymax>67</ymax>
            <ymin>58</ymin>
        </bndbox>
        <type>3</type>
        <direction>2</direction>
        <previous>0</previous>
    </vehicle>
    <vehicle>
        <id>8</id>
        <bndbox>
            <xmax>23</xmax>
            <xmin>1</xmin>
            <ymax>152</ymax>
            <ymin>127</ymin>
        </bndbox>
        <type>2</type>
        <direction>2</direction>
        <previous>0</previous>
    </vehicle>
    <vehicle>
        <id>9</id>
        <bndbox>
            <xmax>58</xmax>
            <xmin>21</xmin>
            <ymax>158</ymax>
            <ymin>114</ymin>
        </bndbox>
        <type>5</type>
        <direction>2</direction>
        <previous>0</previous>
    </vehicle>
    <vehicle>
        <id>10</id>
        <bndbox>
            <xmax>77</xmax>
            <xmin>57</xmin>
            <ymax>124</ymax>
            <ymin>106</ymin>
        </bndbox>
        <type>2</type>
        <direction>2</direction>
        <previous>0</previous>
    </vehicle>
    <vehicle>
        <id>11</id>
        <bndbox>
            <xmax>103</xmax>
            <xmin>71</xmin>
            <ymax>113</ymax>
            <ymin>78</ymin>
        </bndbox>
        <type>5</type>
        <direction>2</direction>
        <previous>0</previous>
    </vehicle>
    <vehicle>
        <id>12</id>
        <bndbox>
            <xmax>123</xmax>
            <xmin>111</xmin>
            <ymax>84</ymax>
            <ymin>73</ymin>
        </bndbox>
        <type>2</type>
        <direction>2</direction>
        <previous>0</previous>
    </vehicle>
    <vehicle>
        <id>13</id>
        <bndbox>
            <xmax>113</xmax>
            <xmin>104</xmin>
            <ymax>80</ymax>
            <ymin>72</ymin>
        </bndbox>
        <type>2</type>
        <direction>2</direction>
        <previous>0</previous>
    </vehicle>
    <vehicle>
        <id>14</id>
        <bndbox>
            <xmax>141</xmax>
            <xmin>133</xmin>
            <ymax>68</ymax>
            <ymin>61</ymin>
        </bndbox>
        <type>3</type>
        <direction>2</direction>
        <previous>0</previous>
    </vehicle>
    <vehicle>
        <id>15</id>
        <bndbox>
            <xmax>173</xmax>
            <xmin>64</xmin>
            <ymax>239</ymax>
            <ymin>197</ymin>
        </bndbox>
        <type>3</type>
        <direction>4</direction>
        <previous>0</previous>
    </vehicle>
    <vehicle>
        <id>16</id>
        <bndbox>
            <xmax>157</xmax>
            <xmin>86</xmin>
            <ymax>198</ymax>
            <ymin>175</ymin>
        </bndbox>
        <type>3</type>
        <direction>4</direction>
        <previous>0</previous>
    </vehicle>
    <vehicle>
        <id>17</id>
        <bndbox>
            <xmax>283</xmax>
            <xmin>216</xmin>
            <ymax>190</ymax>
            <ymin>156</ymin>
        </bndbox>
        <type>3</type>
        <direction>7</direction>
        <previous>0</previous>
    </vehicle>
    <vehicle>
        <id>18</id>
        <bndbox>
            <xmax>323</xmax>
            <xmin>297</xmin>
            <ymax>153</ymax>
            <ymin>125</ymin>
        </bndbox>
        <type>2</type>
        <direction>7</direction>
        <previous>0</previous>
    </vehicle>
    <vehicle>
        <id>19</id>
        <bndbox>
            <xmax>351</xmax>
            <xmin>331</xmin>
            <ymax>221</ymax>
            <ymin>182</ymin>
        </bndbox>
        <type>3</type>
        <direction>4</direction>
        <previous>0</previous>
    </vehicle>
    <vehicle>
        <id>20</id>
        <bndbox>
            <xmax>219</xmax>
            <xmin>201</xmin>
            <ymax>91</ymax>
            <ymin>79</ymin>
        </bndbox>
        <type>3</type>
        <direction>1</direction>
        <previous>0</previous>
    </vehicle>
    <vehicle>
        <id>21</id>
        <bndbox>
            <xmax>191</xmax>
            <xmin>179</xmin>
            <ymax>79</ymax>
            <ymin>69</ymin>
        </bndbox>
        <type>1</type>
        <direction>1</direction>
        <previous>0</previous>
    </vehicle>
    <vehicle>
        <id>22</id>
        <bndbox>
            <xmax>189</xmax>
            <xmin>169</xmin>
            <ymax>70</ymax>
            <ymin>56</ymin>
        </bndbox>
        <type>6</type>
        <direction>1</direction>
        <previous>0</previous>
    </vehicle>
    <vehicle>
        <id>23</id>
        <bndbox>
            <xmax>161</xmax>
            <xmin>155</xmin>
            <ymax>64</ymax>
            <ymin>59</ymin>
        </bndbox>
        <type>3</type>
        <direction>1</direction>
        <previous>0</previous>
    </vehicle>
</annotation>
