<annotation>
    <video>164-20160223-09.avi</video>
    <frame>000321</frame>
    <time>2016/02/23 11:37:57</time>
    <width>352</width>
    <height>240</height>
    <weather>1</weather>
    <facing>3</facing>
    <flow>2</flow>
    <vehicle>
        <id>1</id>
        <bndbox>
            <xmax>33</xmax>
            <xmin>0</xmin>
            <ymax>114</ymax>
            <ymin>83</ymin>
        </bndbox>
        <type>6</type>
        <direction>2</direction>
        <previous>0</previous>
    </vehicle>
    <vehicle>
        <id>2</id>
        <bndbox>
            <xmax>51</xmax>
            <xmin>33</xmin>
            <ymax>92</ymax>
            <ymin>78</ymin>
        </bndbox>
        <type>7</type>
        <direction>2</direction>
        <previous>0</previous>
    </vehicle>
    <vehicle>
        <id>3</id>
        <bndbox>
            <xmax>64</xmax>
            <xmin>14</xmin>
            <ymax>132</ymax>
            <ymin>89</ymin>
        </bndbox>
        <type>6</type>
        <direction>2</direction>
        <previous>0</previous>
    </vehicle>
    <vehicle>
        <id>4</id>
        <bndbox>
            <xmax>80</xmax>
            <xmin>68</xmin>
            <ymax>84</ymax>
            <ymin>77</ymin>
        </bndbox>
        <type>2</type>
        <direction>2</direction>
        <previous>0</previous>
    </vehicle>
    <vehicle>
        <id>5</id>
        <bndbox>
            <xmax>88</xmax>
            <xmin>79</xmin>
            <ymax>77</ymax>
            <ymin>67</ymin>
        </bndbox>
        <type>3</type>
        <direction>2</direction>
        <previous>0</previous>
    </vehicle>
    <vehicle>
        <id>6</id>
        <bndbox>
            <xmax>122</xmax>
            <xmin>111</xmin>
            <ymax>83</ymax>
            <ymin>75</ymin>
        </bndbox>
        <type>2</type>
        <direction>2</direction>
        <previous>0</previous>
    </vehicle>
    <vehicle>
        <id>7</id>
        <bndbox>
            <xmax>126</xmax>
            <xmin>115</xmin>
            <ymax>69</ymax>
            <ymin>62</ymin>
        </bndbox>
        <type>2</type>
        <direction>2</direction>
        <previous>0</previous>
    </vehicle>
    <vehicle>
        <id>8</id>
        <bndbox>
            <xmax>52</xmax>
            <xmin>2</xmin>
            <ymax>229</ymax>
            <ymin>165</ymin>
        </bndbox>
        <type>3</type>
        <direction>8</direction>
        <previous>0</previous>
    </vehicle>
    <vehicle>
        <id>9</id>
        <bndbox>
            <xmax>141</xmax>
            <xmin>56</xmin>
            <ymax>188</ymax>
            <ymin>152</ymin>
        </bndbox>
        <type>7</type>
        <direction>4</direction>
        <previous>0</previous>
    </vehicle>
    <vehicle>
        <id>10</id>
        <bndbox>
            <xmax>187</xmax>
            <xmin>106</xmin>
            <ymax>224</ymax>
            <ymin>184</ymin>
        </bndbox>
        <type>2</type>
        <direction>4</direction>
        <previous>0</previous>
    </vehicle>
    <vehicle>
        <id>11</id>
        <bndbox>
            <xmax>179</xmax>
            <xmin>84</xmin>
            <ymax>239</ymax>
            <ymin>220</ymin>
        </bndbox>
        <type>2</type>
        <direction>4</direction>
        <previous>0</previous>
    </vehicle>
    <vehicle>
        <id>12</id>
        <bndbox>
            <xmax>313</xmax>
            <xmin>220</xmin>
            <ymax>232</ymax>
            <ymin>186</ymin>
        </bndbox>
        <type>2</type>
        <direction>4</direction>
        <previous>0</previous>
    </vehicle>
    <vehicle>
        <id>13</id>
        <bndbox>
            <xmax>336</xmax>
            <xmin>248</xmin>
            <ymax>239</ymax>
            <ymin>232</ymin>
        </bndbox>
        <type>3</type>
        <direction>4</direction>
        <previous>0</previous>
    </vehicle>
    <vehicle>
        <id>14</id>
        <bndbox>
            <xmax>211</xmax>
            <xmin>191</xmin>
            <ymax>81</ymax>
            <ymin>72</ymin>
        </bndbox>
        <type>3</type>
        <direction>1</direction>
        <previous>0</previous>
    </vehicle>
    <vehicle>
        <id>15</id>
        <bndbox>
            <xmax>162</xmax>
            <xmin>155</xmin>
            <ymax>68</ymax>
            <ymin>60</ymin>
        </bndbox>
        <type>3</type>
        <direction>1</direction>
        <previous>0</previous>
    </vehicle>
    <vehicle>
        <id>16</id>
        <bndbox>
            <xmax>60</xmax>
            <xmin>47</xmin>
            <ymax>91</ymax>
            <ymin>82</ymin>
        </bndbox>
        <type>1</type>
        <direction>2</direction>
        <previous>0</previous>
    </vehicle>
</annotation>
