<annotation>
    <video>164-20160223-09.avi</video>
    <frame>000375</frame>
    <time>2016/02/23 11:59:30</time>
    <width>352</width>
    <height>240</height>
    <weather>1</weather>
    <facing>3</facing>
    <flow>1</flow>
    <vehicle>
        <id>1</id>
        <bndbox>
            <xmax>12</xmax>
            <xmin>0</xmin>
            <ymax>130</ymax>
            <ymin>112</ymin>
        </bndbox>
        <type>3</type>
        <direction>2</direction>
        <previous>1</previous>
    </vehicle>
    <vehicle>
        <id>2</id>
        <bndbox>
            <xmax>36</xmax>
            <xmin>6</xmin>
            <ymax>125</ymax>
            <ymin>97</ymin>
        </bndbox>
        <type>5</type>
        <direction>2</direction>
        <previous>2</previous>
    </vehicle>
    <vehicle>
        <id>3</id>
        <bndbox>
            <xmax>10</xmax>
            <xmin>0</xmin>
            <ymax>110</ymax>
            <ymin>91</ymin>
        </bndbox>
        <type>5</type>
        <direction>2</direction>
        <previous>3</previous>
    </vehicle>
    <vehicle>
        <id>4</id>
        <bndbox>
            <xmax>59</xmax>
            <xmin>40</xmin>
            <ymax>92</ymax>
            <ymin>82</ymin>
        </bndbox>
        <type>1</type>
        <direction>2</direction>
        <previous>0</previous>
    </vehicle>
    <vehicle>
        <id>5</id>
        <bndbox>
            <xmax>56</xmax>
            <xmin>37</xmin>
            <ymax>109</ymax>
            <ymin>93</ymin>
        </bndbox>
        <type>2</type>
        <direction>2</direction>
        <previous>0</previous>
    </vehicle>
    <vehicle>
        <id>6</id>
        <bndbox>
            <xmax>75</xmax>
            <xmin>58</xmin>
            <ymax>95</ymax>
            <ymin>86</ymin>
        </bndbox>
        <type>3</type>
        <direction>2</direction>
        <previous>0</previous>
    </vehicle>
    <vehicle>
        <id>7</id>
        <bndbox>
            <xmax>81</xmax>
            <xmin>68</xmin>
            <ymax>80</ymax>
            <ymin>72</ymin>
        </bndbox>
        <type>2</type>
        <direction>2</direction>
        <previous>0</previous>
    </vehicle>
    <vehicle>
        <id>8</id>
        <bndbox>
            <xmax>88</xmax>
            <xmin>73</xmin>
            <ymax>88</ymax>
            <ymin>78</ymin>
        </bndbox>
        <type>2</type>
        <direction>2</direction>
        <previous>0</previous>
    </vehicle>
    <vehicle>
        <id>9</id>
        <bndbox>
            <xmax>96</xmax>
            <xmin>83</xmin>
            <ymax>80</ymax>
            <ymin>71</ymin>
        </bndbox>
        <type>2</type>
        <direction>2</direction>
        <previous>0</previous>
    </vehicle>
    <vehicle>
        <id>10</id>
        <bndbox>
            <xmax>31</xmax>
            <xmin>0</xmin>
            <ymax>146</ymax>
            <ymin>124</ymin>
        </bndbox>
        <type>1</type>
        <direction>2</direction>
        <previous>0</previous>
    </vehicle>
    <vehicle>
        <id>11</id>
        <bndbox>
            <xmax>51</xmax>
            <xmin>28</xmin>
            <ymax>124</ymax>
            <ymin>110</ymin>
        </bndbox>
        <type>3</type>
        <direction>2</direction>
        <previous>0</previous>
    </vehicle>
    <vehicle>
        <id>12</id>
        <bndbox>
            <xmax>75</xmax>
            <xmin>54</xmin>
            <ymax>110</ymax>
            <ymin>96</ymin>
        </bndbox>
        <type>3</type>
        <direction>2</direction>
        <previous>0</previous>
    </vehicle>
    <vehicle>
        <id>13</id>
        <bndbox>
            <xmax>91</xmax>
            <xmin>76</xmin>
            <ymax>97</ymax>
            <ymin>84</ymin>
        </bndbox>
        <type>3</type>
        <direction>2</direction>
        <previous>0</previous>
    </vehicle>
    <vehicle>
        <id>14</id>
        <bndbox>
            <xmax>106</xmax>
            <xmin>89</xmin>
            <ymax>88</ymax>
            <ymin>77</ymin>
        </bndbox>
        <type>3</type>
        <direction>2</direction>
        <previous>0</previous>
    </vehicle>
    <vehicle>
        <id>15</id>
        <bndbox>
            <xmax>127</xmax>
            <xmin>110</xmin>
            <ymax>73</ymax>
            <ymin>60</ymin>
        </bndbox>
        <type>6</type>
        <direction>2</direction>
        <previous>0</previous>
    </vehicle>
    <vehicle>
        <id>16</id>
        <bndbox>
            <xmax>60</xmax>
            <xmin>23</xmin>
            <ymax>150</ymax>
            <ymin>122</ymin>
        </bndbox>
        <type>3</type>
        <direction>2</direction>
        <previous>0</previous>
    </vehicle>
    <vehicle>
        <id>17</id>
        <bndbox>
            <xmax>75</xmax>
            <xmin>53</xmin>
            <ymax>128</ymax>
            <ymin>108</ymin>
        </bndbox>
        <type>2</type>
        <direction>2</direction>
        <previous>0</previous>
    </vehicle>
    <vehicle>
        <id>18</id>
        <bndbox>
            <xmax>105</xmax>
            <xmin>85</xmin>
            <ymax>104</ymax>
            <ymin>88</ymin>
        </bndbox>
        <type>2</type>
        <direction>2</direction>
        <previous>0</previous>
    </vehicle>
    <vehicle>
        <id>19</id>
        <bndbox>
            <xmax>113</xmax>
            <xmin>102</xmin>
            <ymax>89</ymax>
            <ymin>80</ymin>
        </bndbox>
        <type>2</type>
        <direction>2</direction>
        <previous>0</previous>
    </vehicle>
    <vehicle>
        <id>20</id>
        <bndbox>
            <xmax>124</xmax>
            <xmin>113</xmin>
            <ymax>82</ymax>
            <ymin>75</ymin>
        </bndbox>
        <type>2</type>
        <direction>2</direction>
        <previous>0</previous>
    </vehicle>
    <vehicle>
        <id>21</id>
        <bndbox>
            <xmax>133</xmax>
            <xmin>126</xmin>
            <ymax>72</ymax>
            <ymin>66</ymin>
        </bndbox>
        <type>3</type>
        <direction>2</direction>
        <previous>0</previous>
    </vehicle>
    <vehicle>
        <id>22</id>
        <bndbox>
            <xmax>184</xmax>
            <xmin>104</xmin>
            <ymax>200</ymax>
            <ymin>169</ymin>
        </bndbox>
        <type>3</type>
        <direction>4</direction>
        <previous>0</previous>
    </vehicle>
    <vehicle>
        <id>23</id>
        <bndbox>
            <xmax>53</xmax>
            <xmin>0</xmin>
            <ymax>239</ymax>
            <ymin>200</ymin>
        </bndbox>
        <type>2</type>
        <direction>4</direction>
        <previous>0</previous>
    </vehicle>
    <vehicle>
        <id>24</id>
        <bndbox>
            <xmax>351</xmax>
            <xmin>287</xmin>
            <ymax>216</ymax>
            <ymin>166</ymin>
        </bndbox>
        <type>5</type>
        <direction>4</direction>
        <previous>0</previous>
    </vehicle>
    <vehicle>
        <id>25</id>
        <bndbox>
            <xmax>351</xmax>
            <xmin>276</xmin>
            <ymax>239</ymax>
            <ymin>218</ymin>
        </bndbox>
        <type>3</type>
        <direction>4</direction>
        <previous>0</previous>
    </vehicle>
    <vehicle>
        <id>26</id>
        <bndbox>
            <xmax>349</xmax>
            <xmin>238</xmin>
            <ymax>178</ymax>
            <ymin>109</ymin>
        </bndbox>
        <type>6</type>
        <direction>7</direction>
        <previous>0</previous>
    </vehicle>
    <vehicle>
        <id>27</id>
        <bndbox>
            <xmax>284</xmax>
            <xmin>248</xmin>
            <ymax>113</ymax>
            <ymin>99</ymin>
        </bndbox>
        <type>2</type>
        <direction>1</direction>
        <previous>0</previous>
    </vehicle>
    <vehicle>
        <id>28</id>
        <bndbox>
            <xmax>209</xmax>
            <xmin>189</xmin>
            <ymax>88</ymax>
            <ymin>77</ymin>
        </bndbox>
        <type>2</type>
        <direction>1</direction>
        <previous>0</previous>
    </vehicle>
</annotation>
