<annotation>
    <video>164-20160223-09.avi</video>
    <frame>000392</frame>
    <time>2016/02/23 12:06:15</time>
    <width>352</width>
    <height>240</height>
    <weather>1</weather>
    <facing>3</facing>
    <flow>2</flow>
    <vehicle>
        <id>1</id>
        <bndbox>
            <xmax>48</xmax>
            <xmin>0</xmin>
            <ymax>100</ymax>
            <ymin>72</ymin>
        </bndbox>
        <type>6</type>
        <direction>2</direction>
        <previous>7</previous>
    </vehicle>
    <vehicle>
        <id>2</id>
        <bndbox>
            <xmax>37</xmax>
            <xmin>0</xmin>
            <ymax>128</ymax>
            <ymin>91</ymin>
        </bndbox>
        <type>5</type>
        <direction>2</direction>
        <previous>0</previous>
    </vehicle>
    <vehicle>
        <id>3</id>
        <bndbox>
            <xmax>77</xmax>
            <xmin>44</xmin>
            <ymax>92</ymax>
            <ymin>75</ymin>
        </bndbox>
        <type>6</type>
        <direction>2</direction>
        <previous>0</previous>
    </vehicle>
    <vehicle>
        <id>4</id>
        <bndbox>
            <xmax>25</xmax>
            <xmin>1</xmin>
            <ymax>150</ymax>
            <ymin>120</ymin>
        </bndbox>
        <type>3</type>
        <direction>2</direction>
        <previous>0</previous>
    </vehicle>
    <vehicle>
        <id>5</id>
        <bndbox>
            <xmax>76</xmax>
            <xmin>21</xmin>
            <ymax>150</ymax>
            <ymin>91</ymin>
        </bndbox>
        <type>5</type>
        <direction>2</direction>
        <previous>0</previous>
    </vehicle>
    <vehicle>
        <id>6</id>
        <bndbox>
            <xmax>95</xmax>
            <xmin>74</xmin>
            <ymax>111</ymax>
            <ymin>94</ymin>
        </bndbox>
        <type>2</type>
        <direction>2</direction>
        <previous>0</previous>
    </vehicle>
    <vehicle>
        <id>7</id>
        <bndbox>
            <xmax>100</xmax>
            <xmin>90</xmin>
            <ymax>78</ymax>
            <ymin>70</ymin>
        </bndbox>
        <type>2</type>
        <direction>2</direction>
        <previous>0</previous>
    </vehicle>
    <vehicle>
        <id>8</id>
        <bndbox>
            <xmax>104</xmax>
            <xmin>97</xmin>
            <ymax>84</ymax>
            <ymin>76</ymin>
        </bndbox>
        <type>3</type>
        <direction>2</direction>
        <previous>0</previous>
    </vehicle>
    <vehicle>
        <id>9</id>
        <bndbox>
            <xmax>125</xmax>
            <xmin>102</xmin>
            <ymax>89</ymax>
            <ymin>67</ymin>
        </bndbox>
        <type>5</type>
        <direction>2</direction>
        <previous>0</previous>
    </vehicle>
    <vehicle>
        <id>10</id>
        <bndbox>
            <xmax>142</xmax>
            <xmin>127</xmin>
            <ymax>70</ymax>
            <ymin>58</ymin>
        </bndbox>
        <type>6</type>
        <direction>2</direction>
        <previous>0</previous>
    </vehicle>
    <vehicle>
        <id>11</id>
        <bndbox>
            <xmax>85</xmax>
            <xmin>36</xmin>
            <ymax>182</ymax>
            <ymin>146</ymin>
        </bndbox>
        <type>3</type>
        <direction>8</direction>
        <previous>0</previous>
    </vehicle>
    <vehicle>
        <id>12</id>
        <bndbox>
            <xmax>80</xmax>
            <xmin>0</xmin>
            <ymax>233</ymax>
            <ymin>171</ymin>
        </bndbox>
        <type>6</type>
        <direction>4</direction>
        <previous>0</previous>
    </vehicle>
    <vehicle>
        <id>13</id>
        <bndbox>
            <xmax>295</xmax>
            <xmin>127</xmin>
            <ymax>231</ymax>
            <ymin>162</ymin>
        </bndbox>
        <type>6</type>
        <direction>4</direction>
        <previous>0</previous>
    </vehicle>
    <vehicle>
        <id>14</id>
        <bndbox>
            <xmax>167</xmax>
            <xmin>124</xmin>
            <ymax>177</ymax>
            <ymin>156</ymin>
        </bndbox>
        <type>7</type>
        <direction>4</direction>
        <previous>0</previous>
    </vehicle>
    <vehicle>
        <id>15</id>
        <bndbox>
            <xmax>311</xmax>
            <xmin>278</xmin>
            <ymax>130</ymax>
            <ymin>105</ymin>
        </bndbox>
        <type>3</type>
        <direction>1</direction>
        <previous>0</previous>
    </vehicle>
    <vehicle>
        <id>16</id>
        <bndbox>
            <xmax>196</xmax>
            <xmin>179</xmin>
            <ymax>84</ymax>
            <ymin>73</ymin>
        </bndbox>
        <type>7</type>
        <direction>1</direction>
        <previous>0</previous>
    </vehicle>
    <vehicle>
        <id>17</id>
        <bndbox>
            <xmax>176</xmax>
            <xmin>166</xmin>
            <ymax>70</ymax>
            <ymin>63</ymin>
        </bndbox>
        <type>2</type>
        <direction>1</direction>
        <previous>0</previous>
    </vehicle>
</annotation>
