<annotation>
    <video>164-20160223-09.avi</video>
    <frame>000331</frame>
    <time>2016/02/23 11:41:58</time>
    <width>352</width>
    <height>240</height>
    <weather>1</weather>
    <facing>3</facing>
    <flow>2</flow>
    <vehicle>
        <id>1</id>
        <bndbox>
            <xmax>30</xmax>
            <xmin>0</xmin>
            <ymax>111</ymax>
            <ymin>80</ymin>
        </bndbox>
        <type>6</type>
        <direction>2</direction>
        <previous>1</previous>
    </vehicle>
    <vehicle>
        <id>2</id>
        <bndbox>
            <xmax>38</xmax>
            <xmin>4</xmin>
            <ymax>126</ymax>
            <ymin>105</ymin>
        </bndbox>
        <type>3</type>
        <direction>2</direction>
        <previous>0</previous>
    </vehicle>
    <vehicle>
        <id>3</id>
        <bndbox>
            <xmax>66</xmax>
            <xmin>38</xmin>
            <ymax>106</ymax>
            <ymin>81</ymin>
        </bndbox>
        <type>5</type>
        <direction>2</direction>
        <previous>0</previous>
    </vehicle>
    <vehicle>
        <id>4</id>
        <bndbox>
            <xmax>80</xmax>
            <xmin>46</xmin>
            <ymax>84</ymax>
            <ymin>66</ymin>
        </bndbox>
        <type>6</type>
        <direction>2</direction>
        <previous>0</previous>
    </vehicle>
    <vehicle>
        <id>5</id>
        <bndbox>
            <xmax>92</xmax>
            <xmin>66</xmin>
            <ymax>89</ymax>
            <ymin>70</ymin>
        </bndbox>
        <type>5</type>
        <direction>2</direction>
        <previous>0</previous>
    </vehicle>
    <vehicle>
        <id>6</id>
        <bndbox>
            <xmax>114</xmax>
            <xmin>92</xmin>
            <ymax>73</ymax>
            <ymin>57</ymin>
        </bndbox>
        <type>6</type>
        <direction>2</direction>
        <previous>0</previous>
    </vehicle>
    <vehicle>
        <id>7</id>
        <bndbox>
            <xmax>11</xmax>
            <xmin>1</xmin>
            <ymax>157</ymax>
            <ymin>137</ymin>
        </bndbox>
        <type>2</type>
        <direction>2</direction>
        <previous>0</previous>
    </vehicle>
    <vehicle>
        <id>8</id>
        <bndbox>
            <xmax>66</xmax>
            <xmin>40</xmin>
            <ymax>117</ymax>
            <ymin>101</ymin>
        </bndbox>
        <type>3</type>
        <direction>2</direction>
        <previous>0</previous>
    </vehicle>
    <vehicle>
        <id>9</id>
        <bndbox>
            <xmax>92</xmax>
            <xmin>71</xmin>
            <ymax>99</ymax>
            <ymin>83</ymin>
        </bndbox>
        <type>2</type>
        <direction>2</direction>
        <previous>0</previous>
    </vehicle>
    <vehicle>
        <id>10</id>
        <bndbox>
            <xmax>113</xmax>
            <xmin>100</xmin>
            <ymax>80</ymax>
            <ymin>72</ymin>
        </bndbox>
        <type>3</type>
        <direction>2</direction>
        <previous>0</previous>
    </vehicle>
    <vehicle>
        <id>11</id>
        <bndbox>
            <xmax>59</xmax>
            <xmin>21</xmin>
            <ymax>155</ymax>
            <ymin>119</ymin>
        </bndbox>
        <type>7</type>
        <direction>2</direction>
        <previous>0</previous>
    </vehicle>
    <vehicle>
        <id>12</id>
        <bndbox>
            <xmax>88</xmax>
            <xmin>63</xmin>
            <ymax>120</ymax>
            <ymin>104</ymin>
        </bndbox>
        <type>3</type>
        <direction>2</direction>
        <previous>0</previous>
    </vehicle>
    <vehicle>
        <id>13</id>
        <bndbox>
            <xmax>100</xmax>
            <xmin>87</xmin>
            <ymax>99</ymax>
            <ymin>85</ymin>
        </bndbox>
        <type>3</type>
        <direction>2</direction>
        <previous>0</previous>
    </vehicle>
    <vehicle>
        <id>14</id>
        <bndbox>
            <xmax>121</xmax>
            <xmin>104</xmin>
            <ymax>86</ymax>
            <ymin>75</ymin>
        </bndbox>
        <type>3</type>
        <direction>2</direction>
        <previous>0</previous>
    </vehicle>
    <vehicle>
        <id>15</id>
        <bndbox>
            <xmax>136</xmax>
            <xmin>119</xmin>
            <ymax>66</ymax>
            <ymin>54</ymin>
        </bndbox>
        <type>6</type>
        <direction>2</direction>
        <previous>0</previous>
    </vehicle>
    <vehicle>
        <id>16</id>
        <bndbox>
            <xmax>137</xmax>
            <xmin>128</xmin>
            <ymax>70</ymax>
            <ymin>63</ymin>
        </bndbox>
        <type>2</type>
        <direction>2</direction>
        <previous>0</previous>
    </vehicle>
    <vehicle>
        <id>17</id>
        <bndbox>
            <xmax>242</xmax>
            <xmin>149</xmin>
            <ymax>223</ymax>
            <ymin>178</ymin>
        </bndbox>
        <type>2</type>
        <direction>4</direction>
        <previous>0</previous>
    </vehicle>
    <vehicle>
        <id>18</id>
        <bndbox>
            <xmax>224</xmax>
            <xmin>203</xmin>
            <ymax>85</ymax>
            <ymin>73</ymin>
        </bndbox>
        <type>2</type>
        <direction>1</direction>
        <previous>0</previous>
    </vehicle>
    <vehicle>
        <id>19</id>
        <bndbox>
            <xmax>189</xmax>
            <xmin>170</xmin>
            <ymax>78</ymax>
            <ymin>66</ymin>
        </bndbox>
        <type>5</type>
        <direction>1</direction>
        <previous>0</previous>
    </vehicle>
</annotation>
