<annotation>
    <video>164-20160223-09.avi</video>
    <frame>000344</frame>
    <time>2016/02/23 11:47:10</time>
    <width>352</width>
    <height>240</height>
    <weather>1</weather>
    <facing>3</facing>
    <flow>2</flow>
    <vehicle>
        <id>1</id>
        <bndbox>
            <xmax>32</xmax>
            <xmin>0</xmin>
            <ymax>118</ymax>
            <ymin>87</ymin>
        </bndbox>
        <type>6</type>
        <direction>2</direction>
        <previous>1</previous>
    </vehicle>
    <vehicle>
        <id>2</id>
        <bndbox>
            <xmax>54</xmax>
            <xmin>24</xmin>
            <ymax>93</ymax>
            <ymin>74</ymin>
        </bndbox>
        <type>6</type>
        <direction>2</direction>
        <previous>2</previous>
    </vehicle>
    <vehicle>
        <id>3</id>
        <bndbox>
            <xmax>55</xmax>
            <xmin>39</xmin>
            <ymax>98</ymax>
            <ymin>87</ymin>
        </bndbox>
        <type>3</type>
        <direction>2</direction>
        <previous>0</previous>
    </vehicle>
    <vehicle>
        <id>4</id>
        <bndbox>
            <xmax>74</xmax>
            <xmin>56</xmin>
            <ymax>90</ymax>
            <ymin>78</ymin>
        </bndbox>
        <type>3</type>
        <direction>2</direction>
        <previous>0</previous>
    </vehicle>
    <vehicle>
        <id>5</id>
        <bndbox>
            <xmax>70</xmax>
            <xmin>57</xmin>
            <ymax>81</ymax>
            <ymin>73</ymin>
        </bndbox>
        <type>2</type>
        <direction>2</direction>
        <previous>0</previous>
    </vehicle>
    <vehicle>
        <id>6</id>
        <bndbox>
            <xmax>89</xmax>
            <xmin>75</xmin>
            <ymax>78</ymax>
            <ymin>70</ymin>
        </bndbox>
        <type>2</type>
        <direction>2</direction>
        <previous>0</previous>
    </vehicle>
    <vehicle>
        <id>7</id>
        <bndbox>
            <xmax>123</xmax>
            <xmin>99</xmin>
            <ymax>70</ymax>
            <ymin>58</ymin>
        </bndbox>
        <type>6</type>
        <direction>2</direction>
        <previous>0</previous>
    </vehicle>
    <vehicle>
        <id>8</id>
        <bndbox>
            <xmax>60</xmax>
            <xmin>42</xmin>
            <ymax>111</ymax>
            <ymin>99</ymin>
        </bndbox>
        <type>2</type>
        <direction>2</direction>
        <previous>0</previous>
    </vehicle>
    <vehicle>
        <id>9</id>
        <bndbox>
            <xmax>83</xmax>
            <xmin>50</xmin>
            <ymax>128</ymax>
            <ymin>98</ymin>
        </bndbox>
        <type>5</type>
        <direction>2</direction>
        <previous>0</previous>
    </vehicle>
    <vehicle>
        <id>10</id>
        <bndbox>
            <xmax>93</xmax>
            <xmin>77</xmin>
            <ymax>108</ymax>
            <ymin>93</ymin>
        </bndbox>
        <type>2</type>
        <direction>2</direction>
        <previous>0</previous>
    </vehicle>
    <vehicle>
        <id>11</id>
        <bndbox>
            <xmax>118</xmax>
            <xmin>93</xmin>
            <ymax>94</ymax>
            <ymin>71</ymin>
        </bndbox>
        <type>5</type>
        <direction>2</direction>
        <previous>0</previous>
    </vehicle>
    <vehicle>
        <id>12</id>
        <bndbox>
            <xmax>132</xmax>
            <xmin>115</xmin>
            <ymax>74</ymax>
            <ymin>60</ymin>
        </bndbox>
        <type>5</type>
        <direction>2</direction>
        <previous>0</previous>
    </vehicle>
    <vehicle>
        <id>13</id>
        <bndbox>
            <xmax>148</xmax>
            <xmin>139</xmin>
            <ymax>64</ymax>
            <ymin>58</ymin>
        </bndbox>
        <type>2</type>
        <direction>2</direction>
        <previous>0</previous>
    </vehicle>
    <vehicle>
        <id>14</id>
        <bndbox>
            <xmax>208</xmax>
            <xmin>1</xmin>
            <ymax>236</ymax>
            <ymin>104</ymin>
        </bndbox>
        <type>6</type>
        <direction>8</direction>
        <previous>0</previous>
    </vehicle>
    <vehicle>
        <id>15</id>
        <bndbox>
            <xmax>312</xmax>
            <xmin>0</xmin>
            <ymax>239</ymax>
            <ymin>187</ymin>
        </bndbox>
        <type>6</type>
        <direction>4</direction>
        <previous>0</previous>
    </vehicle>
    <vehicle>
        <id>16</id>
        <bndbox>
            <xmax>351</xmax>
            <xmin>309</xmin>
            <ymax>235</ymax>
            <ymin>177</ymin>
        </bndbox>
        <type>5</type>
        <direction>4</direction>
        <previous>0</previous>
    </vehicle>
    <vehicle>
        <id>17</id>
        <bndbox>
            <xmax>318</xmax>
            <xmin>282</xmin>
            <ymax>126</ymax>
            <ymin>106</ymin>
        </bndbox>
        <type>2</type>
        <direction>1</direction>
        <previous>0</previous>
    </vehicle>
    <vehicle>
        <id>18</id>
        <bndbox>
            <xmax>190</xmax>
            <xmin>170</xmin>
            <ymax>73</ymax>
            <ymin>59</ymin>
        </bndbox>
        <type>6</type>
        <direction>1</direction>
        <previous>0</previous>
    </vehicle>
</annotation>
