<annotation>
    <video>164-20160223-09.avi</video>
    <frame>000312</frame>
    <time>2016/02/23 11:34:20</time>
    <width>352</width>
    <height>240</height>
    <weather>1</weather>
    <facing>3</facing>
    <flow>1</flow>
    <vehicle>
        <id>1</id>
        <bndbox>
            <xmax>23</xmax>
            <xmin>7</xmin>
            <ymax>108</ymax>
            <ymin>97</ymin>
        </bndbox>
        <type>2</type>
        <direction>2</direction>
        <previous>1</previous>
    </vehicle>
    <vehicle>
        <id>2</id>
        <bndbox>
            <xmax>91</xmax>
            <xmin>16</xmin>
            <ymax>125</ymax>
            <ymin>73</ymin>
        </bndbox>
        <type>6</type>
        <direction>2</direction>
        <previous>2</previous>
    </vehicle>
    <vehicle>
        <id>3</id>
        <bndbox>
            <xmax>108</xmax>
            <xmin>37</xmin>
            <ymax>88</ymax>
            <ymin>59</ymin>
        </bndbox>
        <type>6</type>
        <direction>2</direction>
        <previous>3</previous>
    </vehicle>
    <vehicle>
        <id>4</id>
        <bndbox>
            <xmax>18</xmax>
            <xmin>0</xmin>
            <ymax>151</ymax>
            <ymin>125</ymin>
        </bndbox>
        <type>3</type>
        <direction>2</direction>
        <previous>4</previous>
    </vehicle>
    <vehicle>
        <id>5</id>
        <bndbox>
            <xmax>16</xmax>
            <xmin>2</xmin>
            <ymax>123</ymax>
            <ymin>107</ymin>
        </bndbox>
        <type>2</type>
        <direction>2</direction>
        <previous>5</previous>
    </vehicle>
    <vehicle>
        <id>6</id>
        <bndbox>
            <xmax>77</xmax>
            <xmin>23</xmin>
            <ymax>147</ymax>
            <ymin>91</ymin>
        </bndbox>
        <type>5</type>
        <direction>2</direction>
        <previous>6</previous>
    </vehicle>
    <vehicle>
        <id>7</id>
        <bndbox>
            <xmax>103</xmax>
            <xmin>72</xmin>
            <ymax>112</ymax>
            <ymin>83</ymin>
        </bndbox>
        <type>2</type>
        <direction>2</direction>
        <previous>7</previous>
    </vehicle>
    <vehicle>
        <id>8</id>
        <bndbox>
            <xmax>124</xmax>
            <xmin>108</xmin>
            <ymax>80</ymax>
            <ymin>67</ymin>
        </bndbox>
        <type>3</type>
        <direction>2</direction>
        <previous>0</previous>
    </vehicle>
    <vehicle>
        <id>9</id>
        <bndbox>
            <xmax>138</xmax>
            <xmin>129</xmin>
            <ymax>72</ymax>
            <ymin>64</ymin>
        </bndbox>
        <type>1</type>
        <direction>2</direction>
        <previous>0</previous>
    </vehicle>
    <vehicle>
        <id>10</id>
        <bndbox>
            <xmax>142</xmax>
            <xmin>135</xmin>
            <ymax>66</ymax>
            <ymin>60</ymin>
        </bndbox>
        <type>3</type>
        <direction>2</direction>
        <previous>0</previous>
    </vehicle>
    <vehicle>
        <id>11</id>
        <bndbox>
            <xmax>32</xmax>
            <xmin>0</xmin>
            <ymax>200</ymax>
            <ymin>171</ymin>
        </bndbox>
        <type>2</type>
        <direction>4</direction>
        <previous>0</previous>
    </vehicle>
    <vehicle>
        <id>12</id>
        <bndbox>
            <xmax>243</xmax>
            <xmin>149</xmin>
            <ymax>198</ymax>
            <ymin>167</ymin>
        </bndbox>
        <type>3</type>
        <direction>4</direction>
        <previous>0</previous>
    </vehicle>
    <vehicle>
        <id>13</id>
        <bndbox>
            <xmax>299</xmax>
            <xmin>202</xmin>
            <ymax>230</ymax>
            <ymin>191</ymin>
        </bndbox>
        <type>3</type>
        <direction>4</direction>
        <previous>0</previous>
    </vehicle>
    <vehicle>
        <id>14</id>
        <bndbox>
            <xmax>317</xmax>
            <xmin>268</xmin>
            <ymax>171</ymax>
            <ymin>135</ymin>
        </bndbox>
        <type>3</type>
        <direction>7</direction>
        <previous>0</previous>
    </vehicle>
    <vehicle>
        <id>15</id>
        <bndbox>
            <xmax>319</xmax>
            <xmin>284</xmin>
            <ymax>137</ymax>
            <ymin>113</ymin>
        </bndbox>
        <type>2</type>
        <direction>4</direction>
        <previous>0</previous>
    </vehicle>
    <vehicle>
        <id>16</id>
        <bndbox>
            <xmax>351</xmax>
            <xmin>320</xmin>
            <ymax>120</ymax>
            <ymin>104</ymin>
        </bndbox>
        <type>3</type>
        <direction>1</direction>
        <previous>0</previous>
    </vehicle>
    <vehicle>
        <id>17</id>
        <bndbox>
            <xmax>288</xmax>
            <xmin>244</xmin>
            <ymax>104</ymax>
            <ymin>76</ymin>
        </bndbox>
        <type>6</type>
        <direction>1</direction>
        <previous>0</previous>
    </vehicle>
    <vehicle>
        <id>18</id>
        <bndbox>
            <xmax>226</xmax>
            <xmin>206</xmin>
            <ymax>84</ymax>
            <ymin>74</ymin>
        </bndbox>
        <type>3</type>
        <direction>1</direction>
        <previous>0</previous>
    </vehicle>
    <vehicle>
        <id>19</id>
        <bndbox>
            <xmax>186</xmax>
            <xmin>169</xmin>
            <ymax>81</ymax>
            <ymin>68</ymin>
        </bndbox>
        <type>4</type>
        <direction>1</direction>
        <previous>0</previous>
    </vehicle>
    <vehicle>
        <id>20</id>
        <bndbox>
            <xmax>199</xmax>
            <xmin>181</xmin>
            <ymax>75</ymax>
            <ymin>64</ymin>
        </bndbox>
        <type>7</type>
        <direction>2</direction>
        <previous>0</previous>
    </vehicle>
    <vehicle>
        <id>21</id>
        <bndbox>
            <xmax>176</xmax>
            <xmin>167</xmin>
            <ymax>64</ymax>
            <ymin>58</ymin>
        </bndbox>
        <type>3</type>
        <direction>1</direction>
        <previous>0</previous>
    </vehicle>
</annotation>
