<annotation>
    <video>164-20160223-09.avi</video>
    <frame>000329</frame>
    <time>2016/02/23 11:41:09</time>
    <width>352</width>
    <height>240</height>
    <weather>1</weather>
    <facing>3</facing>
    <flow>2</flow>
    <vehicle>
        <id>1</id>
        <bndbox>
            <xmax>35</xmax>
            <xmin>1</xmin>
            <ymax>101</ymax>
            <ymin>78</ymin>
        </bndbox>
        <type>6</type>
        <direction>2</direction>
        <previous>1</previous>
    </vehicle>
    <vehicle>
        <id>2</id>
        <bndbox>
            <xmax>75</xmax>
            <xmin>42</xmin>
            <ymax>88</ymax>
            <ymin>70</ymin>
        </bndbox>
        <type>6</type>
        <direction>2</direction>
        <previous>2</previous>
    </vehicle>
    <vehicle>
        <id>3</id>
        <bndbox>
            <xmax>113</xmax>
            <xmin>90</xmin>
            <ymax>74</ymax>
            <ymin>59</ymin>
        </bndbox>
        <type>6</type>
        <direction>2</direction>
        <previous>4</previous>
    </vehicle>
    <vehicle>
        <id>4</id>
        <bndbox>
            <xmax>46</xmax>
            <xmin>0</xmin>
            <ymax>153</ymax>
            <ymin>90</ymin>
        </bndbox>
        <type>6</type>
        <direction>2</direction>
        <previous>0</previous>
    </vehicle>
    <vehicle>
        <id>5</id>
        <bndbox>
            <xmax>64</xmax>
            <xmin>43</xmin>
            <ymax>117</ymax>
            <ymin>99</ymin>
        </bndbox>
        <type>2</type>
        <direction>2</direction>
        <previous>0</previous>
    </vehicle>
    <vehicle>
        <id>6</id>
        <bndbox>
            <xmax>70</xmax>
            <xmin>47</xmin>
            <ymax>101</ymax>
            <ymin>87</ymin>
        </bndbox>
        <type>3</type>
        <direction>2</direction>
        <previous>0</previous>
    </vehicle>
    <vehicle>
        <id>7</id>
        <bndbox>
            <xmax>94</xmax>
            <xmin>71</xmin>
            <ymax>90</ymax>
            <ymin>69</ymin>
        </bndbox>
        <type>5</type>
        <direction>2</direction>
        <previous>0</previous>
    </vehicle>
    <vehicle>
        <id>8</id>
        <bndbox>
            <xmax>129</xmax>
            <xmin>109</xmin>
            <ymax>76</ymax>
            <ymin>61</ymin>
        </bndbox>
        <type>3</type>
        <direction>2</direction>
        <previous>0</previous>
    </vehicle>
    <vehicle>
        <id>9</id>
        <bndbox>
            <xmax>71</xmax>
            <xmin>45</xmin>
            <ymax>134</ymax>
            <ymin>112</ymin>
        </bndbox>
        <type>2</type>
        <direction>2</direction>
        <previous>0</previous>
    </vehicle>
    <vehicle>
        <id>10</id>
        <bndbox>
            <xmax>90</xmax>
            <xmin>65</xmin>
            <ymax>115</ymax>
            <ymin>93</ymin>
        </bndbox>
        <type>7</type>
        <direction>2</direction>
        <previous>0</previous>
    </vehicle>
    <vehicle>
        <id>11</id>
        <bndbox>
            <xmax>103</xmax>
            <xmin>88</xmin>
            <ymax>104</ymax>
            <ymin>90</ymin>
        </bndbox>
        <type>3</type>
        <direction>2</direction>
        <previous>0</previous>
    </vehicle>
    <vehicle>
        <id>12</id>
        <bndbox>
            <xmax>145</xmax>
            <xmin>137</xmin>
            <ymax>65</ymax>
            <ymin>58</ymin>
        </bndbox>
        <type>3</type>
        <direction>2</direction>
        <previous>0</previous>
    </vehicle>
    <vehicle>
        <id>13</id>
        <bndbox>
            <xmax>50</xmax>
            <xmin>19</xmin>
            <ymax>174</ymax>
            <ymin>146</ymin>
        </bndbox>
        <type>3</type>
        <direction>8</direction>
        <previous>0</previous>
    </vehicle>
    <vehicle>
        <id>14</id>
        <bndbox>
            <xmax>52</xmax>
            <xmin>0</xmin>
            <ymax>239</ymax>
            <ymin>198</ymin>
        </bndbox>
        <type>3</type>
        <direction>8</direction>
        <previous>0</previous>
    </vehicle>
    <vehicle>
        <id>15</id>
        <bndbox>
            <xmax>126</xmax>
            <xmin>48</xmin>
            <ymax>229</ymax>
            <ymin>175</ymin>
        </bndbox>
        <type>3</type>
        <direction>8</direction>
        <previous>0</previous>
    </vehicle>
    <vehicle>
        <id>16</id>
        <bndbox>
            <xmax>321</xmax>
            <xmin>201</xmin>
            <ymax>238</ymax>
            <ymin>200</ymin>
        </bndbox>
        <type>2</type>
        <direction>4</direction>
        <previous>0</previous>
    </vehicle>
    <vehicle>
        <id>17</id>
        <bndbox>
            <xmax>343</xmax>
            <xmin>219</xmin>
            <ymax>204</ymax>
            <ymin>151</ymin>
        </bndbox>
        <type>7</type>
        <direction>4</direction>
        <previous>0</previous>
    </vehicle>
    <vehicle>
        <id>18</id>
        <bndbox>
            <xmax>351</xmax>
            <xmin>335</xmin>
            <ymax>164</ymax>
            <ymin>135</ymin>
        </bndbox>
        <type>2</type>
        <direction>7</direction>
        <previous>0</previous>
    </vehicle>
    <vehicle>
        <id>19</id>
        <bndbox>
            <xmax>177</xmax>
            <xmin>166</xmin>
            <ymax>68</ymax>
            <ymin>60</ymin>
        </bndbox>
        <type>2</type>
        <direction>1</direction>
        <previous>0</previous>
    </vehicle>
</annotation>
