<annotation>
    <video>164-20160223-09.avi</video>
    <frame>000372</frame>
    <time>2016/02/23 11:58:19</time>
    <width>352</width>
    <height>240</height>
    <weather>1</weather>
    <facing>3</facing>
    <flow>1</flow>
    <vehicle>
        <id>1</id>
        <bndbox>
            <xmax>35</xmax>
            <xmin>7</xmin>
            <ymax>108</ymax>
            <ymin>85</ymin>
        </bndbox>
        <type>5</type>
        <direction>2</direction>
        <previous>1</previous>
    </vehicle>
    <vehicle>
        <id>2</id>
        <bndbox>
            <xmax>90</xmax>
            <xmin>32</xmin>
            <ymax>95</ymax>
            <ymin>62</ymin>
        </bndbox>
        <type>6</type>
        <direction>2</direction>
        <previous>2</previous>
    </vehicle>
    <vehicle>
        <id>3</id>
        <bndbox>
            <xmax>38</xmax>
            <xmin>4</xmin>
            <ymax>121</ymax>
            <ymin>102</ymin>
        </bndbox>
        <type>7</type>
        <direction>2</direction>
        <previous>3</previous>
    </vehicle>
    <vehicle>
        <id>4</id>
        <bndbox>
            <xmax>60</xmax>
            <xmin>39</xmin>
            <ymax>107</ymax>
            <ymin>93</ymin>
        </bndbox>
        <type>3</type>
        <direction>2</direction>
        <previous>4</previous>
    </vehicle>
    <vehicle>
        <id>5</id>
        <bndbox>
            <xmax>27</xmax>
            <xmin>0</xmin>
            <ymax>151</ymax>
            <ymin>123</ymin>
        </bndbox>
        <type>3</type>
        <direction>2</direction>
        <previous>5</previous>
    </vehicle>
    <vehicle>
        <id>6</id>
        <bndbox>
            <xmax>52</xmax>
            <xmin>23</xmin>
            <ymax>132</ymax>
            <ymin>111</ymin>
        </bndbox>
        <type>3</type>
        <direction>2</direction>
        <previous>6</previous>
    </vehicle>
    <vehicle>
        <id>7</id>
        <bndbox>
            <xmax>68</xmax>
            <xmin>48</xmin>
            <ymax>115</ymax>
            <ymin>98</ymin>
        </bndbox>
        <type>3</type>
        <direction>2</direction>
        <previous>7</previous>
    </vehicle>
    <vehicle>
        <id>8</id>
        <bndbox>
            <xmax>89</xmax>
            <xmin>68</xmin>
            <ymax>104</ymax>
            <ymin>88</ymin>
        </bndbox>
        <type>2</type>
        <direction>2</direction>
        <previous>8</previous>
    </vehicle>
    <vehicle>
        <id>9</id>
        <bndbox>
            <xmax>60</xmax>
            <xmin>28</xmin>
            <ymax>147</ymax>
            <ymin>123</ymin>
        </bndbox>
        <type>2</type>
        <direction>2</direction>
        <previous>9</previous>
    </vehicle>
    <vehicle>
        <id>10</id>
        <bndbox>
            <xmax>84</xmax>
            <xmin>59</xmin>
            <ymax>125</ymax>
            <ymin>106</ymin>
        </bndbox>
        <type>2</type>
        <direction>2</direction>
        <previous>10</previous>
    </vehicle>
    <vehicle>
        <id>11</id>
        <bndbox>
            <xmax>94</xmax>
            <xmin>78</xmin>
            <ymax>109</ymax>
            <ymin>97</ymin>
        </bndbox>
        <type>2</type>
        <direction>2</direction>
        <previous>11</previous>
    </vehicle>
    <vehicle>
        <id>12</id>
        <bndbox>
            <xmax>103</xmax>
            <xmin>88</xmin>
            <ymax>98</ymax>
            <ymin>86</ymin>
        </bndbox>
        <type>3</type>
        <direction>2</direction>
        <previous>12</previous>
    </vehicle>
    <vehicle>
        <id>13</id>
        <bndbox>
            <xmax>123</xmax>
            <xmin>110</xmin>
            <ymax>85</ymax>
            <ymin>74</ymin>
        </bndbox>
        <type>3</type>
        <direction>2</direction>
        <previous>13</previous>
    </vehicle>
    <vehicle>
        <id>14</id>
        <bndbox>
            <xmax>106</xmax>
            <xmin>91</xmin>
            <ymax>86</ymax>
            <ymin>75</ymin>
        </bndbox>
        <type>2</type>
        <direction>2</direction>
        <previous>14</previous>
    </vehicle>
    <vehicle>
        <id>15</id>
        <bndbox>
            <xmax>124</xmax>
            <xmin>110</xmin>
            <ymax>73</ymax>
            <ymin>63</ymin>
        </bndbox>
        <type>2</type>
        <direction>2</direction>
        <previous>0</previous>
    </vehicle>
    <vehicle>
        <id>16</id>
        <bndbox>
            <xmax>133</xmax>
            <xmin>125</xmin>
            <ymax>76</ymax>
            <ymin>68</ymin>
        </bndbox>
        <type>3</type>
        <direction>2</direction>
        <previous>0</previous>
    </vehicle>
    <vehicle>
        <id>17</id>
        <bndbox>
            <xmax>144</xmax>
            <xmin>132</xmin>
            <ymax>69</ymax>
            <ymin>61</ymin>
        </bndbox>
        <type>3</type>
        <direction>2</direction>
        <previous>0</previous>
    </vehicle>
    <vehicle>
        <id>18</id>
        <bndbox>
            <xmax>220</xmax>
            <xmin>129</xmin>
            <ymax>194</ymax>
            <ymin>156</ymin>
        </bndbox>
        <type>7</type>
        <direction>4</direction>
        <previous>0</previous>
    </vehicle>
    <vehicle>
        <id>19</id>
        <bndbox>
            <xmax>301</xmax>
            <xmin>202</xmin>
            <ymax>236</ymax>
            <ymin>194</ymin>
        </bndbox>
        <type>2</type>
        <direction>4</direction>
        <previous>0</previous>
    </vehicle>
    <vehicle>
        <id>20</id>
        <bndbox>
            <xmax>323</xmax>
            <xmin>272</xmin>
            <ymax>168</ymax>
            <ymin>132</ymin>
        </bndbox>
        <type>3</type>
        <direction>7</direction>
        <previous>0</previous>
    </vehicle>
    <vehicle>
        <id>21</id>
        <bndbox>
            <xmax>305</xmax>
            <xmin>261</xmin>
            <ymax>123</ymax>
            <ymin>98</ymin>
        </bndbox>
        <type>2</type>
        <direction>1</direction>
        <previous>0</previous>
    </vehicle>
    <vehicle>
        <id>22</id>
        <bndbox>
            <xmax>272</xmax>
            <xmin>245</xmin>
            <ymax>99</ymax>
            <ymin>85</ymin>
        </bndbox>
        <type>2</type>
        <direction>1</direction>
        <previous>0</previous>
    </vehicle>
    <vehicle>
        <id>23</id>
        <bndbox>
            <xmax>224</xmax>
            <xmin>207</xmin>
            <ymax>85</ymax>
            <ymin>76</ymin>
        </bndbox>
        <type>2</type>
        <direction>1</direction>
        <previous>0</previous>
    </vehicle>
    <vehicle>
        <id>24</id>
        <bndbox>
            <xmax>188</xmax>
            <xmin>173</xmin>
            <ymax>81</ymax>
            <ymin>69</ymin>
        </bndbox>
        <type>3</type>
        <direction>1</direction>
        <previous>0</previous>
    </vehicle>
    <vehicle>
        <id>25</id>
        <bndbox>
            <xmax>164</xmax>
            <xmin>157</xmin>
            <ymax>70</ymax>
            <ymin>62</ymin>
        </bndbox>
        <type>3</type>
        <direction>1</direction>
        <previous>0</previous>
    </vehicle>
</annotation>
