<annotation>
    <video>164-20160223-09.avi</video>
    <frame>000364</frame>
    <time>2016/02/23 11:55:07</time>
    <width>352</width>
    <height>240</height>
    <weather>1</weather>
    <facing>3</facing>
    <flow>1</flow>
    <vehicle>
        <id>1</id>
        <bndbox>
            <xmax>22</xmax>
            <xmin>0</xmin>
            <ymax>131</ymax>
            <ymin>98</ymin>
        </bndbox>
        <type>6</type>
        <direction>2</direction>
        <previous>1</previous>
    </vehicle>
    <vehicle>
        <id>2</id>
        <bndbox>
            <xmax>9</xmax>
            <xmin>0</xmin>
            <ymax>151</ymax>
            <ymin>134</ymin>
        </bndbox>
        <type>2</type>
        <direction>2</direction>
        <previous>2</previous>
    </vehicle>
    <vehicle>
        <id>3</id>
        <bndbox>
            <xmax>42</xmax>
            <xmin>14</xmin>
            <ymax>138</ymax>
            <ymin>115</ymin>
        </bndbox>
        <type>3</type>
        <direction>2</direction>
        <previous>3</previous>
    </vehicle>
    <vehicle>
        <id>4</id>
        <bndbox>
            <xmax>42</xmax>
            <xmin>29</xmin>
            <ymax>113</ymax>
            <ymin>98</ymin>
        </bndbox>
        <type>3</type>
        <direction>2</direction>
        <previous>4</previous>
    </vehicle>
    <vehicle>
        <id>5</id>
        <bndbox>
            <xmax>75</xmax>
            <xmin>40</xmin>
            <ymax>117</ymax>
            <ymin>84</ymin>
        </bndbox>
        <type>6</type>
        <direction>2</direction>
        <previous>5</previous>
    </vehicle>
    <vehicle>
        <id>6</id>
        <bndbox>
            <xmax>87</xmax>
            <xmin>74</xmin>
            <ymax>87</ymax>
            <ymin>79</ymin>
        </bndbox>
        <type>1</type>
        <direction>2</direction>
        <previous>6</previous>
    </vehicle>
    <vehicle>
        <id>7</id>
        <bndbox>
            <xmax>95</xmax>
            <xmin>87</xmin>
            <ymax>83</ymax>
            <ymin>76</ymin>
        </bndbox>
        <type>2</type>
        <direction>2</direction>
        <previous>7</previous>
    </vehicle>
    <vehicle>
        <id>8</id>
        <bndbox>
            <xmax>61</xmax>
            <xmin>29</xmin>
            <ymax>147</ymax>
            <ymin>123</ymin>
        </bndbox>
        <type>2</type>
        <direction>2</direction>
        <previous>8</previous>
    </vehicle>
    <vehicle>
        <id>9</id>
        <bndbox>
            <xmax>85</xmax>
            <xmin>57</xmin>
            <ymax>124</ymax>
            <ymin>100</ymin>
        </bndbox>
        <type>7</type>
        <direction>2</direction>
        <previous>9</previous>
    </vehicle>
    <vehicle>
        <id>10</id>
        <bndbox>
            <xmax>125</xmax>
            <xmin>92</xmin>
            <ymax>91</ymax>
            <ymin>64</ymin>
        </bndbox>
        <type>6</type>
        <direction>2</direction>
        <previous>10</previous>
    </vehicle>
    <vehicle>
        <id>11</id>
        <bndbox>
            <xmax>136</xmax>
            <xmin>119</xmin>
            <ymax>73</ymax>
            <ymin>60</ymin>
        </bndbox>
        <type>5</type>
        <direction>2</direction>
        <previous>11</previous>
    </vehicle>
    <vehicle>
        <id>12</id>
        <bndbox>
            <xmax>88</xmax>
            <xmin>76</xmin>
            <ymax>98</ymax>
            <ymin>88</ymin>
        </bndbox>
        <type>2</type>
        <direction>2</direction>
        <previous>0</previous>
    </vehicle>
    <vehicle>
        <id>13</id>
        <bndbox>
            <xmax>108</xmax>
            <xmin>37</xmin>
            <ymax>203</ymax>
            <ymin>167</ymin>
        </bndbox>
        <type>3</type>
        <direction>4</direction>
        <previous>0</previous>
    </vehicle>
    <vehicle>
        <id>14</id>
        <bndbox>
            <xmax>110</xmax>
            <xmin>9</xmin>
            <ymax>239</ymax>
            <ymin>195</ymin>
        </bndbox>
        <type>3</type>
        <direction>4</direction>
        <previous>0</previous>
    </vehicle>
    <vehicle>
        <id>15</id>
        <bndbox>
            <xmax>276</xmax>
            <xmin>175</xmin>
            <ymax>234</ymax>
            <ymin>188</ymin>
        </bndbox>
        <type>2</type>
        <direction>4</direction>
        <previous>0</previous>
    </vehicle>
    <vehicle>
        <id>16</id>
        <bndbox>
            <xmax>350</xmax>
            <xmin>290</xmin>
            <ymax>205</ymax>
            <ymin>164</ymin>
        </bndbox>
        <type>2</type>
        <direction>4</direction>
        <previous>0</previous>
    </vehicle>
    <vehicle>
        <id>17</id>
        <bndbox>
            <xmax>318</xmax>
            <xmin>292</xmin>
            <ymax>143</ymax>
            <ymin>119</ymin>
        </bndbox>
        <type>3</type>
        <direction>7</direction>
        <previous>0</previous>
    </vehicle>
    <vehicle>
        <id>18</id>
        <bndbox>
            <xmax>291</xmax>
            <xmin>259</xmin>
            <ymax>116</ymax>
            <ymin>100</ymin>
        </bndbox>
        <type>2</type>
        <direction>1</direction>
        <previous>0</previous>
    </vehicle>
    <vehicle>
        <id>19</id>
        <bndbox>
            <xmax>209</xmax>
            <xmin>192</xmin>
            <ymax>87</ymax>
            <ymin>77</ymin>
        </bndbox>
        <type>3</type>
        <direction>1</direction>
        <previous>0</previous>
    </vehicle>
    <vehicle>
        <id>20</id>
        <bndbox>
            <xmax>177</xmax>
            <xmin>167</xmin>
            <ymax>70</ymax>
            <ymin>63</ymin>
        </bndbox>
        <type>2</type>
        <direction>1</direction>
        <previous>0</previous>
    </vehicle>
</annotation>
