<annotation>
    <video>164-20160223-09.avi</video>
    <frame>000305</frame>
    <time>2016/02/23 11:31:34</time>
    <width>352</width>
    <height>240</height>
    <weather>1</weather>
    <facing>3</facing>
    <flow>2</flow>
    <vehicle>
        <id>1</id>
        <bndbox>
            <xmax>28</xmax>
            <xmin>2</xmin>
            <ymax>110</ymax>
            <ymin>86</ymin>
        </bndbox>
        <type>5</type>
        <direction>2</direction>
        <previous>1</previous>
    </vehicle>
    <vehicle>
        <id>2</id>
        <bndbox>
            <xmax>64</xmax>
            <xmin>31</xmin>
            <ymax>98</ymax>
            <ymin>75</ymin>
        </bndbox>
        <type>6</type>
        <direction>2</direction>
        <previous>3</previous>
    </vehicle>
    <vehicle>
        <id>3</id>
        <bndbox>
            <xmax>95</xmax>
            <xmin>71</xmin>
            <ymax>79</ymax>
            <ymin>66</ymin>
        </bndbox>
        <type>6</type>
        <direction>2</direction>
        <previous>0</previous>
    </vehicle>
    <vehicle>
        <id>4</id>
        <bndbox>
            <xmax>27</xmax>
            <xmin>8</xmin>
            <ymax>110</ymax>
            <ymin>97</ymin>
        </bndbox>
        <type>3</type>
        <direction>2</direction>
        <previous>0</previous>
    </vehicle>
    <vehicle>
        <id>5</id>
        <bndbox>
            <xmax>40</xmax>
            <xmin>1</xmin>
            <ymax>151</ymax>
            <ymin>105</ymin>
        </bndbox>
        <type>5</type>
        <direction>2</direction>
        <previous>0</previous>
    </vehicle>
    <vehicle>
        <id>6</id>
        <bndbox>
            <xmax>68</xmax>
            <xmin>42</xmin>
            <ymax>121</ymax>
            <ymin>90</ymin>
        </bndbox>
        <type>3</type>
        <direction>2</direction>
        <previous>0</previous>
    </vehicle>
    <vehicle>
        <id>7</id>
        <bndbox>
            <xmax>88</xmax>
            <xmin>72</xmin>
            <ymax>89</ymax>
            <ymin>80</ymin>
        </bndbox>
        <type>2</type>
        <direction>2</direction>
        <previous>0</previous>
    </vehicle>
    <vehicle>
        <id>8</id>
        <bndbox>
            <xmax>95</xmax>
            <xmin>80</xmin>
            <ymax>94</ymax>
            <ymin>84</ymin>
        </bndbox>
        <type>2</type>
        <direction>2</direction>
        <previous>0</previous>
    </vehicle>
    <vehicle>
        <id>9</id>
        <bndbox>
            <xmax>109</xmax>
            <xmin>92</xmin>
            <ymax>82</ymax>
            <ymin>68</ymin>
        </bndbox>
        <type>7</type>
        <direction>2</direction>
        <previous>0</previous>
    </vehicle>
    <vehicle>
        <id>10</id>
        <bndbox>
            <xmax>122</xmax>
            <xmin>113</xmin>
            <ymax>69</ymax>
            <ymin>58</ymin>
        </bndbox>
        <type>3</type>
        <direction>2</direction>
        <previous>0</previous>
    </vehicle>
    <vehicle>
        <id>11</id>
        <bndbox>
            <xmax>81</xmax>
            <xmin>58</xmin>
            <ymax>125</ymax>
            <ymin>107</ymin>
        </bndbox>
        <type>2</type>
        <direction>2</direction>
        <previous>0</previous>
    </vehicle>
    <vehicle>
        <id>12</id>
        <bndbox>
            <xmax>101</xmax>
            <xmin>86</xmin>
            <ymax>106</ymax>
            <ymin>94</ymin>
        </bndbox>
        <type>2</type>
        <direction>2</direction>
        <previous>0</previous>
    </vehicle>
    <vehicle>
        <id>13</id>
        <bndbox>
            <xmax>116</xmax>
            <xmin>98</xmin>
            <ymax>92</ymax>
            <ymin>75</ymin>
        </bndbox>
        <type>7</type>
        <direction>2</direction>
        <previous>0</previous>
    </vehicle>
    <vehicle>
        <id>14</id>
        <bndbox>
            <xmax>128</xmax>
            <xmin>118</xmin>
            <ymax>80</ymax>
            <ymin>70</ymin>
        </bndbox>
        <type>2</type>
        <direction>2</direction>
        <previous>0</previous>
    </vehicle>
    <vehicle>
        <id>15</id>
        <bndbox>
            <xmax>133</xmax>
            <xmin>127</xmin>
            <ymax>74</ymax>
            <ymin>66</ymin>
        </bndbox>
        <type>3</type>
        <direction>2</direction>
        <previous>0</previous>
    </vehicle>
    <vehicle>
        <id>16</id>
        <bndbox>
            <xmax>139</xmax>
            <xmin>133</xmin>
            <ymax>72</ymax>
            <ymin>63</ymin>
        </bndbox>
        <type>3</type>
        <direction>2</direction>
        <previous>0</previous>
    </vehicle>
    <vehicle>
        <id>17</id>
        <bndbox>
            <xmax>24</xmax>
            <xmin>0</xmin>
            <ymax>210</ymax>
            <ymin>168</ymin>
        </bndbox>
        <type>2</type>
        <direction>8</direction>
        <previous>0</previous>
    </vehicle>
    <vehicle>
        <id>18</id>
        <bndbox>
            <xmax>73</xmax>
            <xmin>1</xmin>
            <ymax>239</ymax>
            <ymin>212</ymin>
        </bndbox>
        <type>3</type>
        <direction>8</direction>
        <previous>0</previous>
    </vehicle>
    <vehicle>
        <id>19</id>
        <bndbox>
            <xmax>146</xmax>
            <xmin>81</xmin>
            <ymax>197</ymax>
            <ymin>167</ymin>
        </bndbox>
        <type>2</type>
        <direction>8</direction>
        <previous>0</previous>
    </vehicle>
    <vehicle>
        <id>20</id>
        <bndbox>
            <xmax>283</xmax>
            <xmin>162</xmin>
            <ymax>239</ymax>
            <ymin>188</ymin>
        </bndbox>
        <type>2</type>
        <direction>4</direction>
        <previous>0</previous>
    </vehicle>
    <vehicle>
        <id>21</id>
        <bndbox>
            <xmax>320</xmax>
            <xmin>274</xmin>
            <ymax>168</ymax>
            <ymin>141</ymin>
        </bndbox>
        <type>2</type>
        <direction>7</direction>
        <previous>0</previous>
    </vehicle>
    <vehicle>
        <id>22</id>
        <bndbox>
            <xmax>311</xmax>
            <xmin>274</xmin>
            <ymax>129</ymax>
            <ymin>109</ymin>
        </bndbox>
        <type>2</type>
        <direction>1</direction>
        <previous>0</previous>
    </vehicle>
    <vehicle>
        <id>23</id>
        <bndbox>
            <xmax>204</xmax>
            <xmin>183</xmin>
            <ymax>85</ymax>
            <ymin>73</ymin>
        </bndbox>
        <type>2</type>
        <direction>1</direction>
        <previous>0</previous>
    </vehicle>
</annotation>
