<annotation>
    <video>164-20160223-09.avi</video>
    <frame>000381</frame>
    <time>2016/02/23 12:01:52</time>
    <width>352</width>
    <height>240</height>
    <weather>1</weather>
    <facing>3</facing>
    <flow>2</flow>
    <vehicle>
        <id>1</id>
        <bndbox>
            <xmax>65</xmax>
            <xmin>2</xmin>
            <ymax>127</ymax>
            <ymin>76</ymin>
        </bndbox>
        <type>6</type>
        <direction>2</direction>
        <previous>0</previous>
    </vehicle>
    <vehicle>
        <id>2</id>
        <bndbox>
            <xmax>119</xmax>
            <xmin>85</xmin>
            <ymax>78</ymax>
            <ymin>60</ymin>
        </bndbox>
        <type>8</type>
        <direction>2</direction>
        <previous>0</previous>
    </vehicle>
    <vehicle>
        <id>3</id>
        <bndbox>
            <xmax>78</xmax>
            <xmin>66</xmin>
            <ymax>93</ymax>
            <ymin>82</ymin>
        </bndbox>
        <type>2</type>
        <direction>2</direction>
        <previous>0</previous>
    </vehicle>
    <vehicle>
        <id>4</id>
        <bndbox>
            <xmax>35</xmax>
            <xmin>3</xmin>
            <ymax>144</ymax>
            <ymin>118</ymin>
        </bndbox>
        <type>2</type>
        <direction>2</direction>
        <previous>0</previous>
    </vehicle>
    <vehicle>
        <id>5</id>
        <bndbox>
            <xmax>55</xmax>
            <xmin>30</xmin>
            <ymax>126</ymax>
            <ymin>108</ymin>
        </bndbox>
        <type>1</type>
        <direction>2</direction>
        <previous>0</previous>
    </vehicle>
    <vehicle>
        <id>6</id>
        <bndbox>
            <xmax>89</xmax>
            <xmin>72</xmin>
            <ymax>100</ymax>
            <ymin>83</ymin>
        </bndbox>
        <type>3</type>
        <direction>2</direction>
        <previous>0</previous>
    </vehicle>
    <vehicle>
        <id>7</id>
        <bndbox>
            <xmax>112</xmax>
            <xmin>93</xmin>
            <ymax>83</ymax>
            <ymin>67</ymin>
        </bndbox>
        <type>7</type>
        <direction>2</direction>
        <previous>0</previous>
    </vehicle>
    <vehicle>
        <id>8</id>
        <bndbox>
            <xmax>58</xmax>
            <xmin>25</xmin>
            <ymax>152</ymax>
            <ymin>126</ymin>
        </bndbox>
        <type>1</type>
        <direction>2</direction>
        <previous>0</previous>
    </vehicle>
    <vehicle>
        <id>9</id>
        <bndbox>
            <xmax>82</xmax>
            <xmin>51</xmin>
            <ymax>127</ymax>
            <ymin>105</ymin>
        </bndbox>
        <type>2</type>
        <direction>2</direction>
        <previous>0</previous>
    </vehicle>
    <vehicle>
        <id>10</id>
        <bndbox>
            <xmax>104</xmax>
            <xmin>83</xmin>
            <ymax>104</ymax>
            <ymin>88</ymin>
        </bndbox>
        <type>2</type>
        <direction>2</direction>
        <previous>0</previous>
    </vehicle>
    <vehicle>
        <id>11</id>
        <bndbox>
            <xmax>113</xmax>
            <xmin>100</xmin>
            <ymax>92</ymax>
            <ymin>80</ymin>
        </bndbox>
        <type>3</type>
        <direction>2</direction>
        <previous>0</previous>
    </vehicle>
    <vehicle>
        <id>12</id>
        <bndbox>
            <xmax>136</xmax>
            <xmin>127</xmin>
            <ymax>72</ymax>
            <ymin>64</ymin>
        </bndbox>
        <type>3</type>
        <direction>2</direction>
        <previous>0</previous>
    </vehicle>
    <vehicle>
        <id>13</id>
        <bndbox>
            <xmax>144</xmax>
            <xmin>135</xmin>
            <ymax>65</ymax>
            <ymin>59</ymin>
        </bndbox>
        <type>3</type>
        <direction>2</direction>
        <previous>0</previous>
    </vehicle>
    <vehicle>
        <id>14</id>
        <bndbox>
            <xmax>135</xmax>
            <xmin>54</xmin>
            <ymax>190</ymax>
            <ymin>149</ymin>
        </bndbox>
        <type>2</type>
        <direction>8</direction>
        <previous>0</previous>
    </vehicle>
    <vehicle>
        <id>15</id>
        <bndbox>
            <xmax>163</xmax>
            <xmin>0</xmin>
            <ymax>239</ymax>
            <ymin>153</ymin>
        </bndbox>
        <type>6</type>
        <direction>8</direction>
        <previous>0</previous>
    </vehicle>
    <vehicle>
        <id>16</id>
        <bndbox>
            <xmax>261</xmax>
            <xmin>155</xmin>
            <ymax>237</ymax>
            <ymin>179</ymin>
        </bndbox>
        <type>2</type>
        <direction>4</direction>
        <previous>0</previous>
    </vehicle>
    <vehicle>
        <id>17</id>
        <bndbox>
            <xmax>303</xmax>
            <xmin>218</xmin>
            <ymax>203</ymax>
            <ymin>166</ymin>
        </bndbox>
        <type>2</type>
        <direction>4</direction>
        <previous>0</previous>
    </vehicle>
    <vehicle>
        <id>18</id>
        <bndbox>
            <xmax>351</xmax>
            <xmin>311</xmin>
            <ymax>231</ymax>
            <ymin>180</ymin>
        </bndbox>
        <type>3</type>
        <direction>4</direction>
        <previous>0</previous>
    </vehicle>
    <vehicle>
        <id>19</id>
        <bndbox>
            <xmax>201</xmax>
            <xmin>183</xmin>
            <ymax>85</ymax>
            <ymin>75</ymin>
        </bndbox>
        <type>3</type>
        <direction>1</direction>
        <previous>0</previous>
    </vehicle>
    <vehicle>
        <id>20</id>
        <bndbox>
            <xmax>223</xmax>
            <xmin>204</xmin>
            <ymax>85</ymax>
            <ymin>73</ymin>
        </bndbox>
        <type>3</type>
        <direction>1</direction>
        <previous>0</previous>
    </vehicle>
    <vehicle>
        <id>21</id>
        <bndbox>
            <xmax>161</xmax>
            <xmin>152</xmin>
            <ymax>68</ymax>
            <ymin>59</ymin>
        </bndbox>
        <type>2</type>
        <direction>1</direction>
        <previous>0</previous>
    </vehicle>
    <vehicle>
        <id>22</id>
        <bndbox>
            <xmax>174</xmax>
            <xmin>163</xmin>
            <ymax>67</ymax>
            <ymin>53</ymin>
        </bndbox>
        <type>6</type>
        <direction>1</direction>
        <previous>0</previous>
    </vehicle>
</annotation>
