<annotation>
    <video>164-20160223-09.avi</video>
    <frame>000347</frame>
    <time>2016/02/23 11:48:21</time>
    <width>352</width>
    <height>240</height>
    <weather>1</weather>
    <facing>3</facing>
    <flow>2</flow>
    <vehicle>
        <id>1</id>
        <bndbox>
            <xmax>23</xmax>
            <xmin>1</xmin>
            <ymax>117</ymax>
            <ymin>87</ymin>
        </bndbox>
        <type>6</type>
        <direction>2</direction>
        <previous>0</previous>
    </vehicle>
    <vehicle>
        <id>2</id>
        <bndbox>
            <xmax>43</xmax>
            <xmin>23</xmin>
            <ymax>94</ymax>
            <ymin>82</ymin>
        </bndbox>
        <type>7</type>
        <direction>2</direction>
        <previous>0</previous>
    </vehicle>
    <vehicle>
        <id>3</id>
        <bndbox>
            <xmax>70</xmax>
            <xmin>45</xmin>
            <ymax>85</ymax>
            <ymin>69</ymin>
        </bndbox>
        <type>6</type>
        <direction>2</direction>
        <previous>0</previous>
    </vehicle>
    <vehicle>
        <id>4</id>
        <bndbox>
            <xmax>113</xmax>
            <xmin>87</xmin>
            <ymax>74</ymax>
            <ymin>57</ymin>
        </bndbox>
        <type>6</type>
        <direction>2</direction>
        <previous>0</previous>
    </vehicle>
    <vehicle>
        <id>5</id>
        <bndbox>
            <xmax>68</xmax>
            <xmin>45</xmin>
            <ymax>120</ymax>
            <ymin>105</ymin>
        </bndbox>
        <type>1</type>
        <direction>2</direction>
        <previous>0</previous>
    </vehicle>
    <vehicle>
        <id>6</id>
        <bndbox>
            <xmax>123</xmax>
            <xmin>102</xmin>
            <ymax>87</ymax>
            <ymin>65</ymin>
        </bndbox>
        <type>5</type>
        <direction>2</direction>
        <previous>0</previous>
    </vehicle>
    <vehicle>
        <id>7</id>
        <bndbox>
            <xmax>132</xmax>
            <xmin>124</xmin>
            <ymax>74</ymax>
            <ymin>66</ymin>
        </bndbox>
        <type>2</type>
        <direction>2</direction>
        <previous>0</previous>
    </vehicle>
    <vehicle>
        <id>8</id>
        <bndbox>
            <xmax>270</xmax>
            <xmin>0</xmin>
            <ymax>239</ymax>
            <ymin>178</ymin>
        </bndbox>
        <type>6</type>
        <direction>4</direction>
        <previous>0</previous>
    </vehicle>
    <vehicle>
        <id>9</id>
        <bndbox>
            <xmax>252</xmax>
            <xmin>136</xmin>
            <ymax>228</ymax>
            <ymin>181</ymin>
        </bndbox>
        <type>2</type>
        <direction>4</direction>
        <previous>0</previous>
    </vehicle>
    <vehicle>
        <id>10</id>
        <bndbox>
            <xmax>280</xmax>
            <xmin>232</xmin>
            <ymax>191</ymax>
            <ymin>155</ymin>
        </bndbox>
        <type>2</type>
        <direction>4</direction>
        <previous>0</previous>
    </vehicle>
    <vehicle>
        <id>11</id>
        <bndbox>
            <xmax>351</xmax>
            <xmin>276</xmin>
            <ymax>239</ymax>
            <ymin>155</ymin>
        </bndbox>
        <type>6</type>
        <direction>4</direction>
        <previous>0</previous>
    </vehicle>
    <vehicle>
        <id>12</id>
        <bndbox>
            <xmax>350</xmax>
            <xmin>285</xmin>
            <ymax>115</ymax>
            <ymin>81</ymin>
        </bndbox>
        <type>6</type>
        <direction>1</direction>
        <previous>0</previous>
    </vehicle>
    <vehicle>
        <id>13</id>
        <bndbox>
            <xmax>224</xmax>
            <xmin>203</xmin>
            <ymax>93</ymax>
            <ymin>82</ymin>
        </bndbox>
        <type>2</type>
        <direction>1</direction>
        <previous>0</previous>
    </vehicle>
    <vehicle>
        <id>14</id>
        <bndbox>
            <xmax>226</xmax>
            <xmin>202</xmin>
            <ymax>83</ymax>
            <ymin>74</ymin>
        </bndbox>
        <type>2</type>
        <direction>1</direction>
        <previous>0</previous>
    </vehicle>
    <vehicle>
        <id>15</id>
        <bndbox>
            <xmax>193</xmax>
            <xmin>181</xmin>
            <ymax>77</ymax>
            <ymin>69</ymin>
        </bndbox>
        <type>2</type>
        <direction>1</direction>
        <previous>0</previous>
    </vehicle>
    <vehicle>
        <id>16</id>
        <bndbox>
            <xmax>171</xmax>
            <xmin>161</xmin>
            <ymax>73</ymax>
            <ymin>66</ymin>
        </bndbox>
        <type>3</type>
        <direction>1</direction>
        <previous>0</previous>
    </vehicle>
</annotation>
