<annotation>
    <video>164-20160223-09.avi</video>
    <frame>000359</frame>
    <time>2016/02/23 11:53:07</time>
    <width>352</width>
    <height>240</height>
    <weather>1</weather>
    <facing>3</facing>
    <flow>2</flow>
    <vehicle>
        <id>1</id>
        <bndbox>
            <xmax>14</xmax>
            <xmin>0</xmin>
            <ymax>109</ymax>
            <ymin>95</ymin>
        </bndbox>
        <type>3</type>
        <direction>2</direction>
        <previous>0</previous>
    </vehicle>
    <vehicle>
        <id>2</id>
        <bndbox>
            <xmax>69</xmax>
            <xmin>45</xmin>
            <ymax>92</ymax>
            <ymin>74</ymin>
        </bndbox>
        <type>5</type>
        <direction>2</direction>
        <previous>0</previous>
    </vehicle>
    <vehicle>
        <id>3</id>
        <bndbox>
            <xmax>140</xmax>
            <xmin>115</xmin>
            <ymax>73</ymax>
            <ymin>58</ymin>
        </bndbox>
        <type>6</type>
        <direction>2</direction>
        <previous>0</previous>
    </vehicle>
    <vehicle>
        <id>4</id>
        <bndbox>
            <xmax>296</xmax>
            <xmin>199</xmin>
            <ymax>239</ymax>
            <ymin>199</ymin>
        </bndbox>
        <type>3</type>
        <direction>4</direction>
        <previous>7</previous>
    </vehicle>
    <vehicle>
        <id>5</id>
        <bndbox>
            <xmax>238</xmax>
            <xmin>210</xmin>
            <ymax>88</ymax>
            <ymin>67</ymin>
        </bndbox>
        <type>7</type>
        <direction>1</direction>
        <previous>0</previous>
    </vehicle>
    <vehicle>
        <id>6</id>
        <bndbox>
            <xmax>169</xmax>
            <xmin>161</xmin>
            <ymax>64</ymax>
            <ymin>58</ymin>
        </bndbox>
        <type>2</type>
        <direction>1</direction>
        <previous>0</previous>
    </vehicle>
    <passengers>
        <id>1</id>
        <bndbox>
            <xmax>307</xmax>
            <xmin>284</xmin>
            <ymax>147</ymax>
            <ymin>119</ymin>
        </bndbox>
    </passengers>
</annotation>
