<annotation>
    <video>164-20160223-09.avi</video>
    <frame>000309</frame>
    <time>2016/02/23 11:33:08</time>
    <width>352</width>
    <height>240</height>
    <weather>1</weather>
    <facing>3</facing>
    <flow>2</flow>
    <vehicle>
        <id>1</id>
        <bndbox>
            <xmax>83</xmax>
            <xmin>0</xmin>
            <ymax>152</ymax>
            <ymin>80</ymin>
        </bndbox>
        <type>6</type>
        <direction>2</direction>
        <previous>0</previous>
    </vehicle>
    <vehicle>
        <id>2</id>
        <bndbox>
            <xmax>123</xmax>
            <xmin>65</xmin>
            <ymax>85</ymax>
            <ymin>62</ymin>
        </bndbox>
        <type>6</type>
        <direction>2</direction>
        <previous>0</previous>
    </vehicle>
    <vehicle>
        <id>3</id>
        <bndbox>
            <xmax>98</xmax>
            <xmin>85</xmin>
            <ymax>87</ymax>
            <ymin>77</ymin>
        </bndbox>
        <type>2</type>
        <direction>2</direction>
        <previous>0</previous>
    </vehicle>
    <vehicle>
        <id>4</id>
        <bndbox>
            <xmax>120</xmax>
            <xmin>97</xmin>
            <ymax>90</ymax>
            <ymin>64</ymin>
        </bndbox>
        <type>5</type>
        <direction>2</direction>
        <previous>0</previous>
    </vehicle>
    <vehicle>
        <id>5</id>
        <bndbox>
            <xmax>139</xmax>
            <xmin>120</xmin>
            <ymax>73</ymax>
            <ymin>55</ymin>
        </bndbox>
        <type>5</type>
        <direction>2</direction>
        <previous>0</previous>
    </vehicle>
    <vehicle>
        <id>6</id>
        <bndbox>
            <xmax>206</xmax>
            <xmin>75</xmin>
            <ymax>223</ymax>
            <ymin>138</ymin>
        </bndbox>
        <type>5</type>
        <direction>8</direction>
        <previous>0</previous>
    </vehicle>
    <vehicle>
        <id>7</id>
        <bndbox>
            <xmax>351</xmax>
            <xmin>267</xmin>
            <ymax>214</ymax>
            <ymin>178</ymin>
        </bndbox>
        <type>2</type>
        <direction>4</direction>
        <previous>0</previous>
    </vehicle>
</annotation>
