<annotation>
    <video>164-20160223-09.avi</video>
    <frame>000379</frame>
    <time>2016/02/23 12:01:05</time>
    <width>352</width>
    <height>240</height>
    <weather>1</weather>
    <facing>3</facing>
    <flow>1</flow>
    <vehicle>
        <id>1</id>
        <bndbox>
            <xmax>7</xmax>
            <xmin>0</xmin>
            <ymax>113</ymax>
            <ymin>99</ymin>
        </bndbox>
        <type>3</type>
        <direction>2</direction>
        <previous>0</previous>
    </vehicle>
    <vehicle>
        <id>2</id>
        <bndbox>
            <xmax>26</xmax>
            <xmin>7</xmin>
            <ymax>103</ymax>
            <ymin>91</ymin>
        </bndbox>
        <type>2</type>
        <direction>2</direction>
        <previous>0</previous>
    </vehicle>
    <vehicle>
        <id>3</id>
        <bndbox>
            <xmax>22</xmax>
            <xmin>1</xmin>
            <ymax>127</ymax>
            <ymin>109</ymin>
        </bndbox>
        <type>2</type>
        <direction>2</direction>
        <previous>0</previous>
    </vehicle>
    <vehicle>
        <id>4</id>
        <bndbox>
            <xmax>46</xmax>
            <xmin>29</xmin>
            <ymax>100</ymax>
            <ymin>88</ymin>
        </bndbox>
        <type>2</type>
        <direction>2</direction>
        <previous>0</previous>
    </vehicle>
    <vehicle>
        <id>5</id>
        <bndbox>
            <xmax>60</xmax>
            <xmin>44</xmin>
            <ymax>93</ymax>
            <ymin>81</ymin>
        </bndbox>
        <type>3</type>
        <direction>2</direction>
        <previous>0</previous>
    </vehicle>
    <vehicle>
        <id>6</id>
        <bndbox>
            <xmax>78</xmax>
            <xmin>63</xmin>
            <ymax>83</ymax>
            <ymin>72</ymin>
        </bndbox>
        <type>3</type>
        <direction>2</direction>
        <previous>0</previous>
    </vehicle>
    <vehicle>
        <id>7</id>
        <bndbox>
            <xmax>88</xmax>
            <xmin>81</xmin>
            <ymax>76</ymax>
            <ymin>70</ymin>
        </bndbox>
        <type>3</type>
        <direction>2</direction>
        <previous>0</previous>
    </vehicle>
    <vehicle>
        <id>8</id>
        <bndbox>
            <xmax>49</xmax>
            <xmin>25</xmin>
            <ymax>116</ymax>
            <ymin>100</ymin>
        </bndbox>
        <type>2</type>
        <direction>2</direction>
        <previous>0</previous>
    </vehicle>
    <vehicle>
        <id>9</id>
        <bndbox>
            <xmax>65</xmax>
            <xmin>47</xmin>
            <ymax>103</ymax>
            <ymin>91</ymin>
        </bndbox>
        <type>2</type>
        <direction>2</direction>
        <previous>0</previous>
    </vehicle>
    <vehicle>
        <id>10</id>
        <bndbox>
            <xmax>81</xmax>
            <xmin>63</xmin>
            <ymax>92</ymax>
            <ymin>83</ymin>
        </bndbox>
        <type>3</type>
        <direction>2</direction>
        <previous>0</previous>
    </vehicle>
    <vehicle>
        <id>11</id>
        <bndbox>
            <xmax>18</xmax>
            <xmin>1</xmin>
            <ymax>150</ymax>
            <ymin>127</ymin>
        </bndbox>
        <type>7</type>
        <direction>2</direction>
        <previous>6</previous>
    </vehicle>
    <vehicle>
        <id>12</id>
        <bndbox>
            <xmax>36</xmax>
            <xmin>15</xmin>
            <ymax>133</ymax>
            <ymin>118</ymin>
        </bndbox>
        <type>3</type>
        <direction>2</direction>
        <previous>0</previous>
    </vehicle>
    <vehicle>
        <id>13</id>
        <bndbox>
            <xmax>63</xmax>
            <xmin>42</xmin>
            <ymax>119</ymax>
            <ymin>103</ymin>
        </bndbox>
        <type>3</type>
        <direction>2</direction>
        <previous>0</previous>
    </vehicle>
    <vehicle>
        <id>14</id>
        <bndbox>
            <xmax>84</xmax>
            <xmin>64</xmin>
            <ymax>102</ymax>
            <ymin>90</ymin>
        </bndbox>
        <type>2</type>
        <direction>2</direction>
        <previous>0</previous>
    </vehicle>
    <vehicle>
        <id>15</id>
        <bndbox>
            <xmax>114</xmax>
            <xmin>86</xmin>
            <ymax>88</ymax>
            <ymin>64</ymin>
        </bndbox>
        <type>6</type>
        <direction>2</direction>
        <previous>0</previous>
    </vehicle>
    <vehicle>
        <id>16</id>
        <bndbox>
            <xmax>57</xmax>
            <xmin>17</xmin>
            <ymax>155</ymax>
            <ymin>118</ymin>
        </bndbox>
        <type>7</type>
        <direction>2</direction>
        <previous>9</previous>
    </vehicle>
    <vehicle>
        <id>17</id>
        <bndbox>
            <xmax>82</xmax>
            <xmin>57</xmin>
            <ymax>121</ymax>
            <ymin>103</ymin>
        </bndbox>
        <type>2</type>
        <direction>2</direction>
        <previous>0</previous>
    </vehicle>
    <vehicle>
        <id>18</id>
        <bndbox>
            <xmax>96</xmax>
            <xmin>82</xmin>
            <ymax>109</ymax>
            <ymin>94</ymin>
        </bndbox>
        <type>3</type>
        <direction>2</direction>
        <previous>0</previous>
    </vehicle>
    <vehicle>
        <id>19</id>
        <bndbox>
            <xmax>113</xmax>
            <xmin>91</xmin>
            <ymax>95</ymax>
            <ymin>79</ymin>
        </bndbox>
        <type>2</type>
        <direction>2</direction>
        <previous>0</previous>
    </vehicle>
    <vehicle>
        <id>20</id>
        <bndbox>
            <xmax>130</xmax>
            <xmin>121</xmin>
            <ymax>79</ymax>
            <ymin>67</ymin>
        </bndbox>
        <type>2</type>
        <direction>2</direction>
        <previous>0</previous>
    </vehicle>
    <vehicle>
        <id>21</id>
        <bndbox>
            <xmax>138</xmax>
            <xmin>129</xmin>
            <ymax>71</ymax>
            <ymin>63</ymin>
        </bndbox>
        <type>1</type>
        <direction>2</direction>
        <previous>0</previous>
    </vehicle>
    <vehicle>
        <id>22</id>
        <bndbox>
            <xmax>61</xmax>
            <xmin>0</xmin>
            <ymax>204</ymax>
            <ymin>169</ymin>
        </bndbox>
        <type>2</type>
        <direction>4</direction>
        <previous>0</previous>
    </vehicle>
    <vehicle>
        <id>23</id>
        <bndbox>
            <xmax>239</xmax>
            <xmin>157</xmin>
            <ymax>197</ymax>
            <ymin>165</ymin>
        </bndbox>
        <type>7</type>
        <direction>4</direction>
        <previous>0</previous>
    </vehicle>
    <vehicle>
        <id>24</id>
        <bndbox>
            <xmax>350</xmax>
            <xmin>281</xmin>
            <ymax>223</ymax>
            <ymin>183</ymin>
        </bndbox>
        <type>3</type>
        <direction>4</direction>
        <previous>0</previous>
    </vehicle>
    <vehicle>
        <id>25</id>
        <bndbox>
            <xmax>329</xmax>
            <xmin>299</xmin>
            <ymax>156</ymax>
            <ymin>130</ymin>
        </bndbox>
        <type>3</type>
        <direction>7</direction>
        <previous>0</previous>
    </vehicle>
    <vehicle>
        <id>26</id>
        <bndbox>
            <xmax>346</xmax>
            <xmin>282</xmin>
            <ymax>124</ymax>
            <ymin>88</ymin>
        </bndbox>
        <type>6</type>
        <direction>1</direction>
        <previous>0</previous>
    </vehicle>
    <vehicle>
        <id>27</id>
        <bndbox>
            <xmax>269</xmax>
            <xmin>245</xmin>
            <ymax>113</ymax>
            <ymin>98</ymin>
        </bndbox>
        <type>2</type>
        <direction>1</direction>
        <previous>0</previous>
    </vehicle>
    <vehicle>
        <id>28</id>
        <bndbox>
            <xmax>169</xmax>
            <xmin>156</xmin>
            <ymax>71</ymax>
            <ymin>61</ymin>
        </bndbox>
        <type>5</type>
        <direction>1</direction>
        <previous>0</previous>
    </vehicle>
    <vehicle>
        <id>29</id>
        <bndbox>
            <xmax>188</xmax>
            <xmin>178</xmin>
            <ymax>74</ymax>
            <ymin>67</ymin>
        </bndbox>
        <type>2</type>
        <direction>1</direction>
        <previous>0</previous>
    </vehicle>
</annotation>
