<annotation>
    <video>164-20160223-09.avi</video>
    <frame>000302</frame>
    <time>2016/02/23 11:30:23</time>
    <width>352</width>
    <height>240</height>
    <weather>1</weather>
    <facing>3</facing>
    <flow>2</flow>
    <vehicle>
        <id>1</id>
        <bndbox>
            <xmax>51</xmax>
            <xmin>0</xmin>
            <ymax>109</ymax>
            <ymin>72</ymin>
        </bndbox>
        <type>6</type>
        <direction>2</direction>
        <previous>0</previous>
    </vehicle>
    <vehicle>
        <id>2</id>
        <bndbox>
            <xmax>80</xmax>
            <xmin>66</xmin>
            <ymax>86</ymax>
            <ymin>75</ymin>
        </bndbox>
        <type>2</type>
        <direction>2</direction>
        <previous>0</previous>
    </vehicle>
    <vehicle>
        <id>3</id>
        <bndbox>
            <xmax>100</xmax>
            <xmin>88</xmin>
            <ymax>78</ymax>
            <ymin>69</ymin>
        </bndbox>
        <type>3</type>
        <direction>2</direction>
        <previous>0</previous>
    </vehicle>
    <vehicle>
        <id>4</id>
        <bndbox>
            <xmax>115</xmax>
            <xmin>104</xmin>
            <ymax>78</ymax>
            <ymin>69</ymin>
        </bndbox>
        <type>2</type>
        <direction>2</direction>
        <previous>0</previous>
    </vehicle>
    <vehicle>
        <id>5</id>
        <bndbox>
            <xmax>88</xmax>
            <xmin>68</xmin>
            <ymax>117</ymax>
            <ymin>100</ymin>
        </bndbox>
        <type>2</type>
        <direction>2</direction>
        <previous>0</previous>
    </vehicle>
    <vehicle>
        <id>6</id>
        <bndbox>
            <xmax>100</xmax>
            <xmin>88</xmin>
            <ymax>101</ymax>
            <ymin>90</ymin>
        </bndbox>
        <type>2</type>
        <direction>2</direction>
        <previous>0</previous>
    </vehicle>
    <vehicle>
        <id>7</id>
        <bndbox>
            <xmax>116</xmax>
            <xmin>103</xmin>
            <ymax>90</ymax>
            <ymin>79</ymin>
        </bndbox>
        <type>2</type>
        <direction>2</direction>
        <previous>0</previous>
    </vehicle>
    <vehicle>
        <id>8</id>
        <bndbox>
            <xmax>128</xmax>
            <xmin>116</xmin>
            <ymax>81</ymax>
            <ymin>73</ymin>
        </bndbox>
        <type>3</type>
        <direction>2</direction>
        <previous>0</previous>
    </vehicle>
    <vehicle>
        <id>9</id>
        <bndbox>
            <xmax>133</xmax>
            <xmin>126</xmin>
            <ymax>75</ymax>
            <ymin>70</ymin>
        </bndbox>
        <type>3</type>
        <direction>2</direction>
        <previous>0</previous>
    </vehicle>
    <vehicle>
        <id>10</id>
        <bndbox>
            <xmax>138</xmax>
            <xmin>131</xmin>
            <ymax>71</ymax>
            <ymin>66</ymin>
        </bndbox>
        <type>2</type>
        <direction>2</direction>
        <previous>0</previous>
    </vehicle>
    <vehicle>
        <id>11</id>
        <bndbox>
            <xmax>290</xmax>
            <xmin>13</xmin>
            <ymax>239</ymax>
            <ymin>110</ymin>
        </bndbox>
        <type>6</type>
        <direction>8</direction>
        <previous>0</previous>
    </vehicle>
    <vehicle>
        <id>12</id>
        <bndbox>
            <xmax>351</xmax>
            <xmin>333</xmin>
            <ymax>239</ymax>
            <ymin>168</ymin>
        </bndbox>
        <type>5</type>
        <direction>4</direction>
        <previous>0</previous>
    </vehicle>
    <vehicle>
        <id>13</id>
        <bndbox>
            <xmax>288</xmax>
            <xmin>260</xmin>
            <ymax>100</ymax>
            <ymin>88</ymin>
        </bndbox>
        <type>2</type>
        <direction>1</direction>
        <previous>0</previous>
    </vehicle>
    <vehicle>
        <id>14</id>
        <bndbox>
            <xmax>251</xmax>
            <xmin>221</xmin>
            <ymax>103</ymax>
            <ymin>85</ymin>
        </bndbox>
        <type>2</type>
        <direction>1</direction>
        <previous>0</previous>
    </vehicle>
    <vehicle>
        <id>15</id>
        <bndbox>
            <xmax>216</xmax>
            <xmin>198</xmin>
            <ymax>83</ymax>
            <ymin>68</ymin>
        </bndbox>
        <type>7</type>
        <direction>1</direction>
        <previous>0</previous>
    </vehicle>
    <vehicle>
        <id>16</id>
        <bndbox>
            <xmax>174</xmax>
            <xmin>163</xmin>
            <ymax>73</ymax>
            <ymin>67</ymin>
        </bndbox>
        <type>2</type>
        <direction>1</direction>
        <previous>0</previous>
    </vehicle>
    <vehicle>
        <id>17</id>
        <bndbox>
            <xmax>160</xmax>
            <xmin>154</xmin>
            <ymax>65</ymax>
            <ymin>59</ymin>
        </bndbox>
        <type>2</type>
        <direction>1</direction>
        <previous>0</previous>
    </vehicle>
</annotation>
