<annotation>
    <video>164-20160223-09.avi</video>
    <frame>000365</frame>
    <time>2016/02/23 11:55:30</time>
    <width>352</width>
    <height>240</height>
    <weather>1</weather>
    <facing>3</facing>
    <flow>2</flow>
    <vehicle>
        <id>1</id>
        <bndbox>
            <xmax>15</xmax>
            <xmin>0</xmin>
            <ymax>167</ymax>
            <ymin>116</ymin>
        </bndbox>
        <type>4</type>
        <direction>8</direction>
        <previous>0</previous>
    </vehicle>
    <vehicle>
        <id>2</id>
        <bndbox>
            <xmax>64</xmax>
            <xmin>40</xmin>
            <ymax>121</ymax>
            <ymin>102</ymin>
        </bndbox>
        <type>2</type>
        <direction>2</direction>
        <previous>0</previous>
    </vehicle>
    <vehicle>
        <id>3</id>
        <bndbox>
            <xmax>80</xmax>
            <xmin>71</xmin>
            <ymax>89</ymax>
            <ymin>80</ymin>
        </bndbox>
        <type>1</type>
        <direction>2</direction>
        <previous>0</previous>
    </vehicle>
    <vehicle>
        <id>4</id>
        <bndbox>
            <xmax>115</xmax>
            <xmin>78</xmin>
            <ymax>102</ymax>
            <ymin>66</ymin>
        </bndbox>
        <type>6</type>
        <direction>2</direction>
        <previous>0</previous>
    </vehicle>
    <vehicle>
        <id>5</id>
        <bndbox>
            <xmax>137</xmax>
            <xmin>117</xmin>
            <ymax>75</ymax>
            <ymin>53</ymin>
        </bndbox>
        <type>6</type>
        <direction>2</direction>
        <previous>0</previous>
    </vehicle>
    <vehicle>
        <id>6</id>
        <bndbox>
            <xmax>262</xmax>
            <xmin>164</xmin>
            <ymax>239</ymax>
            <ymin>222</ymin>
        </bndbox>
        <type>3</type>
        <direction>4</direction>
        <previous>0</previous>
    </vehicle>
    <vehicle>
        <id>7</id>
        <bndbox>
            <xmax>351</xmax>
            <xmin>283</xmin>
            <ymax>226</ymax>
            <ymin>171</ymin>
        </bndbox>
        <type>7</type>
        <direction>4</direction>
        <previous>0</previous>
    </vehicle>
    <vehicle>
        <id>8</id>
        <bndbox>
            <xmax>294</xmax>
            <xmin>259</xmin>
            <ymax>123</ymax>
            <ymin>105</ymin>
        </bndbox>
        <type>2</type>
        <direction>1</direction>
        <previous>0</previous>
    </vehicle>
    <vehicle>
        <id>9</id>
        <bndbox>
            <xmax>243</xmax>
            <xmin>218</xmin>
            <ymax>102</ymax>
            <ymin>90</ymin>
        </bndbox>
        <type>3</type>
        <direction>1</direction>
        <previous>0</previous>
    </vehicle>
    <vehicle>
        <id>10</id>
        <bndbox>
            <xmax>200</xmax>
            <xmin>180</xmin>
            <ymax>81</ymax>
            <ymin>69</ymin>
        </bndbox>
        <type>3</type>
        <direction>1</direction>
        <previous>0</previous>
    </vehicle>
    <vehicle>
        <id>11</id>
        <bndbox>
            <xmax>188</xmax>
            <xmin>178</xmin>
            <ymax>73</ymax>
            <ymin>64</ymin>
        </bndbox>
        <type>2</type>
        <direction>1</direction>
        <previous>0</previous>
    </vehicle>
    <vehicle>
        <id>12</id>
        <bndbox>
            <xmax>161</xmax>
            <xmin>155</xmin>
            <ymax>66</ymax>
            <ymin>59</ymin>
        </bndbox>
        <type>3</type>
        <direction>1</direction>
        <previous>0</previous>
    </vehicle>
</annotation>
