<annotation>
    <video>164-20160223-09.avi</video>
    <frame>000378</frame>
    <time>2016/02/23 12:00:41</time>
    <width>352</width>
    <height>240</height>
    <weather>1</weather>
    <facing>3</facing>
    <flow>2</flow>
    <vehicle>
        <id>1</id>
        <bndbox>
            <xmax>8</xmax>
            <xmin>0</xmin>
            <ymax>112</ymax>
            <ymin>99</ymin>
        </bndbox>
        <type>3</type>
        <direction>2</direction>
        <previous>0</previous>
    </vehicle>
    <vehicle>
        <id>2</id>
        <bndbox>
            <xmax>23</xmax>
            <xmin>1</xmin>
            <ymax>127</ymax>
            <ymin>111</ymin>
        </bndbox>
        <type>2</type>
        <direction>2</direction>
        <previous>0</previous>
    </vehicle>
    <vehicle>
        <id>3</id>
        <bndbox>
            <xmax>51</xmax>
            <xmin>25</xmin>
            <ymax>115</ymax>
            <ymin>101</ymin>
        </bndbox>
        <type>2</type>
        <direction>2</direction>
        <previous>0</previous>
    </vehicle>
    <vehicle>
        <id>4</id>
        <bndbox>
            <xmax>75</xmax>
            <xmin>57</xmin>
            <ymax>96</ymax>
            <ymin>85</ymin>
        </bndbox>
        <type>2</type>
        <direction>2</direction>
        <previous>0</previous>
    </vehicle>
    <vehicle>
        <id>5</id>
        <bndbox>
            <xmax>114</xmax>
            <xmin>100</xmin>
            <ymax>73</ymax>
            <ymin>64</ymin>
        </bndbox>
        <type>7</type>
        <direction>2</direction>
        <previous>0</previous>
    </vehicle>
    <vehicle>
        <id>6</id>
        <bndbox>
            <xmax>16</xmax>
            <xmin>1</xmin>
            <ymax>146</ymax>
            <ymin>129</ymin>
        </bndbox>
        <type>7</type>
        <direction>2</direction>
        <previous>0</previous>
    </vehicle>
    <vehicle>
        <id>7</id>
        <bndbox>
            <xmax>43</xmax>
            <xmin>14</xmin>
            <ymax>135</ymax>
            <ymin>117</ymin>
        </bndbox>
        <type>2</type>
        <direction>2</direction>
        <previous>0</previous>
    </vehicle>
    <vehicle>
        <id>8</id>
        <bndbox>
            <xmax>32</xmax>
            <xmin>1</xmin>
            <ymax>171</ymax>
            <ymin>136</ymin>
        </bndbox>
        <type>2</type>
        <direction>2</direction>
        <previous>0</previous>
    </vehicle>
    <vehicle>
        <id>9</id>
        <bndbox>
            <xmax>94</xmax>
            <xmin>69</xmin>
            <ymax>117</ymax>
            <ymin>92</ymin>
        </bndbox>
        <type>7</type>
        <direction>2</direction>
        <previous>0</previous>
    </vehicle>
    <vehicle>
        <id>10</id>
        <bndbox>
            <xmax>104</xmax>
            <xmin>89</xmin>
            <ymax>94</ymax>
            <ymin>83</ymin>
        </bndbox>
        <type>2</type>
        <direction>2</direction>
        <previous>0</previous>
    </vehicle>
    <vehicle>
        <id>11</id>
        <bndbox>
            <xmax>93</xmax>
            <xmin>83</xmin>
            <ymax>93</ymax>
            <ymin>84</ymin>
        </bndbox>
        <type>2</type>
        <direction>2</direction>
        <previous>0</previous>
    </vehicle>
    <vehicle>
        <id>12</id>
        <bndbox>
            <xmax>117</xmax>
            <xmin>105</xmin>
            <ymax>88</ymax>
            <ymin>78</ymin>
        </bndbox>
        <type>3</type>
        <direction>2</direction>
        <previous>0</previous>
    </vehicle>
    <vehicle>
        <id>13</id>
        <bndbox>
            <xmax>129</xmax>
            <xmin>114</xmin>
            <ymax>79</ymax>
            <ymin>71</ymin>
        </bndbox>
        <type>2</type>
        <direction>2</direction>
        <previous>0</previous>
    </vehicle>
    <vehicle>
        <id>14</id>
        <bndbox>
            <xmax>136</xmax>
            <xmin>125</xmin>
            <ymax>73</ymax>
            <ymin>65</ymin>
        </bndbox>
        <type>2</type>
        <direction>2</direction>
        <previous>0</previous>
    </vehicle>
    <vehicle>
        <id>15</id>
        <bndbox>
            <xmax>132</xmax>
            <xmin>34</xmin>
            <ymax>187</ymax>
            <ymin>125</ymin>
        </bndbox>
        <type>5</type>
        <direction>8</direction>
        <previous>0</previous>
    </vehicle>
    <vehicle>
        <id>16</id>
        <bndbox>
            <xmax>63</xmax>
            <xmin>1</xmin>
            <ymax>238</ymax>
            <ymin>174</ymin>
        </bndbox>
        <type>3</type>
        <direction>8</direction>
        <previous>0</previous>
    </vehicle>
    <vehicle>
        <id>17</id>
        <bndbox>
            <xmax>125</xmax>
            <xmin>50</xmin>
            <ymax>222</ymax>
            <ymin>176</ymin>
        </bndbox>
        <type>2</type>
        <direction>8</direction>
        <previous>0</previous>
    </vehicle>
    <vehicle>
        <id>18</id>
        <bndbox>
            <xmax>272</xmax>
            <xmin>174</xmin>
            <ymax>198</ymax>
            <ymin>156</ymin>
        </bndbox>
        <type>7</type>
        <direction>4</direction>
        <previous>0</previous>
    </vehicle>
    <vehicle>
        <id>19</id>
        <bndbox>
            <xmax>314</xmax>
            <xmin>213</xmin>
            <ymax>239</ymax>
            <ymin>196</ymin>
        </bndbox>
        <type>2</type>
        <direction>4</direction>
        <previous>0</previous>
    </vehicle>
    <vehicle>
        <id>20</id>
        <bndbox>
            <xmax>207</xmax>
            <xmin>176</xmin>
            <ymax>78</ymax>
            <ymin>59</ymin>
        </bndbox>
        <type>6</type>
        <direction>1</direction>
        <previous>0</previous>
    </vehicle>
    <vehicle>
        <id>21</id>
        <bndbox>
            <xmax>161</xmax>
            <xmin>152</xmin>
            <ymax>68</ymax>
            <ymin>59</ymin>
        </bndbox>
        <type>2</type>
        <direction>1</direction>
        <previous>0</previous>
    </vehicle>
    <vehicle>
        <id>22</id>
        <bndbox>
            <xmax>178</xmax>
            <xmin>167</xmin>
            <ymax>67</ymax>
            <ymin>56</ymin>
        </bndbox>
        <type>5</type>
        <direction>1</direction>
        <previous>0</previous>
    </vehicle>
</annotation>
