<annotation>
    <video>164-20160223-09.avi</video>
    <frame>000389</frame>
    <time>2016/02/23 12:05:03</time>
    <width>352</width>
    <height>240</height>
    <weather>1</weather>
    <facing>3</facing>
    <flow>2</flow>
    <vehicle>
        <id>1</id>
        <bndbox>
            <xmax>30</xmax>
            <xmin>2</xmin>
            <ymax>104</ymax>
            <ymin>81</ymin>
        </bndbox>
        <type>5</type>
        <direction>2</direction>
        <previous>1</previous>
    </vehicle>
    <vehicle>
        <id>2</id>
        <bndbox>
            <xmax>45</xmax>
            <xmin>30</xmin>
            <ymax>93</ymax>
            <ymin>80</ymin>
        </bndbox>
        <type>3</type>
        <direction>2</direction>
        <previous>0</previous>
    </vehicle>
    <vehicle>
        <id>3</id>
        <bndbox>
            <xmax>63</xmax>
            <xmin>45</xmin>
            <ymax>80</ymax>
            <ymin>70</ymin>
        </bndbox>
        <type>3</type>
        <direction>2</direction>
        <previous>0</previous>
    </vehicle>
    <vehicle>
        <id>4</id>
        <bndbox>
            <xmax>71</xmax>
            <xmin>42</xmin>
            <ymax>98</ymax>
            <ymin>77</ymin>
        </bndbox>
        <type>5</type>
        <direction>2</direction>
        <previous>0</previous>
    </vehicle>
    <vehicle>
        <id>5</id>
        <bndbox>
            <xmax>42</xmax>
            <xmin>22</xmin>
            <ymax>105</ymax>
            <ymin>92</ymin>
        </bndbox>
        <type>2</type>
        <direction>2</direction>
        <previous>0</previous>
    </vehicle>
    <vehicle>
        <id>6</id>
        <bndbox>
            <xmax>24</xmax>
            <xmin>0</xmin>
            <ymax>120</ymax>
            <ymin>105</ymin>
        </bndbox>
        <type>2</type>
        <direction>2</direction>
        <previous>0</previous>
    </vehicle>
    <vehicle>
        <id>7</id>
        <bndbox>
            <xmax>98</xmax>
            <xmin>76</xmin>
            <ymax>87</ymax>
            <ymin>68</ymin>
        </bndbox>
        <type>6</type>
        <direction>2</direction>
        <previous>0</previous>
    </vehicle>
    <vehicle>
        <id>8</id>
        <bndbox>
            <xmax>85</xmax>
            <xmin>63</xmin>
            <ymax>117</ymax>
            <ymin>101</ymin>
        </bndbox>
        <type>3</type>
        <direction>2</direction>
        <previous>0</previous>
    </vehicle>
    <vehicle>
        <id>9</id>
        <bndbox>
            <xmax>100</xmax>
            <xmin>82</xmin>
            <ymax>106</ymax>
            <ymin>91</ymin>
        </bndbox>
        <type>2</type>
        <direction>2</direction>
        <previous>0</previous>
    </vehicle>
    <vehicle>
        <id>10</id>
        <bndbox>
            <xmax>119</xmax>
            <xmin>92</xmin>
            <ymax>91</ymax>
            <ymin>67</ymin>
        </bndbox>
        <type>5</type>
        <direction>2</direction>
        <previous>0</previous>
    </vehicle>
    <vehicle>
        <id>11</id>
        <bndbox>
            <xmax>132</xmax>
            <xmin>109</xmin>
            <ymax>67</ymax>
            <ymin>54</ymin>
        </bndbox>
        <type>6</type>
        <direction>2</direction>
        <previous>0</previous>
    </vehicle>
    <vehicle>
        <id>12</id>
        <bndbox>
            <xmax>141</xmax>
            <xmin>124</xmin>
            <ymax>72</ymax>
            <ymin>58</ymin>
        </bndbox>
        <type>5</type>
        <direction>2</direction>
        <previous>0</previous>
    </vehicle>
    <vehicle>
        <id>13</id>
        <bndbox>
            <xmax>129</xmax>
            <xmin>118</xmin>
            <ymax>82</ymax>
            <ymin>71</ymin>
        </bndbox>
        <type>3</type>
        <direction>2</direction>
        <previous>0</previous>
    </vehicle>
    <vehicle>
        <id>14</id>
        <bndbox>
            <xmax>68</xmax>
            <xmin>0</xmin>
            <ymax>221</ymax>
            <ymin>97</ymin>
        </bndbox>
        <type>6</type>
        <direction>8</direction>
        <previous>10</previous>
    </vehicle>
    <vehicle>
        <id>15</id>
        <bndbox>
            <xmax>104</xmax>
            <xmin>0</xmin>
            <ymax>239</ymax>
            <ymin>222</ymin>
        </bndbox>
        <type>3</type>
        <direction>4</direction>
        <previous>0</previous>
    </vehicle>
    <vehicle>
        <id>16</id>
        <bndbox>
            <xmax>260</xmax>
            <xmin>152</xmin>
            <ymax>239</ymax>
            <ymin>228</ymin>
        </bndbox>
        <type>3</type>
        <direction>4</direction>
        <previous>0</previous>
    </vehicle>
    <vehicle>
        <id>17</id>
        <bndbox>
            <xmax>351</xmax>
            <xmin>317</xmin>
            <ymax>227</ymax>
            <ymin>192</ymin>
        </bndbox>
        <type>2</type>
        <direction>4</direction>
        <previous>0</previous>
    </vehicle>
    <vehicle>
        <id>18</id>
        <bndbox>
            <xmax>351</xmax>
            <xmin>342</xmin>
            <ymax>145</ymax>
            <ymin>124</ymin>
        </bndbox>
        <type>2</type>
        <direction>1</direction>
        <previous>0</previous>
    </vehicle>
    <vehicle>
        <id>19</id>
        <bndbox>
            <xmax>351</xmax>
            <xmin>303</xmin>
            <ymax>112</ymax>
            <ymin>86</ymin>
        </bndbox>
        <type>6</type>
        <direction>1</direction>
        <previous>0</previous>
    </vehicle>
    <vehicle>
        <id>20</id>
        <bndbox>
            <xmax>241</xmax>
            <xmin>217</xmin>
            <ymax>100</ymax>
            <ymin>87</ymin>
        </bndbox>
        <type>2</type>
        <direction>1</direction>
        <previous>0</previous>
    </vehicle>
    <vehicle>
        <id>21</id>
        <bndbox>
            <xmax>202</xmax>
            <xmin>183</xmin>
            <ymax>83</ymax>
            <ymin>74</ymin>
        </bndbox>
        <type>3</type>
        <direction>1</direction>
        <previous>0</previous>
    </vehicle>
</annotation>
