<annotation>
    <video>164-20160223-09.avi</video>
    <frame>000356</frame>
    <time>2016/02/23 11:51:54</time>
    <width>352</width>
    <height>240</height>
    <weather>1</weather>
    <facing>3</facing>
    <flow>1</flow>
    <vehicle>
        <id>1</id>
        <bndbox>
            <xmax>43</xmax>
            <xmin>0</xmin>
            <ymax>146</ymax>
            <ymin>102</ymin>
        </bndbox>
        <type>5</type>
        <direction>2</direction>
        <previous>8</previous>
    </vehicle>
    <vehicle>
        <id>2</id>
        <bndbox>
            <xmax>23</xmax>
            <xmin>0</xmin>
            <ymax>102</ymax>
            <ymin>81</ymin>
        </bndbox>
        <type>6</type>
        <direction>2</direction>
        <previous>2</previous>
    </vehicle>
    <vehicle>
        <id>3</id>
        <bndbox>
            <xmax>51</xmax>
            <xmin>16</xmin>
            <ymax>103</ymax>
            <ymin>79</ymin>
        </bndbox>
        <type>6</type>
        <direction>2</direction>
        <previous>3</previous>
    </vehicle>
    <vehicle>
        <id>4</id>
        <bndbox>
            <xmax>96</xmax>
            <xmin>51</xmin>
            <ymax>89</ymax>
            <ymin>68</ymin>
        </bndbox>
        <type>6</type>
        <direction>2</direction>
        <previous>4</previous>
    </vehicle>
    <vehicle>
        <id>5</id>
        <bndbox>
            <xmax>102</xmax>
            <xmin>96</xmin>
            <ymax>74</ymax>
            <ymin>68</ymin>
        </bndbox>
        <type>2</type>
        <direction>2</direction>
        <previous>5</previous>
    </vehicle>
    <vehicle>
        <id>6</id>
        <bndbox>
            <xmax>111</xmax>
            <xmin>100</xmin>
            <ymax>72</ymax>
            <ymin>65</ymin>
        </bndbox>
        <type>3</type>
        <direction>2</direction>
        <previous>6</previous>
    </vehicle>
    <vehicle>
        <id>7</id>
        <bndbox>
            <xmax>124</xmax>
            <xmin>116</xmin>
            <ymax>68</ymax>
            <ymin>62</ymin>
        </bndbox>
        <type>2</type>
        <direction>2</direction>
        <previous>0</previous>
    </vehicle>
    <vehicle>
        <id>8</id>
        <bndbox>
            <xmax>142</xmax>
            <xmin>134</xmin>
            <ymax>68</ymax>
            <ymin>61</ymin>
        </bndbox>
        <type>2</type>
        <direction>2</direction>
        <previous>0</previous>
    </vehicle>
    <vehicle>
        <id>9</id>
        <bndbox>
            <xmax>126</xmax>
            <xmin>103</xmin>
            <ymax>89</ymax>
            <ymin>68</ymin>
        </bndbox>
        <type>6</type>
        <direction>2</direction>
        <previous>0</previous>
    </vehicle>
    <vehicle>
        <id>10</id>
        <bndbox>
            <xmax>127</xmax>
            <xmin>46</xmin>
            <ymax>197</ymax>
            <ymin>164</ymin>
        </bndbox>
        <type>2</type>
        <direction>4</direction>
        <previous>0</previous>
    </vehicle>
    <vehicle>
        <id>11</id>
        <bndbox>
            <xmax>283</xmax>
            <xmin>197</xmin>
            <ymax>193</ymax>
            <ymin>148</ymin>
        </bndbox>
        <type>7</type>
        <direction>7</direction>
        <previous>0</previous>
    </vehicle>
    <vehicle>
        <id>12</id>
        <bndbox>
            <xmax>333</xmax>
            <xmin>308</xmin>
            <ymax>149</ymax>
            <ymin>122</ymin>
        </bndbox>
        <type>3</type>
        <direction>7</direction>
        <previous>0</previous>
    </vehicle>
    <vehicle>
        <id>13</id>
        <bndbox>
            <xmax>351</xmax>
            <xmin>329</xmin>
            <ymax>117</ymax>
            <ymin>98</ymin>
        </bndbox>
        <type>7</type>
        <direction>1</direction>
        <previous>0</previous>
    </vehicle>
    <vehicle>
        <id>14</id>
        <bndbox>
            <xmax>223</xmax>
            <xmin>186</xmin>
            <ymax>83</ymax>
            <ymin>62</ymin>
        </bndbox>
        <type>8</type>
        <direction>1</direction>
        <previous>0</previous>
    </vehicle>
    <passengers>
        <id>1</id>
        <bndbox>
            <xmax>34</xmax>
            <xmin>13</xmin>
            <ymax>167</ymax>
            <ymin>141</ymin>
        </bndbox>
    </passengers>
</annotation>
