<annotation>
    <video>164-20160223-09.avi</video>
    <frame>000373</frame>
    <time>2016/02/23 11:58:43</time>
    <width>352</width>
    <height>240</height>
    <weather>1</weather>
    <facing>3</facing>
    <flow>2</flow>
    <vehicle>
        <id>1</id>
        <bndbox>
            <xmax>47</xmax>
            <xmin>15</xmin>
            <ymax>119</ymax>
            <ymin>98</ymin>
        </bndbox>
        <type>2</type>
        <direction>2</direction>
        <previous>0</previous>
    </vehicle>
    <vehicle>
        <id>2</id>
        <bndbox>
            <xmax>61</xmax>
            <xmin>43</xmin>
            <ymax>102</ymax>
            <ymin>90</ymin>
        </bndbox>
        <type>2</type>
        <direction>2</direction>
        <previous>0</previous>
    </vehicle>
    <vehicle>
        <id>3</id>
        <bndbox>
            <xmax>82</xmax>
            <xmin>69</xmin>
            <ymax>82</ymax>
            <ymin>74</ymin>
        </bndbox>
        <type>2</type>
        <direction>2</direction>
        <previous>0</previous>
    </vehicle>
    <vehicle>
        <id>4</id>
        <bndbox>
            <xmax>60</xmax>
            <xmin>34</xmin>
            <ymax>123</ymax>
            <ymin>103</ymin>
        </bndbox>
        <type>2</type>
        <direction>2</direction>
        <previous>0</previous>
    </vehicle>
    <vehicle>
        <id>5</id>
        <bndbox>
            <xmax>92</xmax>
            <xmin>74</xmin>
            <ymax>97</ymax>
            <ymin>84</ymin>
        </bndbox>
        <type>3</type>
        <direction>2</direction>
        <previous>0</previous>
    </vehicle>
    <vehicle>
        <id>6</id>
        <bndbox>
            <xmax>101</xmax>
            <xmin>89</xmin>
            <ymax>87</ymax>
            <ymin>77</ymin>
        </bndbox>
        <type>1</type>
        <direction>2</direction>
        <previous>0</previous>
    </vehicle>
    <vehicle>
        <id>7</id>
        <bndbox>
            <xmax>57</xmax>
            <xmin>6</xmin>
            <ymax>159</ymax>
            <ymin>125</ymin>
        </bndbox>
        <type>6</type>
        <direction>2</direction>
        <previous>0</previous>
    </vehicle>
    <vehicle>
        <id>8</id>
        <bndbox>
            <xmax>90</xmax>
            <xmin>62</xmin>
            <ymax>120</ymax>
            <ymin>100</ymin>
        </bndbox>
        <type>3</type>
        <direction>2</direction>
        <previous>0</previous>
    </vehicle>
    <vehicle>
        <id>9</id>
        <bndbox>
            <xmax>112</xmax>
            <xmin>96</xmin>
            <ymax>93</ymax>
            <ymin>82</ymin>
        </bndbox>
        <type>3</type>
        <direction>2</direction>
        <previous>0</previous>
    </vehicle>
    <vehicle>
        <id>10</id>
        <bndbox>
            <xmax>110</xmax>
            <xmin>98</xmin>
            <ymax>83</ymax>
            <ymin>74</ymin>
        </bndbox>
        <type>3</type>
        <direction>2</direction>
        <previous>0</previous>
    </vehicle>
    <vehicle>
        <id>11</id>
        <bndbox>
            <xmax>122</xmax>
            <xmin>107</xmin>
            <ymax>78</ymax>
            <ymin>69</ymin>
        </bndbox>
        <type>3</type>
        <direction>2</direction>
        <previous>0</previous>
    </vehicle>
    <vehicle>
        <id>12</id>
        <bndbox>
            <xmax>138</xmax>
            <xmin>130</xmin>
            <ymax>72</ymax>
            <ymin>64</ymin>
        </bndbox>
        <type>2</type>
        <direction>2</direction>
        <previous>0</previous>
    </vehicle>
    <vehicle>
        <id>13</id>
        <bndbox>
            <xmax>95</xmax>
            <xmin>41</xmin>
            <ymax>179</ymax>
            <ymin>149</ymin>
        </bndbox>
        <type>2</type>
        <direction>8</direction>
        <previous>0</previous>
    </vehicle>
    <vehicle>
        <id>14</id>
        <bndbox>
            <xmax>138</xmax>
            <xmin>64</xmin>
            <ymax>223</ymax>
            <ymin>178</ymin>
        </bndbox>
        <type>2</type>
        <direction>8</direction>
        <previous>0</previous>
    </vehicle>
    <vehicle>
        <id>15</id>
        <bndbox>
            <xmax>241</xmax>
            <xmin>139</xmin>
            <ymax>239</ymax>
            <ymin>207</ymin>
        </bndbox>
        <type>7</type>
        <direction>4</direction>
        <previous>0</previous>
    </vehicle>
    <vehicle>
        <id>16</id>
        <bndbox>
            <xmax>353</xmax>
            <xmin>234</xmin>
            <ymax>239</ymax>
            <ymin>170</ymin>
        </bndbox>
        <type>5</type>
        <direction>4</direction>
        <previous>0</previous>
    </vehicle>
    <vehicle>
        <id>17</id>
        <bndbox>
            <xmax>335</xmax>
            <xmin>298</xmin>
            <ymax>113</ymax>
            <ymin>98</ymin>
        </bndbox>
        <type>1</type>
        <direction>1</direction>
        <previous>0</previous>
    </vehicle>
    <vehicle>
        <id>18</id>
        <bndbox>
            <xmax>172</xmax>
            <xmin>163</xmin>
            <ymax>66</ymax>
            <ymin>58</ymin>
        </bndbox>
        <type>2</type>
        <direction>1</direction>
        <previous>0</previous>
    </vehicle>
</annotation>
