<annotation>
    <video>164-20160223-09.avi</video>
    <frame>000357</frame>
    <time>2016/02/23 11:52:19</time>
    <width>352</width>
    <height>240</height>
    <weather>1</weather>
    <facing>3</facing>
    <flow>1</flow>
    <vehicle>
        <id>1</id>
        <bndbox>
            <xmax>31</xmax>
            <xmin>0</xmin>
            <ymax>152</ymax>
            <ymin>106</ymin>
        </bndbox>
        <type>5</type>
        <direction>2</direction>
        <previous>1</previous>
    </vehicle>
    <vehicle>
        <id>2</id>
        <bndbox>
            <xmax>24</xmax>
            <xmin>0</xmin>
            <ymax>105</ymax>
            <ymin>81</ymin>
        </bndbox>
        <type>6</type>
        <direction>2</direction>
        <previous>2</previous>
    </vehicle>
    <vehicle>
        <id>3</id>
        <bndbox>
            <xmax>53</xmax>
            <xmin>19</xmin>
            <ymax>106</ymax>
            <ymin>79</ymin>
        </bndbox>
        <type>6</type>
        <direction>2</direction>
        <previous>3</previous>
    </vehicle>
    <vehicle>
        <id>4</id>
        <bndbox>
            <xmax>96</xmax>
            <xmin>50</xmin>
            <ymax>90</ymax>
            <ymin>66</ymin>
        </bndbox>
        <type>6</type>
        <direction>2</direction>
        <previous>4</previous>
    </vehicle>
    <vehicle>
        <id>5</id>
        <bndbox>
            <xmax>105</xmax>
            <xmin>96</xmin>
            <ymax>76</ymax>
            <ymin>68</ymin>
        </bndbox>
        <type>2</type>
        <direction>2</direction>
        <previous>5</previous>
    </vehicle>
    <vehicle>
        <id>6</id>
        <bndbox>
            <xmax>110</xmax>
            <xmin>103</xmin>
            <ymax>71</ymax>
            <ymin>65</ymin>
        </bndbox>
        <type>3</type>
        <direction>2</direction>
        <previous>6</previous>
    </vehicle>
    <vehicle>
        <id>7</id>
        <bndbox>
            <xmax>127</xmax>
            <xmin>117</xmin>
            <ymax>67</ymax>
            <ymin>60</ymin>
        </bndbox>
        <type>2</type>
        <direction>2</direction>
        <previous>7</previous>
    </vehicle>
    <vehicle>
        <id>8</id>
        <bndbox>
            <xmax>136</xmax>
            <xmin>127</xmin>
            <ymax>66</ymax>
            <ymin>58</ymin>
        </bndbox>
        <type>2</type>
        <direction>2</direction>
        <previous>8</previous>
    </vehicle>
    <vehicle>
        <id>9</id>
        <bndbox>
            <xmax>69</xmax>
            <xmin>20</xmin>
            <ymax>152</ymax>
            <ymin>109</ymin>
        </bndbox>
        <type>5</type>
        <direction>2</direction>
        <previous>0</previous>
    </vehicle>
    <vehicle>
        <id>10</id>
        <bndbox>
            <xmax>218</xmax>
            <xmin>120</xmin>
            <ymax>202</ymax>
            <ymin>165</ymin>
        </bndbox>
        <type>3</type>
        <direction>4</direction>
        <previous>0</previous>
    </vehicle>
    <vehicle>
        <id>11</id>
        <bndbox>
            <xmax>324</xmax>
            <xmin>287</xmin>
            <ymax>162</ymax>
            <ymin>135</ymin>
        </bndbox>
        <type>3</type>
        <direction>7</direction>
        <previous>0</previous>
    </vehicle>
    <vehicle>
        <id>12</id>
        <bndbox>
            <xmax>292</xmax>
            <xmin>258</xmin>
            <ymax>119</ymax>
            <ymin>102</ymin>
        </bndbox>
        <type>1</type>
        <direction>1</direction>
        <previous>0</previous>
    </vehicle>
    <vehicle>
        <id>13</id>
        <bndbox>
            <xmax>203</xmax>
            <xmin>185</xmin>
            <ymax>85</ymax>
            <ymin>74</ymin>
        </bndbox>
        <type>2</type>
        <direction>1</direction>
        <previous>0</previous>
    </vehicle>
    <vehicle>
        <id>14</id>
        <bndbox>
            <xmax>175</xmax>
            <xmin>165</xmin>
            <ymax>69</ymax>
            <ymin>57</ymin>
        </bndbox>
        <type>2</type>
        <direction>1</direction>
        <previous>0</previous>
    </vehicle>
    <passengers>
        <id>1</id>
        <bndbox>
            <xmax>275</xmax>
            <xmin>257</xmin>
            <ymax>149</ymax>
            <ymin>123</ymin>
        </bndbox>
    </passengers>
</annotation>
