<annotation>
    <video>164-20160223-09.avi</video>
    <frame>000400</frame>
    <time>2016/02/23 12:09:27</time>
    <width>352</width>
    <height>240</height>
    <weather>1</weather>
    <facing>3</facing>
    <flow>2</flow>
    <vehicle>
        <id>1</id>
        <bndbox>
            <xmax>35</xmax>
            <xmin>0</xmin>
            <ymax>120</ymax>
            <ymin>91</ymin>
        </bndbox>
        <type>6</type>
        <direction>2</direction>
        <previous>0</previous>
    </vehicle>
    <vehicle>
        <id>2</id>
        <bndbox>
            <xmax>64</xmax>
            <xmin>27</xmin>
            <ymax>95</ymax>
            <ymin>70</ymin>
        </bndbox>
        <type>5</type>
        <direction>2</direction>
        <previous>0</previous>
    </vehicle>
    <vehicle>
        <id>3</id>
        <bndbox>
            <xmax>41</xmax>
            <xmin>11</xmin>
            <ymax>134</ymax>
            <ymin>116</ymin>
        </bndbox>
        <type>3</type>
        <direction>2</direction>
        <previous>0</previous>
    </vehicle>
    <vehicle>
        <id>4</id>
        <bndbox>
            <xmax>63</xmax>
            <xmin>46</xmin>
            <ymax>102</ymax>
            <ymin>89</ymin>
        </bndbox>
        <type>2</type>
        <direction>2</direction>
        <previous>0</previous>
    </vehicle>
    <vehicle>
        <id>5</id>
        <bndbox>
            <xmax>75</xmax>
            <xmin>54</xmin>
            <ymax>111</ymax>
            <ymin>96</ymin>
        </bndbox>
        <type>2</type>
        <direction>2</direction>
        <previous>0</previous>
    </vehicle>
    <vehicle>
        <id>6</id>
        <bndbox>
            <xmax>83</xmax>
            <xmin>68</xmin>
            <ymax>93</ymax>
            <ymin>80</ymin>
        </bndbox>
        <type>3</type>
        <direction>2</direction>
        <previous>0</previous>
    </vehicle>
    <vehicle>
        <id>7</id>
        <bndbox>
            <xmax>88</xmax>
            <xmin>70</xmin>
            <ymax>116</ymax>
            <ymin>99</ymin>
        </bndbox>
        <type>2</type>
        <direction>2</direction>
        <previous>0</previous>
    </vehicle>
    <vehicle>
        <id>8</id>
        <bndbox>
            <xmax>121</xmax>
            <xmin>106</xmin>
            <ymax>88</ymax>
            <ymin>76</ymin>
        </bndbox>
        <type>2</type>
        <direction>2</direction>
        <previous>0</previous>
    </vehicle>
    <vehicle>
        <id>9</id>
        <bndbox>
            <xmax>139</xmax>
            <xmin>126</xmin>
            <ymax>72</ymax>
            <ymin>60</ymin>
        </bndbox>
        <type>3</type>
        <direction>2</direction>
        <previous>0</previous>
    </vehicle>
    <vehicle>
        <id>10</id>
        <bndbox>
            <xmax>18</xmax>
            <xmin>1</xmin>
            <ymax>158</ymax>
            <ymin>133</ymin>
        </bndbox>
        <type>2</type>
        <direction>2</direction>
        <previous>0</previous>
    </vehicle>
    <vehicle>
        <id>11</id>
        <bndbox>
            <xmax>118</xmax>
            <xmin>27</xmin>
            <ymax>188</ymax>
            <ymin>126</ymin>
        </bndbox>
        <type>6</type>
        <direction>8</direction>
        <previous>0</previous>
    </vehicle>
    <vehicle>
        <id>12</id>
        <bndbox>
            <xmax>138</xmax>
            <xmin>0</xmin>
            <ymax>239</ymax>
            <ymin>170</ymin>
        </bndbox>
        <type>6</type>
        <direction>8</direction>
        <previous>0</previous>
    </vehicle>
    <vehicle>
        <id>13</id>
        <bndbox>
            <xmax>222</xmax>
            <xmin>109</xmin>
            <ymax>231</ymax>
            <ymin>169</ymin>
        </bndbox>
        <type>4</type>
        <direction>8</direction>
        <previous>0</previous>
    </vehicle>
    <vehicle>
        <id>14</id>
        <bndbox>
            <xmax>309</xmax>
            <xmin>184</xmin>
            <ymax>240</ymax>
            <ymin>228</ymin>
        </bndbox>
        <type>2</type>
        <direction>4</direction>
        <previous>0</previous>
    </vehicle>
    <vehicle>
        <id>15</id>
        <bndbox>
            <xmax>351</xmax>
            <xmin>255</xmin>
            <ymax>230</ymax>
            <ymin>182</ymin>
        </bndbox>
        <type>3</type>
        <direction>4</direction>
        <previous>16</previous>
    </vehicle>
    <vehicle>
        <id>16</id>
        <bndbox>
            <xmax>292</xmax>
            <xmin>263</xmin>
            <ymax>104</ymax>
            <ymin>87</ymin>
        </bndbox>
        <type>3</type>
        <direction>1</direction>
        <previous>0</previous>
    </vehicle>
    <vehicle>
        <id>17</id>
        <bndbox>
            <xmax>243</xmax>
            <xmin>214</xmin>
            <ymax>97</ymax>
            <ymin>83</ymin>
        </bndbox>
        <type>3</type>
        <direction>1</direction>
        <previous>0</previous>
    </vehicle>
    <vehicle>
        <id>18</id>
        <bndbox>
            <xmax>194</xmax>
            <xmin>178</xmin>
            <ymax>74</ymax>
            <ymin>66</ymin>
        </bndbox>
        <type>2</type>
        <direction>1</direction>
        <previous>0</previous>
    </vehicle>
    <vehicle>
        <id>19</id>
        <bndbox>
            <xmax>178</xmax>
            <xmin>164</xmin>
            <ymax>77</ymax>
            <ymin>67</ymin>
        </bndbox>
        <type>2</type>
        <direction>1</direction>
        <previous>0</previous>
    </vehicle>
    <vehicle>
        <id>20</id>
        <bndbox>
            <xmax>174</xmax>
            <xmin>165</xmin>
            <ymax>66</ymax>
            <ymin>61</ymin>
        </bndbox>
        <type>2</type>
        <direction>1</direction>
        <previous>0</previous>
    </vehicle>
    <vehicle>
        <id>21</id>
        <bndbox>
            <xmax>161</xmax>
            <xmin>155</xmin>
            <ymax>68</ymax>
            <ymin>62</ymin>
        </bndbox>
        <type>3</type>
        <direction>1</direction>
        <previous>0</previous>
    </vehicle>
    <vehicle>
        <id>22</id>
        <bndbox>
            <xmax>124</xmax>
            <xmin>118</xmin>
            <ymax>69</ymax>
            <ymin>63</ymin>
        </bndbox>
        <type>2</type>
        <direction>2</direction>
        <previous>0</previous>
    </vehicle>
</annotation>
