<annotation>
    <video>164-20160223-12.avi</video>
    <frame>000036</frame>
    <time>2016/02/23 12:23:45</time>
    <width>352</width>
    <height>240</height>
    <weather>3</weather>
    <facing>3</facing>
    <flow>1</flow>
    <vehicle>
        <id>1</id>
        <bndbox>
            <xmax>13</xmax>
            <xmin>0</xmin>
            <ymax>152</ymax>
            <ymin>126</ymin>
        </bndbox>
        <type>7</type>
        <direction>2</direction>
        <previous>1</previous>
    </vehicle>
    <vehicle>
        <id>2</id>
        <bndbox>
            <xmax>31</xmax>
            <xmin>1</xmin>
            <ymax>126</ymax>
            <ymin>105</ymin>
        </bndbox>
        <type>2</type>
        <direction>2</direction>
        <previous>2</previous>
    </vehicle>
    <vehicle>
        <id>3</id>
        <bndbox>
            <xmax>16</xmax>
            <xmin>0</xmin>
            <ymax>109</ymax>
            <ymin>99</ymin>
        </bndbox>
        <type>2</type>
        <direction>2</direction>
        <previous>3</previous>
    </vehicle>
    <vehicle>
        <id>4</id>
        <bndbox>
            <xmax>65</xmax>
            <xmin>34</xmin>
            <ymax>109</ymax>
            <ymin>82</ymin>
        </bndbox>
        <type>5</type>
        <direction>2</direction>
        <previous>4</previous>
    </vehicle>
    <vehicle>
        <id>5</id>
        <bndbox>
            <xmax>52</xmax>
            <xmin>23</xmin>
            <ymax>155</ymax>
            <ymin>130</ymin>
        </bndbox>
        <type>2</type>
        <direction>2</direction>
        <previous>5</previous>
    </vehicle>
    <vehicle>
        <id>6</id>
        <bndbox>
            <xmax>68</xmax>
            <xmin>38</xmin>
            <ymax>135</ymax>
            <ymin>114</ymin>
        </bndbox>
        <type>2</type>
        <direction>2</direction>
        <previous>6</previous>
    </vehicle>
    <vehicle>
        <id>7</id>
        <bndbox>
            <xmax>87</xmax>
            <xmin>68</xmin>
            <ymax>120</ymax>
            <ymin>98</ymin>
        </bndbox>
        <type>2</type>
        <direction>2</direction>
        <previous>7</previous>
    </vehicle>
    <vehicle>
        <id>8</id>
        <bndbox>
            <xmax>42</xmax>
            <xmin>13</xmin>
            <ymax>136</ymax>
            <ymin>117</ymin>
        </bndbox>
        <type>2</type>
        <direction>2</direction>
        <previous>8</previous>
    </vehicle>
    <vehicle>
        <id>9</id>
        <bndbox>
            <xmax>109</xmax>
            <xmin>83</xmin>
            <ymax>103</ymax>
            <ymin>74</ymin>
        </bndbox>
        <type>5</type>
        <direction>2</direction>
        <previous>9</previous>
    </vehicle>
    <vehicle>
        <id>10</id>
        <bndbox>
            <xmax>75</xmax>
            <xmin>64</xmin>
            <ymax>92</ymax>
            <ymin>82</ymin>
        </bndbox>
        <type>1</type>
        <direction>2</direction>
        <previous>10</previous>
    </vehicle>
    <vehicle>
        <id>11</id>
        <bndbox>
            <xmax>64</xmax>
            <xmin>40</xmin>
            <ymax>116</ymax>
            <ymin>100</ymin>
        </bndbox>
        <type>2</type>
        <direction>2</direction>
        <previous>11</previous>
    </vehicle>
    <vehicle>
        <id>12</id>
        <bndbox>
            <xmax>81</xmax>
            <xmin>64</xmin>
            <ymax>101</ymax>
            <ymin>88</ymin>
        </bndbox>
        <type>3</type>
        <direction>2</direction>
        <previous>12</previous>
    </vehicle>
    <vehicle>
        <id>13</id>
        <bndbox>
            <xmax>84</xmax>
            <xmin>73</xmin>
            <ymax>91</ymax>
            <ymin>80</ymin>
        </bndbox>
        <type>3</type>
        <direction>2</direction>
        <previous>13</previous>
    </vehicle>
    <vehicle>
        <id>14</id>
        <bndbox>
            <xmax>89</xmax>
            <xmin>78</xmin>
            <ymax>80</ymax>
            <ymin>73</ymin>
        </bndbox>
        <type>1</type>
        <direction>2</direction>
        <previous>14</previous>
    </vehicle>
    <vehicle>
        <id>15</id>
        <bndbox>
            <xmax>120</xmax>
            <xmin>108</xmin>
            <ymax>83</ymax>
            <ymin>74</ymin>
        </bndbox>
        <type>3</type>
        <direction>2</direction>
        <previous>16</previous>
    </vehicle>
    <vehicle>
        <id>16</id>
        <bndbox>
            <xmax>100</xmax>
            <xmin>88</xmin>
            <ymax>76</ymax>
            <ymin>67</ymin>
        </bndbox>
        <type>3</type>
        <direction>2</direction>
        <previous>17</previous>
    </vehicle>
    <vehicle>
        <id>17</id>
        <bndbox>
            <xmax>26</xmax>
            <xmin>4</xmin>
            <ymax>99</ymax>
            <ymin>90</ymin>
        </bndbox>
        <type>2</type>
        <direction>2</direction>
        <previous>0</previous>
    </vehicle>
    <vehicle>
        <id>18</id>
        <bndbox>
            <xmax>39</xmax>
            <xmin>16</xmin>
            <ymax>106</ymax>
            <ymin>95</ymin>
        </bndbox>
        <type>2</type>
        <direction>2</direction>
        <previous>0</previous>
    </vehicle>
    <vehicle>
        <id>19</id>
        <bndbox>
            <xmax>42</xmax>
            <xmin>28</xmin>
            <ymax>95</ymax>
            <ymin>88</ymin>
        </bndbox>
        <type>3</type>
        <direction>2</direction>
        <previous>0</previous>
    </vehicle>
    <vehicle>
        <id>20</id>
        <bndbox>
            <xmax>57</xmax>
            <xmin>35</xmin>
            <ymax>86</ymax>
            <ymin>76</ymin>
        </bndbox>
        <type>4</type>
        <direction>2</direction>
        <previous>0</previous>
    </vehicle>
    <vehicle>
        <id>21</id>
        <bndbox>
            <xmax>78</xmax>
            <xmin>63</xmin>
            <ymax>82</ymax>
            <ymin>74</ymin>
        </bndbox>
        <type>3</type>
        <direction>2</direction>
        <previous>0</previous>
    </vehicle>
    <vehicle>
        <id>22</id>
        <bndbox>
            <xmax>130</xmax>
            <xmin>120</xmin>
            <ymax>79</ymax>
            <ymin>71</ymin>
        </bndbox>
        <type>3</type>
        <direction>2</direction>
        <previous>0</previous>
    </vehicle>
    <vehicle>
        <id>23</id>
        <bndbox>
            <xmax>136</xmax>
            <xmin>125</xmin>
            <ymax>73</ymax>
            <ymin>66</ymin>
        </bndbox>
        <type>3</type>
        <direction>2</direction>
        <previous>0</previous>
    </vehicle>
    <vehicle>
        <id>24</id>
        <bndbox>
            <xmax>142</xmax>
            <xmin>130</xmin>
            <ymax>67</ymax>
            <ymin>59</ymin>
        </bndbox>
        <type>5</type>
        <direction>2</direction>
        <previous>0</previous>
    </vehicle>
    <vehicle>
        <id>25</id>
        <bndbox>
            <xmax>128</xmax>
            <xmin>110</xmin>
            <ymax>73</ymax>
            <ymin>59</ymin>
        </bndbox>
        <type>5</type>
        <direction>2</direction>
        <previous>0</previous>
    </vehicle>
    <vehicle>
        <id>26</id>
        <bndbox>
            <xmax>166</xmax>
            <xmin>156</xmin>
            <ymax>71</ymax>
            <ymin>59</ymin>
        </bndbox>
        <type>7</type>
        <direction>1</direction>
        <previous>0</previous>
    </vehicle>
    <vehicle>
        <id>27</id>
        <bndbox>
            <xmax>183</xmax>
            <xmin>173</xmin>
            <ymax>71</ymax>
            <ymin>62</ymin>
        </bndbox>
        <type>3</type>
        <direction>1</direction>
        <previous>0</previous>
    </vehicle>
    <vehicle>
        <id>28</id>
        <bndbox>
            <xmax>185</xmax>
            <xmin>171</xmin>
            <ymax>78</ymax>
            <ymin>70</ymin>
        </bndbox>
        <type>3</type>
        <direction>1</direction>
        <previous>0</previous>
    </vehicle>
    <vehicle>
        <id>29</id>
        <bndbox>
            <xmax>230</xmax>
            <xmin>200</xmin>
            <ymax>85</ymax>
            <ymin>67</ymin>
        </bndbox>
        <type>5</type>
        <direction>1</direction>
        <previous>0</previous>
    </vehicle>
    <vehicle>
        <id>30</id>
        <bndbox>
            <xmax>250</xmax>
            <xmin>224</xmin>
            <ymax>103</ymax>
            <ymin>88</ymin>
        </bndbox>
        <type>7</type>
        <direction>1</direction>
        <previous>0</previous>
    </vehicle>
    <vehicle>
        <id>31</id>
        <bndbox>
            <xmax>264</xmax>
            <xmin>242</xmin>
            <ymax>95</ymax>
            <ymin>84</ymin>
        </bndbox>
        <type>7</type>
        <direction>1</direction>
        <previous>0</previous>
    </vehicle>
    <vehicle>
        <id>32</id>
        <bndbox>
            <xmax>351</xmax>
            <xmin>317</xmin>
            <ymax>130</ymax>
            <ymin>104</ymin>
        </bndbox>
        <type>2</type>
        <direction>1</direction>
        <previous>0</previous>
    </vehicle>
    <vehicle>
        <id>33</id>
        <bndbox>
            <xmax>324</xmax>
            <xmin>289</xmin>
            <ymax>160</ymax>
            <ymin>133</ymin>
        </bndbox>
        <type>2</type>
        <direction>7</direction>
        <previous>0</previous>
    </vehicle>
    <vehicle>
        <id>34</id>
        <bndbox>
            <xmax>297</xmax>
            <xmin>227</xmin>
            <ymax>190</ymax>
            <ymin>158</ymin>
        </bndbox>
        <type>2</type>
        <direction>7</direction>
        <previous>0</previous>
    </vehicle>
    <vehicle>
        <id>35</id>
        <bndbox>
            <xmax>172</xmax>
            <xmin>74</xmin>
            <ymax>239</ymax>
            <ymin>197</ymin>
        </bndbox>
        <type>3</type>
        <direction>4</direction>
        <previous>0</previous>
    </vehicle>
    <vehicle>
        <id>36</id>
        <bndbox>
            <xmax>92</xmax>
            <xmin>1</xmin>
            <ymax>205</ymax>
            <ymin>162</ymin>
        </bndbox>
        <type>7</type>
        <direction>4</direction>
        <previous>0</previous>
    </vehicle>
</annotation>
