<annotation>
    <video>164-20160223-12.avi</video>
    <frame>000035</frame>
    <time>2016/02/23 12:23:22</time>
    <width>352</width>
    <height>240</height>
    <weather>3</weather>
    <facing>3</facing>
    <flow>1</flow>
    <vehicle>
        <id>1</id>
        <bndbox>
            <xmax>13</xmax>
            <xmin>0</xmin>
            <ymax>152</ymax>
            <ymin>126</ymin>
        </bndbox>
        <type>7</type>
        <direction>2</direction>
        <previous>5</previous>
    </vehicle>
    <vehicle>
        <id>2</id>
        <bndbox>
            <xmax>31</xmax>
            <xmin>1</xmin>
            <ymax>126</ymax>
            <ymin>105</ymin>
        </bndbox>
        <type>2</type>
        <direction>2</direction>
        <previous>6</previous>
    </vehicle>
    <vehicle>
        <id>3</id>
        <bndbox>
            <xmax>24</xmax>
            <xmin>2</xmin>
            <ymax>106</ymax>
            <ymin>99</ymin>
        </bndbox>
        <type>2</type>
        <direction>2</direction>
        <previous>7</previous>
    </vehicle>
    <vehicle>
        <id>4</id>
        <bndbox>
            <xmax>65</xmax>
            <xmin>34</xmin>
            <ymax>109</ymax>
            <ymin>82</ymin>
        </bndbox>
        <type>5</type>
        <direction>2</direction>
        <previous>8</previous>
    </vehicle>
    <vehicle>
        <id>5</id>
        <bndbox>
            <xmax>52</xmax>
            <xmin>23</xmin>
            <ymax>155</ymax>
            <ymin>130</ymin>
        </bndbox>
        <type>2</type>
        <direction>2</direction>
        <previous>10</previous>
    </vehicle>
    <vehicle>
        <id>6</id>
        <bndbox>
            <xmax>68</xmax>
            <xmin>38</xmin>
            <ymax>135</ymax>
            <ymin>114</ymin>
        </bndbox>
        <type>2</type>
        <direction>2</direction>
        <previous>11</previous>
    </vehicle>
    <vehicle>
        <id>7</id>
        <bndbox>
            <xmax>87</xmax>
            <xmin>68</xmin>
            <ymax>120</ymax>
            <ymin>98</ymin>
        </bndbox>
        <type>2</type>
        <direction>2</direction>
        <previous>13</previous>
    </vehicle>
    <vehicle>
        <id>8</id>
        <bndbox>
            <xmax>42</xmax>
            <xmin>13</xmin>
            <ymax>136</ymax>
            <ymin>117</ymin>
        </bndbox>
        <type>2</type>
        <direction>2</direction>
        <previous>12</previous>
    </vehicle>
    <vehicle>
        <id>9</id>
        <bndbox>
            <xmax>109</xmax>
            <xmin>83</xmin>
            <ymax>103</ymax>
            <ymin>74</ymin>
        </bndbox>
        <type>5</type>
        <direction>2</direction>
        <previous>14</previous>
    </vehicle>
    <vehicle>
        <id>10</id>
        <bndbox>
            <xmax>75</xmax>
            <xmin>64</xmin>
            <ymax>92</ymax>
            <ymin>82</ymin>
        </bndbox>
        <type>1</type>
        <direction>2</direction>
        <previous>15</previous>
    </vehicle>
    <vehicle>
        <id>11</id>
        <bndbox>
            <xmax>64</xmax>
            <xmin>40</xmin>
            <ymax>116</ymax>
            <ymin>100</ymin>
        </bndbox>
        <type>2</type>
        <direction>2</direction>
        <previous>16</previous>
    </vehicle>
    <vehicle>
        <id>12</id>
        <bndbox>
            <xmax>81</xmax>
            <xmin>64</xmin>
            <ymax>101</ymax>
            <ymin>88</ymin>
        </bndbox>
        <type>3</type>
        <direction>2</direction>
        <previous>17</previous>
    </vehicle>
    <vehicle>
        <id>13</id>
        <bndbox>
            <xmax>86</xmax>
            <xmin>75</xmin>
            <ymax>89</ymax>
            <ymin>79</ymin>
        </bndbox>
        <type>3</type>
        <direction>2</direction>
        <previous>0</previous>
    </vehicle>
    <vehicle>
        <id>14</id>
        <bndbox>
            <xmax>111</xmax>
            <xmin>95</xmin>
            <ymax>75</ymax>
            <ymin>66</ymin>
        </bndbox>
        <type>1</type>
        <direction>2</direction>
        <previous>0</previous>
    </vehicle>
    <vehicle>
        <id>15</id>
        <bndbox>
            <xmax>116</xmax>
            <xmin>108</xmin>
            <ymax>80</ymax>
            <ymin>71</ymin>
        </bndbox>
        <type>2</type>
        <direction>2</direction>
        <previous>0</previous>
    </vehicle>
    <vehicle>
        <id>16</id>
        <bndbox>
            <xmax>139</xmax>
            <xmin>129</xmin>
            <ymax>71</ymax>
            <ymin>65</ymin>
        </bndbox>
        <type>3</type>
        <direction>2</direction>
        <previous>0</previous>
    </vehicle>
    <vehicle>
        <id>17</id>
        <bndbox>
            <xmax>134</xmax>
            <xmin>126</xmin>
            <ymax>65</ymax>
            <ymin>60</ymin>
        </bndbox>
        <type>3</type>
        <direction>2</direction>
        <previous>0</previous>
    </vehicle>
    <vehicle>
        <id>18</id>
        <bndbox>
            <xmax>177</xmax>
            <xmin>52</xmin>
            <ymax>239</ymax>
            <ymin>224</ymin>
        </bndbox>
        <type>3</type>
        <direction>4</direction>
        <previous>0</previous>
    </vehicle>
    <vehicle>
        <id>19</id>
        <bndbox>
            <xmax>178</xmax>
            <xmin>91</xmin>
            <ymax>235</ymax>
            <ymin>198</ymin>
        </bndbox>
        <type>3</type>
        <direction>4</direction>
        <previous>0</previous>
    </vehicle>
    <vehicle>
        <id>20</id>
        <bndbox>
            <xmax>351</xmax>
            <xmin>144</xmin>
            <ymax>205</ymax>
            <ymin>132</ymin>
        </bndbox>
        <type>9</type>
        <direction>7</direction>
        <previous>0</previous>
    </vehicle>
</annotation>
