<annotation>
    <video>164-20160223-12.avi</video>
    <frame>000037</frame>
    <time>2016/02/23 12:24:11</time>
    <width>352</width>
    <height>240</height>
    <weather>3</weather>
    <facing>3</facing>
    <flow>2</flow>
    <vehicle>
        <id>1</id>
        <bndbox>
            <xmax>351</xmax>
            <xmin>302</xmin>
            <ymax>239</ymax>
            <ymin>196</ymin>
        </bndbox>
        <type>2</type>
        <direction>4</direction>
        <previous>6</previous>
    </vehicle>
    <vehicle>
        <id>2</id>
        <bndbox>
            <xmax>273</xmax>
            <xmin>178</xmin>
            <ymax>234</ymax>
            <ymin>182</ymin>
        </bndbox>
        <type>2</type>
        <direction>4</direction>
        <previous>7</previous>
    </vehicle>
    <vehicle>
        <id>3</id>
        <bndbox>
            <xmax>142</xmax>
            <xmin>23</xmin>
            <ymax>225</ymax>
            <ymin>132</ymin>
        </bndbox>
        <type>5</type>
        <direction>8</direction>
        <previous>9</previous>
    </vehicle>
    <vehicle>
        <id>4</id>
        <bndbox>
            <xmax>29</xmax>
            <xmin>1</xmin>
            <ymax>191</ymax>
            <ymin>154</ymin>
        </bndbox>
        <type>2</type>
        <direction>8</direction>
        <previous>11</previous>
    </vehicle>
    <vehicle>
        <id>5</id>
        <bndbox>
            <xmax>67</xmax>
            <xmin>36</xmin>
            <ymax>135</ymax>
            <ymin>116</ymin>
        </bndbox>
        <type>3</type>
        <direction>2</direction>
        <previous>12</previous>
    </vehicle>
    <vehicle>
        <id>6</id>
        <bndbox>
            <xmax>23</xmax>
            <xmin>0</xmin>
            <ymax>239</ymax>
            <ymin>196</ymin>
        </bndbox>
        <type>2</type>
        <direction>8</direction>
        <previous>2</previous>
    </vehicle>
    <vehicle>
        <id>7</id>
        <bndbox>
            <xmax>34</xmax>
            <xmin>0</xmin>
            <ymax>147</ymax>
            <ymin>126</ymin>
        </bndbox>
        <type>3</type>
        <direction>2</direction>
        <previous>13</previous>
    </vehicle>
    <vehicle>
        <id>8</id>
        <bndbox>
            <xmax>88</xmax>
            <xmin>63</xmin>
            <ymax>118</ymax>
            <ymin>102</ymin>
        </bndbox>
        <type>3</type>
        <direction>2</direction>
        <previous>15</previous>
    </vehicle>
    <vehicle>
        <id>9</id>
        <bndbox>
            <xmax>29</xmax>
            <xmin>1</xmin>
            <ymax>126</ymax>
            <ymin>105</ymin>
        </bndbox>
        <type>3</type>
        <direction>2</direction>
        <previous>16</previous>
    </vehicle>
    <vehicle>
        <id>10</id>
        <bndbox>
            <xmax>111</xmax>
            <xmin>94</xmin>
            <ymax>94</ymax>
            <ymin>76</ymin>
        </bndbox>
        <type>5</type>
        <direction>2</direction>
        <previous>24</previous>
    </vehicle>
    <vehicle>
        <id>11</id>
        <bndbox>
            <xmax>91</xmax>
            <xmin>64</xmin>
            <ymax>103</ymax>
            <ymin>77</ymin>
        </bndbox>
        <type>5</type>
        <direction>2</direction>
        <previous>25</previous>
    </vehicle>
    <vehicle>
        <id>12</id>
        <bndbox>
            <xmax>63</xmax>
            <xmin>38</xmin>
            <ymax>108</ymax>
            <ymin>91</ymin>
        </bndbox>
        <type>2</type>
        <direction>2</direction>
        <previous>0</previous>
    </vehicle>
    <vehicle>
        <id>13</id>
        <bndbox>
            <xmax>39</xmax>
            <xmin>15</xmin>
            <ymax>101</ymax>
            <ymin>84</ymin>
        </bndbox>
        <type>3</type>
        <direction>2</direction>
        <previous>0</previous>
    </vehicle>
    <vehicle>
        <id>14</id>
        <bndbox>
            <xmax>130</xmax>
            <xmin>108</xmin>
            <ymax>82</ymax>
            <ymin>63</ymin>
        </bndbox>
        <type>6</type>
        <direction>2</direction>
        <previous>0</previous>
    </vehicle>
    <vehicle>
        <id>15</id>
        <bndbox>
            <xmax>227</xmax>
            <xmin>44</xmin>
            <ymax>239</ymax>
            <ymin>212</ymin>
        </bndbox>
        <type>5</type>
        <direction>4</direction>
        <previous>0</previous>
    </vehicle>
    <vehicle>
        <id>16</id>
        <bndbox>
            <xmax>160</xmax>
            <xmin>152</xmin>
            <ymax>65</ymax>
            <ymin>60</ymin>
        </bndbox>
        <type>3</type>
        <direction>1</direction>
        <previous>0</previous>
    </vehicle>
    <vehicle>
        <id>17</id>
        <bndbox>
            <xmax>166</xmax>
            <xmin>160</xmin>
            <ymax>62</ymax>
            <ymin>58</ymin>
        </bndbox>
        <type>3</type>
        <direction>1</direction>
        <previous>0</previous>
    </vehicle>
    <vehicle>
        <id>18</id>
        <bndbox>
            <xmax>196</xmax>
            <xmin>181</xmin>
            <ymax>77</ymax>
            <ymin>66</ymin>
        </bndbox>
        <type>4</type>
        <direction>1</direction>
        <previous>0</previous>
    </vehicle>
    <vehicle>
        <id>19</id>
        <bndbox>
            <xmax>326</xmax>
            <xmin>264</xmin>
            <ymax>108</ymax>
            <ymin>79</ymin>
        </bndbox>
        <type>5</type>
        <direction>1</direction>
        <previous>0</previous>
    </vehicle>
    <vehicle>
        <id>20</id>
        <bndbox>
            <xmax>351</xmax>
            <xmin>332</xmin>
            <ymax>125</ymax>
            <ymin>105</ymin>
        </bndbox>
        <type>3</type>
        <direction>1</direction>
        <previous>0</previous>
    </vehicle>
</annotation>
