<annotation>
    <video>164-20160223-12.avi</video>
    <frame>000008</frame>
    <time>2016/02/23 12:12:40</time>
    <width>352</width>
    <height>240</height>
    <weather>3</weather>
    <facing>3</facing>
    <flow>2</flow>
    <vehicle>
        <id>1</id>
        <bndbox>
            <xmax>351</xmax>
            <xmin>266</xmin>
            <ymax>239</ymax>
            <ymin>179</ymin>
        </bndbox>
        <type>4</type>
        <direction>4</direction>
        <previous>1</previous>
    </vehicle>
    <vehicle>
        <id>2</id>
        <bndbox>
            <xmax>124</xmax>
            <xmin>25</xmin>
            <ymax>232</ymax>
            <ymin>179</ymin>
        </bndbox>
        <type>2</type>
        <direction>8</direction>
        <previous>6</previous>
    </vehicle>
    <vehicle>
        <id>3</id>
        <bndbox>
            <xmax>176</xmax>
            <xmin>85</xmin>
            <ymax>196</ymax>
            <ymin>154</ymin>
        </bndbox>
        <type>3</type>
        <direction>8</direction>
        <previous>7</previous>
    </vehicle>
    <vehicle>
        <id>4</id>
        <bndbox>
            <xmax>62</xmax>
            <xmin>27</xmin>
            <ymax>149</ymax>
            <ymin>121</ymin>
        </bndbox>
        <type>2</type>
        <direction>2</direction>
        <previous>8</previous>
    </vehicle>
    <vehicle>
        <id>5</id>
        <bndbox>
            <xmax>62</xmax>
            <xmin>-1</xmin>
            <ymax>120</ymax>
            <ymin>87</ymin>
        </bndbox>
        <type>6</type>
        <direction>2</direction>
        <previous>9</previous>
    </vehicle>
    <vehicle>
        <id>6</id>
        <bndbox>
            <xmax>54</xmax>
            <xmin>24</xmin>
            <ymax>126</ymax>
            <ymin>106</ymin>
        </bndbox>
        <type>4</type>
        <direction>2</direction>
        <previous>10</previous>
    </vehicle>
    <vehicle>
        <id>7</id>
        <bndbox>
            <xmax>23</xmax>
            <xmin>0</xmin>
            <ymax>174</ymax>
            <ymin>137</ymin>
        </bndbox>
        <type>2</type>
        <direction>2</direction>
        <previous>11</previous>
    </vehicle>
    <vehicle>
        <id>8</id>
        <bndbox>
            <xmax>101</xmax>
            <xmin>88</xmin>
            <ymax>102</ymax>
            <ymin>90</ymin>
        </bndbox>
        <type>2</type>
        <direction>2</direction>
        <previous>14</previous>
    </vehicle>
    <vehicle>
        <id>9</id>
        <bndbox>
            <xmax>113</xmax>
            <xmin>102</xmin>
            <ymax>89</ymax>
            <ymin>79</ymin>
        </bndbox>
        <type>3</type>
        <direction>2</direction>
        <previous>15</previous>
    </vehicle>
    <vehicle>
        <id>10</id>
        <bndbox>
            <xmax>70</xmax>
            <xmin>50</xmin>
            <ymax>111</ymax>
            <ymin>95</ymin>
        </bndbox>
        <type>2</type>
        <direction>2</direction>
        <previous>16</previous>
    </vehicle>
    <vehicle>
        <id>11</id>
        <bndbox>
            <xmax>84</xmax>
            <xmin>71</xmin>
            <ymax>101</ymax>
            <ymin>88</ymin>
        </bndbox>
        <type>3</type>
        <direction>2</direction>
        <previous>17</previous>
    </vehicle>
    <vehicle>
        <id>12</id>
        <bndbox>
            <xmax>19</xmax>
            <xmin>1</xmin>
            <ymax>140</ymax>
            <ymin>128</ymin>
        </bndbox>
        <type>1</type>
        <direction>2</direction>
        <previous>0</previous>
    </vehicle>
    <vehicle>
        <id>13</id>
        <bndbox>
            <xmax>174</xmax>
            <xmin>164</xmin>
            <ymax>65</ymax>
            <ymin>52</ymin>
        </bndbox>
        <type>5</type>
        <direction>1</direction>
        <previous>18</previous>
    </vehicle>
    <vehicle>
        <id>14</id>
        <bndbox>
            <xmax>164</xmax>
            <xmin>155</xmin>
            <ymax>69</ymax>
            <ymin>62</ymin>
        </bndbox>
        <type>3</type>
        <direction>1</direction>
        <previous>0</previous>
    </vehicle>
    <vehicle>
        <id>15</id>
        <bndbox>
            <xmax>190</xmax>
            <xmin>175</xmin>
            <ymax>73</ymax>
            <ymin>63</ymin>
        </bndbox>
        <type>7</type>
        <direction>1</direction>
        <previous>0</previous>
    </vehicle>
    <vehicle>
        <id>16</id>
        <bndbox>
            <xmax>314</xmax>
            <xmin>282</xmin>
            <ymax>129</ymax>
            <ymin>108</ymin>
        </bndbox>
        <type>2</type>
        <direction>1</direction>
        <previous>0</previous>
    </vehicle>
    <vehicle>
        <id>17</id>
        <bndbox>
            <xmax>180</xmax>
            <xmin>100</xmin>
            <ymax>239</ymax>
            <ymin>231</ymin>
        </bndbox>
        <type>3</type>
        <direction>4</direction>
        <previous>0</previous>
    </vehicle>
    <vehicle>
        <id>18</id>
        <bndbox>
            <xmax>35</xmax>
            <xmin>0</xmin>
            <ymax>241</ymax>
            <ymin>226</ymin>
        </bndbox>
        <type>1</type>
        <direction>4</direction>
        <previous>0</previous>
    </vehicle>
    <vehicle>
        <id>19</id>
        <bndbox>
            <xmax>15</xmax>
            <xmin>1</xmin>
            <ymax>215</ymax>
            <ymin>181</ymin>
        </bndbox>
        <type>3</type>
        <direction>8</direction>
        <previous>0</previous>
    </vehicle>
    <vehicle>
        <id>20</id>
        <bndbox>
            <xmax>100</xmax>
            <xmin>87</xmin>
            <ymax>89</ymax>
            <ymin>76</ymin>
        </bndbox>
        <type>3</type>
        <direction>2</direction>
        <previous>0</previous>
    </vehicle>
    <vehicle>
        <id>21</id>
        <bndbox>
            <xmax>82</xmax>
            <xmin>69</xmin>
            <ymax>82</ymax>
            <ymin>73</ymin>
        </bndbox>
        <type>3</type>
        <direction>2</direction>
        <previous>0</previous>
    </vehicle>
    <vehicle>
        <id>22</id>
        <bndbox>
            <xmax>116</xmax>
            <xmin>96</xmin>
            <ymax>77</ymax>
            <ymin>62</ymin>
        </bndbox>
        <type>6</type>
        <direction>2</direction>
        <previous>0</previous>
    </vehicle>
    <vehicle>
        <id>23</id>
        <bndbox>
            <xmax>135</xmax>
            <xmin>116</xmin>
            <ymax>80</ymax>
            <ymin>56</ymin>
        </bndbox>
        <type>6</type>
        <direction>2</direction>
        <previous>0</previous>
    </vehicle>
    <vehicle>
        <id>24</id>
        <bndbox>
            <xmax>142</xmax>
            <xmin>135</xmin>
            <ymax>66</ymax>
            <ymin>61</ymin>
        </bndbox>
        <type>2</type>
        <direction>2</direction>
        <previous>0</previous>
    </vehicle>
</annotation>
