<annotation>
    <video>164-20160223-12.avi</video>
    <frame>000031</frame>
    <time>2016/02/23 12:21:47</time>
    <width>352</width>
    <height>240</height>
    <weather>3</weather>
    <facing>3</facing>
    <flow>1</flow>
    <vehicle>
        <id>1</id>
        <bndbox>
            <xmax>351</xmax>
            <xmin>225</xmin>
            <ymax>200</ymax>
            <ymin>140</ymin>
        </bndbox>
        <type>5</type>
        <direction>4</direction>
        <previous>7</previous>
    </vehicle>
    <vehicle>
        <id>2</id>
        <bndbox>
            <xmax>149</xmax>
            <xmin>25</xmin>
            <ymax>202</ymax>
            <ymin>135</ymin>
        </bndbox>
        <type>5</type>
        <direction>8</direction>
        <previous>10</previous>
    </vehicle>
    <vehicle>
        <id>3</id>
        <bndbox>
            <xmax>332</xmax>
            <xmin>226</xmin>
            <ymax>239</ymax>
            <ymin>194</ymin>
        </bndbox>
        <type>3</type>
        <direction>4</direction>
        <previous>14</previous>
    </vehicle>
    <vehicle>
        <id>4</id>
        <bndbox>
            <xmax>351</xmax>
            <xmin>339</xmin>
            <ymax>239</ymax>
            <ymin>215</ymin>
        </bndbox>
        <type>2</type>
        <direction>4</direction>
        <previous>15</previous>
    </vehicle>
    <vehicle>
        <id>5</id>
        <bndbox>
            <xmax>83</xmax>
            <xmin>37</xmin>
            <ymax>136</ymax>
            <ymin>92</ymin>
        </bndbox>
        <type>5</type>
        <direction>2</direction>
        <previous>0</previous>
    </vehicle>
    <vehicle>
        <id>6</id>
        <bndbox>
            <xmax>34</xmax>
            <xmin>1</xmin>
            <ymax>142</ymax>
            <ymin>119</ymin>
        </bndbox>
        <type>2</type>
        <direction>2</direction>
        <previous>0</previous>
    </vehicle>
    <vehicle>
        <id>7</id>
        <bndbox>
            <xmax>16</xmax>
            <xmin>1</xmin>
            <ymax>127</ymax>
            <ymin>111</ymin>
        </bndbox>
        <type>2</type>
        <direction>2</direction>
        <previous>0</previous>
    </vehicle>
    <vehicle>
        <id>8</id>
        <bndbox>
            <xmax>49</xmax>
            <xmin>38</xmin>
            <ymax>119</ymax>
            <ymin>102</ymin>
        </bndbox>
        <type>3</type>
        <direction>2</direction>
        <previous>0</previous>
    </vehicle>
    <vehicle>
        <id>9</id>
        <bndbox>
            <xmax>80</xmax>
            <xmin>18</xmin>
            <ymax>105</ymax>
            <ymin>64</ymin>
        </bndbox>
        <type>6</type>
        <direction>2</direction>
        <previous>0</previous>
    </vehicle>
    <vehicle>
        <id>10</id>
        <bndbox>
            <xmax>85</xmax>
            <xmin>69</xmin>
            <ymax>90</ymax>
            <ymin>81</ymin>
        </bndbox>
        <type>3</type>
        <direction>2</direction>
        <previous>0</previous>
    </vehicle>
    <vehicle>
        <id>11</id>
        <bndbox>
            <xmax>116</xmax>
            <xmin>101</xmin>
            <ymax>88</ymax>
            <ymin>78</ymin>
        </bndbox>
        <type>3</type>
        <direction>2</direction>
        <previous>0</previous>
    </vehicle>
    <vehicle>
        <id>12</id>
        <bndbox>
            <xmax>121</xmax>
            <xmin>109</xmin>
            <ymax>76</ymax>
            <ymin>64</ymin>
        </bndbox>
        <type>5</type>
        <direction>2</direction>
        <previous>0</previous>
    </vehicle>
    <vehicle>
        <id>13</id>
        <bndbox>
            <xmax>135</xmax>
            <xmin>129</xmin>
            <ymax>65</ymax>
            <ymin>59</ymin>
        </bndbox>
        <type>3</type>
        <direction>2</direction>
        <previous>0</previous>
    </vehicle>
</annotation>
