<annotation>
    <video>164-20160223-12.avi</video>
    <frame>000009</frame>
    <time>2016/02/23 12:13:04</time>
    <width>352</width>
    <height>240</height>
    <weather>3</weather>
    <facing>3</facing>
    <flow>1</flow>
    <vehicle>
        <id>1</id>
        <bndbox>
            <xmax>55</xmax>
            <xmin>16</xmin>
            <ymax>156</ymax>
            <ymin>127</ymin>
        </bndbox>
        <type>2</type>
        <direction>2</direction>
        <previous>4</previous>
    </vehicle>
    <vehicle>
        <id>2</id>
        <bndbox>
            <xmax>49</xmax>
            <xmin>0</xmin>
            <ymax>117</ymax>
            <ymin>98</ymin>
        </bndbox>
        <type>6</type>
        <direction>2</direction>
        <previous>5</previous>
    </vehicle>
    <vehicle>
        <id>3</id>
        <bndbox>
            <xmax>52</xmax>
            <xmin>16</xmin>
            <ymax>128</ymax>
            <ymin>109</ymin>
        </bndbox>
        <type>4</type>
        <direction>2</direction>
        <previous>6</previous>
    </vehicle>
    <vehicle>
        <id>4</id>
        <bndbox>
            <xmax>97</xmax>
            <xmin>81</xmin>
            <ymax>106</ymax>
            <ymin>91</ymin>
        </bndbox>
        <type>2</type>
        <direction>2</direction>
        <previous>8</previous>
    </vehicle>
    <vehicle>
        <id>5</id>
        <bndbox>
            <xmax>106</xmax>
            <xmin>98</xmin>
            <ymax>92</ymax>
            <ymin>85</ymin>
        </bndbox>
        <type>3</type>
        <direction>2</direction>
        <previous>9</previous>
    </vehicle>
    <vehicle>
        <id>6</id>
        <bndbox>
            <xmax>68</xmax>
            <xmin>46</xmin>
            <ymax>115</ymax>
            <ymin>94</ymin>
        </bndbox>
        <type>2</type>
        <direction>2</direction>
        <previous>10</previous>
    </vehicle>
    <vehicle>
        <id>7</id>
        <bndbox>
            <xmax>81</xmax>
            <xmin>69</xmin>
            <ymax>101</ymax>
            <ymin>90</ymin>
        </bndbox>
        <type>3</type>
        <direction>2</direction>
        <previous>11</previous>
    </vehicle>
    <vehicle>
        <id>8</id>
        <bndbox>
            <xmax>22</xmax>
            <xmin>0</xmin>
            <ymax>150</ymax>
            <ymin>128</ymin>
        </bndbox>
        <type>1</type>
        <direction>2</direction>
        <previous>12</previous>
    </vehicle>
    <vehicle>
        <id>9</id>
        <bndbox>
            <xmax>98</xmax>
            <xmin>84</xmin>
            <ymax>91</ymax>
            <ymin>77</ymin>
        </bndbox>
        <type>3</type>
        <direction>2</direction>
        <previous>20</previous>
    </vehicle>
    <vehicle>
        <id>10</id>
        <bndbox>
            <xmax>81</xmax>
            <xmin>53</xmin>
            <ymax>92</ymax>
            <ymin>74</ymin>
        </bndbox>
        <type>6</type>
        <direction>2</direction>
        <previous>22</previous>
    </vehicle>
    <vehicle>
        <id>11</id>
        <bndbox>
            <xmax>132</xmax>
            <xmin>115</xmin>
            <ymax>80</ymax>
            <ymin>59</ymin>
        </bndbox>
        <type>6</type>
        <direction>2</direction>
        <previous>23</previous>
    </vehicle>
    <vehicle>
        <id>12</id>
        <bndbox>
            <xmax>35</xmax>
            <xmin>0</xmin>
            <ymax>106</ymax>
            <ymin>78</ymin>
        </bndbox>
        <type>6</type>
        <direction>2</direction>
        <previous>0</previous>
    </vehicle>
    <vehicle>
        <id>13</id>
        <bndbox>
            <xmax>44</xmax>
            <xmin>32</xmin>
            <ymax>94</ymax>
            <ymin>85</ymin>
        </bndbox>
        <type>3</type>
        <direction>2</direction>
        <previous>0</previous>
    </vehicle>
    <vehicle>
        <id>14</id>
        <bndbox>
            <xmax>55</xmax>
            <xmin>46</xmin>
            <ymax>86</ymax>
            <ymin>77</ymin>
        </bndbox>
        <type>3</type>
        <direction>2</direction>
        <previous>0</previous>
    </vehicle>
    <vehicle>
        <id>15</id>
        <bndbox>
            <xmax>90</xmax>
            <xmin>82</xmin>
            <ymax>81</ymax>
            <ymin>71</ymin>
        </bndbox>
        <type>3</type>
        <direction>2</direction>
        <previous>0</previous>
    </vehicle>
    <vehicle>
        <id>16</id>
        <bndbox>
            <xmax>108</xmax>
            <xmin>98</xmin>
            <ymax>80</ymax>
            <ymin>71</ymin>
        </bndbox>
        <type>2</type>
        <direction>2</direction>
        <previous>0</previous>
    </vehicle>
    <vehicle>
        <id>17</id>
        <bndbox>
            <xmax>113</xmax>
            <xmin>108</xmin>
            <ymax>78</ymax>
            <ymin>70</ymin>
        </bndbox>
        <type>3</type>
        <direction>2</direction>
        <previous>0</previous>
    </vehicle>
    <vehicle>
        <id>18</id>
        <bndbox>
            <xmax>142</xmax>
            <xmin>131</xmin>
            <ymax>70</ymax>
            <ymin>54</ymin>
        </bndbox>
        <type>5</type>
        <direction>2</direction>
        <previous>0</previous>
    </vehicle>
    <vehicle>
        <id>19</id>
        <bndbox>
            <xmax>143</xmax>
            <xmin>61</xmin>
            <ymax>201</ymax>
            <ymin>163</ymin>
        </bndbox>
        <type>3</type>
        <direction>4</direction>
        <previous>0</previous>
    </vehicle>
    <vehicle>
        <id>20</id>
        <bndbox>
            <xmax>185</xmax>
            <xmin>94</xmin>
            <ymax>234</ymax>
            <ymin>201</ymin>
        </bndbox>
        <type>2</type>
        <direction>4</direction>
        <previous>0</previous>
    </vehicle>
    <vehicle>
        <id>21</id>
        <bndbox>
            <xmax>290</xmax>
            <xmin>215</xmin>
            <ymax>194</ymax>
            <ymin>161</ymin>
        </bndbox>
        <type>1</type>
        <direction>7</direction>
        <previous>0</previous>
    </vehicle>
    <vehicle>
        <id>22</id>
        <bndbox>
            <xmax>341</xmax>
            <xmin>295</xmin>
            <ymax>167</ymax>
            <ymin>134</ymin>
        </bndbox>
        <type>2</type>
        <direction>7</direction>
        <previous>0</previous>
    </vehicle>
    <vehicle>
        <id>23</id>
        <bndbox>
            <xmax>298</xmax>
            <xmin>245</xmin>
            <ymax>124</ymax>
            <ymin>93</ymin>
        </bndbox>
        <type>3</type>
        <direction>1</direction>
        <previous>0</previous>
    </vehicle>
    <vehicle>
        <id>24</id>
        <bndbox>
            <xmax>302</xmax>
            <xmin>245</xmin>
            <ymax>100</ymax>
            <ymin>71</ymin>
        </bndbox>
        <type>6</type>
        <direction>1</direction>
        <previous>0</previous>
    </vehicle>
    <vehicle>
        <id>25</id>
        <bndbox>
            <xmax>211</xmax>
            <xmin>197</xmin>
            <ymax>81</ymax>
            <ymin>73</ymin>
        </bndbox>
        <type>3</type>
        <direction>1</direction>
        <previous>0</previous>
    </vehicle>
    <vehicle>
        <id>26</id>
        <bndbox>
            <xmax>179</xmax>
            <xmin>169</xmin>
            <ymax>76</ymax>
            <ymin>69</ymin>
        </bndbox>
        <type>2</type>
        <direction>1</direction>
        <previous>0</previous>
    </vehicle>
    <vehicle>
        <id>27</id>
        <bndbox>
            <xmax>162</xmax>
            <xmin>156</xmin>
            <ymax>68</ymax>
            <ymin>60</ymin>
        </bndbox>
        <type>3</type>
        <direction>1</direction>
        <previous>0</previous>
    </vehicle>
    <vehicle>
        <id>28</id>
        <bndbox>
            <xmax>192</xmax>
            <xmin>175</xmin>
            <ymax>70</ymax>
            <ymin>58</ymin>
        </bndbox>
        <type>5</type>
        <direction>1</direction>
        <previous>0</previous>
    </vehicle>
    <vehicle>
        <id>29</id>
        <bndbox>
            <xmax>343</xmax>
            <xmin>226</xmin>
            <ymax>239</ymax>
            <ymin>219</ymin>
        </bndbox>
        <type>2</type>
        <direction>4</direction>
        <previous>0</previous>
    </vehicle>
</annotation>
