<annotation>
    <video>164-20160223-12.avi</video>
    <frame>000183</frame>
    <time>2016/02/23 13:22:16</time>
    <width>352</width>
    <height>240</height>
    <weather>3</weather>
    <facing>3</facing>
    <flow>1</flow>
    <vehicle>
        <id>1</id>
        <bndbox>
            <xmax>66</xmax>
            <xmin>33</xmin>
            <ymax>140</ymax>
            <ymin>118</ymin>
        </bndbox>
        <type>3</type>
        <direction>2</direction>
        <previous>1</previous>
    </vehicle>
    <vehicle>
        <id>2</id>
        <bndbox>
            <xmax>93</xmax>
            <xmin>74</xmin>
            <ymax>111</ymax>
            <ymin>98</ymin>
        </bndbox>
        <type>3</type>
        <direction>2</direction>
        <previous>2</previous>
    </vehicle>
    <vehicle>
        <id>3</id>
        <bndbox>
            <xmax>105</xmax>
            <xmin>93</xmin>
            <ymax>95</ymax>
            <ymin>84</ymin>
        </bndbox>
        <type>2</type>
        <direction>2</direction>
        <previous>0</previous>
    </vehicle>
    <vehicle>
        <id>4</id>
        <bndbox>
            <xmax>118</xmax>
            <xmin>106</xmin>
            <ymax>87</ymax>
            <ymin>78</ymin>
        </bndbox>
        <type>2</type>
        <direction>2</direction>
        <previous>0</previous>
    </vehicle>
    <vehicle>
        <id>5</id>
        <bndbox>
            <xmax>15</xmax>
            <xmin>0</xmin>
            <ymax>151</ymax>
            <ymin>125</ymin>
        </bndbox>
        <type>5</type>
        <direction>2</direction>
        <previous>3</previous>
    </vehicle>
    <vehicle>
        <id>6</id>
        <bndbox>
            <xmax>41</xmax>
            <xmin>15</xmin>
            <ymax>137</ymax>
            <ymin>116</ymin>
        </bndbox>
        <type>2</type>
        <direction>2</direction>
        <previous>4</previous>
    </vehicle>
    <vehicle>
        <id>7</id>
        <bndbox>
            <xmax>64</xmax>
            <xmin>39</xmin>
            <ymax>119</ymax>
            <ymin>103</ymin>
        </bndbox>
        <type>1</type>
        <direction>2</direction>
        <previous>5</previous>
    </vehicle>
    <vehicle>
        <id>8</id>
        <bndbox>
            <xmax>81</xmax>
            <xmin>62</xmin>
            <ymax>104</ymax>
            <ymin>89</ymin>
        </bndbox>
        <type>2</type>
        <direction>2</direction>
        <previous>0</previous>
    </vehicle>
    <vehicle>
        <id>9</id>
        <bndbox>
            <xmax>91</xmax>
            <xmin>79</xmin>
            <ymax>96</ymax>
            <ymin>83</ymin>
        </bndbox>
        <type>1</type>
        <direction>2</direction>
        <previous>0</previous>
    </vehicle>
    <vehicle>
        <id>10</id>
        <bndbox>
            <xmax>103</xmax>
            <xmin>88</xmin>
            <ymax>83</ymax>
            <ymin>76</ymin>
        </bndbox>
        <type>1</type>
        <direction>2</direction>
        <previous>0</previous>
    </vehicle>
    <vehicle>
        <id>11</id>
        <bndbox>
            <xmax>13</xmax>
            <xmin>2</xmin>
            <ymax>124</ymax>
            <ymin>111</ymin>
        </bndbox>
        <type>3</type>
        <direction>2</direction>
        <previous>7</previous>
    </vehicle>
    <vehicle>
        <id>12</id>
        <bndbox>
            <xmax>39</xmax>
            <xmin>15</xmin>
            <ymax>118</ymax>
            <ymin>104</ymin>
        </bndbox>
        <type>2</type>
        <direction>2</direction>
        <previous>8</previous>
    </vehicle>
    <vehicle>
        <id>13</id>
        <bndbox>
            <xmax>61</xmax>
            <xmin>40</xmin>
            <ymax>105</ymax>
            <ymin>95</ymin>
        </bndbox>
        <type>2</type>
        <direction>2</direction>
        <previous>0</previous>
    </vehicle>
    <vehicle>
        <id>14</id>
        <bndbox>
            <xmax>29</xmax>
            <xmin>5</xmin>
            <ymax>110</ymax>
            <ymin>100</ymin>
        </bndbox>
        <type>3</type>
        <direction>2</direction>
        <previous>9</previous>
    </vehicle>
    <vehicle>
        <id>15</id>
        <bndbox>
            <xmax>49</xmax>
            <xmin>29</xmin>
            <ymax>99</ymax>
            <ymin>89</ymin>
        </bndbox>
        <type>3</type>
        <direction>2</direction>
        <previous>10</previous>
    </vehicle>
    <vehicle>
        <id>16</id>
        <bndbox>
            <xmax>63</xmax>
            <xmin>49</xmin>
            <ymax>92</ymax>
            <ymin>82</ymin>
        </bndbox>
        <type>2</type>
        <direction>2</direction>
        <previous>11</previous>
    </vehicle>
    <vehicle>
        <id>17</id>
        <bndbox>
            <xmax>89</xmax>
            <xmin>69</xmin>
            <ymax>82</ymax>
            <ymin>73</ymin>
        </bndbox>
        <type>7</type>
        <direction>2</direction>
        <previous>12</previous>
    </vehicle>
    <vehicle>
        <id>18</id>
        <bndbox>
            <xmax>103</xmax>
            <xmin>88</xmin>
            <ymax>76</ymax>
            <ymin>68</ymin>
        </bndbox>
        <type>3</type>
        <direction>2</direction>
        <previous>13</previous>
    </vehicle>
    <vehicle>
        <id>19</id>
        <bndbox>
            <xmax>109</xmax>
            <xmin>100</xmin>
            <ymax>74</ymax>
            <ymin>67</ymin>
        </bndbox>
        <type>3</type>
        <direction>2</direction>
        <previous>14</previous>
    </vehicle>
    <vehicle>
        <id>20</id>
        <bndbox>
            <xmax>116</xmax>
            <xmin>105</xmin>
            <ymax>70</ymax>
            <ymin>63</ymin>
        </bndbox>
        <type>3</type>
        <direction>2</direction>
        <previous>15</previous>
    </vehicle>
    <vehicle>
        <id>21</id>
        <bndbox>
            <xmax>122</xmax>
            <xmin>113</xmin>
            <ymax>68</ymax>
            <ymin>57</ymin>
        </bndbox>
        <type>5</type>
        <direction>2</direction>
        <previous>16</previous>
    </vehicle>
    <vehicle>
        <id>22</id>
        <bndbox>
            <xmax>134</xmax>
            <xmin>125</xmin>
            <ymax>68</ymax>
            <ymin>60</ymin>
        </bndbox>
        <type>3</type>
        <direction>2</direction>
        <previous>17</previous>
    </vehicle>
    <vehicle>
        <id>23</id>
        <bndbox>
            <xmax>16</xmax>
            <xmin>0</xmin>
            <ymax>109</ymax>
            <ymin>86</ymin>
        </bndbox>
        <type>6</type>
        <direction>2</direction>
        <previous>18</previous>
    </vehicle>
    <vehicle>
        <id>24</id>
        <bndbox>
            <xmax>41</xmax>
            <xmin>17</xmin>
            <ymax>97</ymax>
            <ymin>84</ymin>
        </bndbox>
        <type>7</type>
        <direction>2</direction>
        <previous>19</previous>
    </vehicle>
    <vehicle>
        <id>25</id>
        <bndbox>
            <xmax>53</xmax>
            <xmin>40</xmin>
            <ymax>88</ymax>
            <ymin>79</ymin>
        </bndbox>
        <type>3</type>
        <direction>2</direction>
        <previous>20</previous>
    </vehicle>
    <vehicle>
        <id>26</id>
        <bndbox>
            <xmax>79</xmax>
            <xmin>53</xmin>
            <ymax>80</ymax>
            <ymin>65</ymin>
        </bndbox>
        <type>5</type>
        <direction>2</direction>
        <previous>21</previous>
    </vehicle>
    <vehicle>
        <id>27</id>
        <bndbox>
            <xmax>162</xmax>
            <xmin>155</xmin>
            <ymax>65</ymax>
            <ymin>59</ymin>
        </bndbox>
        <type>3</type>
        <direction>1</direction>
        <previous>0</previous>
    </vehicle>
    <vehicle>
        <id>28</id>
        <bndbox>
            <xmax>172</xmax>
            <xmin>165</xmin>
            <ymax>64</ymax>
            <ymin>59</ymin>
        </bndbox>
        <type>3</type>
        <direction>1</direction>
        <previous>0</previous>
    </vehicle>
    <vehicle>
        <id>29</id>
        <bndbox>
            <xmax>185</xmax>
            <xmin>177</xmin>
            <ymax>71</ymax>
            <ymin>64</ymin>
        </bndbox>
        <type>3</type>
        <direction>1</direction>
        <previous>0</previous>
    </vehicle>
    <vehicle>
        <id>30</id>
        <bndbox>
            <xmax>179</xmax>
            <xmin>165</xmin>
            <ymax>76</ymax>
            <ymin>68</ymin>
        </bndbox>
        <type>7</type>
        <direction>1</direction>
        <previous>0</previous>
    </vehicle>
    <vehicle>
        <id>31</id>
        <bndbox>
            <xmax>210</xmax>
            <xmin>197</xmin>
            <ymax>79</ymax>
            <ymin>71</ymin>
        </bndbox>
        <type>2</type>
        <direction>1</direction>
        <previous>0</previous>
    </vehicle>
    <vehicle>
        <id>32</id>
        <bndbox>
            <xmax>211</xmax>
            <xmin>193</xmin>
            <ymax>89</ymax>
            <ymin>78</ymin>
        </bndbox>
        <type>3</type>
        <direction>1</direction>
        <previous>0</previous>
    </vehicle>
    <vehicle>
        <id>33</id>
        <bndbox>
            <xmax>323</xmax>
            <xmin>287</xmin>
            <ymax>132</ymax>
            <ymin>113</ymin>
        </bndbox>
        <type>2</type>
        <direction>1</direction>
        <previous>0</previous>
    </vehicle>
    <vehicle>
        <id>34</id>
        <bndbox>
            <xmax>351</xmax>
            <xmin>346</xmin>
            <ymax>125</ymax>
            <ymin>105</ymin>
        </bndbox>
        <type>5</type>
        <direction>1</direction>
        <previous>0</previous>
    </vehicle>
    <vehicle>
        <id>35</id>
        <bndbox>
            <xmax>320</xmax>
            <xmin>285</xmin>
            <ymax>160</ymax>
            <ymin>132</ymin>
        </bndbox>
        <type>3</type>
        <direction>7</direction>
        <previous>0</previous>
    </vehicle>
    <vehicle>
        <id>36</id>
        <bndbox>
            <xmax>268</xmax>
            <xmin>185</xmin>
            <ymax>193</ymax>
            <ymin>156</ymin>
        </bndbox>
        <type>3</type>
        <direction>7</direction>
        <previous>0</previous>
    </vehicle>
    <vehicle>
        <id>37</id>
        <bndbox>
            <xmax>314</xmax>
            <xmin>199</xmin>
            <ymax>239</ymax>
            <ymin>194</ymin>
        </bndbox>
        <type>2</type>
        <direction>4</direction>
        <previous>0</previous>
    </vehicle>
    <vehicle>
        <id>38</id>
        <bndbox>
            <xmax>119</xmax>
            <xmin>0</xmin>
            <ymax>239</ymax>
            <ymin>188</ymin>
        </bndbox>
        <type>7</type>
        <direction>4</direction>
        <previous>0</previous>
    </vehicle>
    <vehicle>
        <id>39</id>
        <bndbox>
            <xmax>43</xmax>
            <xmin>1</xmin>
            <ymax>189</ymax>
            <ymin>169</ymin>
        </bndbox>
        <type>3</type>
        <direction>4</direction>
        <previous>0</previous>
    </vehicle>
</annotation>
