<annotation>
    <video>164-20160223-12.avi</video>
    <frame>000169</frame>
    <time>2016/02/23 13:16:44</time>
    <width>352</width>
    <height>240</height>
    <weather>3</weather>
    <facing>3</facing>
    <flow>2</flow>
    <vehicle>
        <id>1</id>
        <bndbox>
            <xmax>351</xmax>
            <xmin>324</xmin>
            <ymax>190</ymax>
            <ymin>136</ymin>
        </bndbox>
        <type>6</type>
        <direction>4</direction>
        <previous>1</previous>
    </vehicle>
    <vehicle>
        <id>2</id>
        <bndbox>
            <xmax>306</xmax>
            <xmin>222</xmin>
            <ymax>197</ymax>
            <ymin>168</ymin>
        </bndbox>
        <type>1</type>
        <direction>4</direction>
        <previous>2</previous>
    </vehicle>
    <vehicle>
        <id>3</id>
        <bndbox>
            <xmax>288</xmax>
            <xmin>190</xmin>
            <ymax>232</ymax>
            <ymin>187</ymin>
        </bndbox>
        <type>2</type>
        <direction>4</direction>
        <previous>3</previous>
    </vehicle>
    <vehicle>
        <id>4</id>
        <bndbox>
            <xmax>167</xmax>
            <xmin>60</xmin>
            <ymax>234</ymax>
            <ymin>163</ymin>
        </bndbox>
        <type>7</type>
        <direction>8</direction>
        <previous>4</previous>
    </vehicle>
    <vehicle>
        <id>5</id>
        <bndbox>
            <xmax>58</xmax>
            <xmin>20</xmin>
            <ymax>159</ymax>
            <ymin>110</ymin>
        </bndbox>
        <type>5</type>
        <direction>8</direction>
        <previous>5</previous>
    </vehicle>
    <vehicle>
        <id>6</id>
        <bndbox>
            <xmax>89</xmax>
            <xmin>67</xmin>
            <ymax>120</ymax>
            <ymin>102</ymin>
        </bndbox>
        <type>3</type>
        <direction>2</direction>
        <previous>6</previous>
    </vehicle>
    <vehicle>
        <id>7</id>
        <bndbox>
            <xmax>105</xmax>
            <xmin>90</xmin>
            <ymax>101</ymax>
            <ymin>90</ymin>
        </bndbox>
        <type>2</type>
        <direction>2</direction>
        <previous>14</previous>
    </vehicle>
    <vehicle>
        <id>8</id>
        <bndbox>
            <xmax>110</xmax>
            <xmin>96</xmin>
            <ymax>89</ymax>
            <ymin>80</ymin>
        </bndbox>
        <type>2</type>
        <direction>2</direction>
        <previous>15</previous>
    </vehicle>
    <vehicle>
        <id>9</id>
        <bndbox>
            <xmax>132</xmax>
            <xmin>113</xmin>
            <ymax>78</ymax>
            <ymin>59</ymin>
        </bndbox>
        <type>6</type>
        <direction>2</direction>
        <previous>16</previous>
    </vehicle>
    <vehicle>
        <id>10</id>
        <bndbox>
            <xmax>140</xmax>
            <xmin>134</xmin>
            <ymax>69</ymax>
            <ymin>63</ymin>
        </bndbox>
        <type>2</type>
        <direction>2</direction>
        <previous>0</previous>
    </vehicle>
    <vehicle>
        <id>11</id>
        <bndbox>
            <xmax>9</xmax>
            <xmin>0</xmin>
            <ymax>158</ymax>
            <ymin>136</ymin>
        </bndbox>
        <type>3</type>
        <direction>2</direction>
        <previous>13</previous>
    </vehicle>
    <vehicle>
        <id>12</id>
        <bndbox>
            <xmax>37</xmax>
            <xmin>5</xmin>
            <ymax>120</ymax>
            <ymin>99</ymin>
        </bndbox>
        <type>7</type>
        <direction>2</direction>
        <previous>17</previous>
    </vehicle>
    <vehicle>
        <id>13</id>
        <bndbox>
            <xmax>22</xmax>
            <xmin>7</xmin>
            <ymax>139</ymax>
            <ymin>123</ymin>
        </bndbox>
        <type>2</type>
        <direction>2</direction>
        <previous>0</previous>
    </vehicle>
    <vehicle>
        <id>14</id>
        <bndbox>
            <xmax>62</xmax>
            <xmin>45</xmin>
            <ymax>113</ymax>
            <ymin>104</ymin>
        </bndbox>
        <type>2</type>
        <direction>2</direction>
        <previous>0</previous>
    </vehicle>
    <vehicle>
        <id>15</id>
        <bndbox>
            <xmax>70</xmax>
            <xmin>52</xmin>
            <ymax>111</ymax>
            <ymin>95</ymin>
        </bndbox>
        <type>2</type>
        <direction>2</direction>
        <previous>0</previous>
    </vehicle>
    <vehicle>
        <id>16</id>
        <bndbox>
            <xmax>86</xmax>
            <xmin>71</xmin>
            <ymax>100</ymax>
            <ymin>90</ymin>
        </bndbox>
        <type>2</type>
        <direction>2</direction>
        <previous>0</previous>
    </vehicle>
    <vehicle>
        <id>17</id>
        <bndbox>
            <xmax>58</xmax>
            <xmin>38</xmin>
            <ymax>104</ymax>
            <ymin>88</ymin>
        </bndbox>
        <type>3</type>
        <direction>2</direction>
        <previous>0</previous>
    </vehicle>
    <vehicle>
        <id>18</id>
        <bndbox>
            <xmax>84</xmax>
            <xmin>69</xmin>
            <ymax>90</ymax>
            <ymin>80</ymin>
        </bndbox>
        <type>1</type>
        <direction>2</direction>
        <previous>0</previous>
    </vehicle>
    <vehicle>
        <id>19</id>
        <bndbox>
            <xmax>97</xmax>
            <xmin>83</xmin>
            <ymax>83</ymax>
            <ymin>73</ymin>
        </bndbox>
        <type>1</type>
        <direction>2</direction>
        <previous>0</previous>
    </vehicle>
    <vehicle>
        <id>20</id>
        <bndbox>
            <xmax>115</xmax>
            <xmin>104</xmin>
            <ymax>72</ymax>
            <ymin>64</ymin>
        </bndbox>
        <type>3</type>
        <direction>2</direction>
        <previous>0</previous>
    </vehicle>
    <vehicle>
        <id>21</id>
        <bndbox>
            <xmax>203</xmax>
            <xmin>176</xmin>
            <ymax>85</ymax>
            <ymin>62</ymin>
        </bndbox>
        <type>6</type>
        <direction>1</direction>
        <previous>0</previous>
    </vehicle>
    <vehicle>
        <id>22</id>
        <bndbox>
            <xmax>301</xmax>
            <xmin>231</xmin>
            <ymax>109</ymax>
            <ymin>78</ymin>
        </bndbox>
        <type>9</type>
        <direction>1</direction>
        <previous>0</previous>
    </vehicle>
    <vehicle>
        <id>23</id>
        <bndbox>
            <xmax>351</xmax>
            <xmin>325</xmin>
            <ymax>115</ymax>
            <ymin>88</ymin>
        </bndbox>
        <type>5</type>
        <direction>1</direction>
        <previous>0</previous>
    </vehicle>
    <vehicle>
        <id>24</id>
        <bndbox>
            <xmax>351</xmax>
            <xmin>338</xmin>
            <ymax>230</ymax>
            <ymin>201</ymin>
        </bndbox>
        <type>2</type>
        <direction>4</direction>
        <previous>0</previous>
    </vehicle>
    <vehicle>
        <id>25</id>
        <bndbox>
            <xmax>25</xmax>
            <xmin>0</xmin>
            <ymax>239</ymax>
            <ymin>207</ymin>
        </bndbox>
        <type>3</type>
        <direction>8</direction>
        <previous>0</previous>
    </vehicle>
</annotation>
