<annotation>
    <video>164-20160223-12.avi</video>
    <frame>000197</frame>
    <time>2016/02/23 13:27:50</time>
    <width>352</width>
    <height>240</height>
    <weather>3</weather>
    <facing>3</facing>
    <flow>1</flow>
    <vehicle>
        <id>1</id>
        <bndbox>
            <xmax>78</xmax>
            <xmin>26</xmin>
            <ymax>140</ymax>
            <ymin>91</ymin>
        </bndbox>
        <type>6</type>
        <direction>2</direction>
        <previous>5</previous>
    </vehicle>
    <vehicle>
        <id>2</id>
        <bndbox>
            <xmax>104</xmax>
            <xmin>74</xmin>
            <ymax>105</ymax>
            <ymin>72</ymin>
        </bndbox>
        <type>6</type>
        <direction>2</direction>
        <previous>0</previous>
    </vehicle>
    <vehicle>
        <id>3</id>
        <bndbox>
            <xmax>115</xmax>
            <xmin>105</xmin>
            <ymax>88</ymax>
            <ymin>80</ymin>
        </bndbox>
        <type>3</type>
        <direction>2</direction>
        <previous>0</previous>
    </vehicle>
    <vehicle>
        <id>4</id>
        <bndbox>
            <xmax>130</xmax>
            <xmin>109</xmin>
            <ymax>82</ymax>
            <ymin>62</ymin>
        </bndbox>
        <type>5</type>
        <direction>2</direction>
        <previous>0</previous>
    </vehicle>
    <vehicle>
        <id>5</id>
        <bndbox>
            <xmax>137</xmax>
            <xmin>130</xmin>
            <ymax>73</ymax>
            <ymin>65</ymin>
        </bndbox>
        <type>3</type>
        <direction>2</direction>
        <previous>0</previous>
    </vehicle>
    <vehicle>
        <id>6</id>
        <bndbox>
            <xmax>28</xmax>
            <xmin>0</xmin>
            <ymax>151</ymax>
            <ymin>118</ymin>
        </bndbox>
        <type>7</type>
        <direction>2</direction>
        <previous>0</previous>
    </vehicle>
    <vehicle>
        <id>7</id>
        <bndbox>
            <xmax>26</xmax>
            <xmin>0</xmin>
            <ymax>119</ymax>
            <ymin>93</ymin>
        </bndbox>
        <type>5</type>
        <direction>2</direction>
        <previous>0</previous>
    </vehicle>
    <vehicle>
        <id>8</id>
        <bndbox>
            <xmax>59</xmax>
            <xmin>42</xmin>
            <ymax>93</ymax>
            <ymin>84</ymin>
        </bndbox>
        <type>2</type>
        <direction>2</direction>
        <previous>0</previous>
    </vehicle>
    <vehicle>
        <id>9</id>
        <bndbox>
            <xmax>205</xmax>
            <xmin>92</xmin>
            <ymax>198</ymax>
            <ymin>160</ymin>
        </bndbox>
        <type>4</type>
        <direction>4</direction>
        <previous>0</previous>
    </vehicle>
    <vehicle>
        <id>10</id>
        <bndbox>
            <xmax>253</xmax>
            <xmin>124</xmin>
            <ymax>238</ymax>
            <ymin>190</ymin>
        </bndbox>
        <type>4</type>
        <direction>4</direction>
        <previous>0</previous>
    </vehicle>
    <vehicle>
        <id>11</id>
        <bndbox>
            <xmax>351</xmax>
            <xmin>302</xmin>
            <ymax>218</ymax>
            <ymin>148</ymin>
        </bndbox>
        <type>5</type>
        <direction>4</direction>
        <previous>0</previous>
    </vehicle>
    <vehicle>
        <id>12</id>
        <bndbox>
            <xmax>351</xmax>
            <xmin>293</xmin>
            <ymax>239</ymax>
            <ymin>233</ymin>
        </bndbox>
        <type>3</type>
        <direction>4</direction>
        <previous>0</previous>
    </vehicle>
</annotation>
