<annotation>
    <video>164-20160223-12.avi</video>
    <frame>000147</frame>
    <time>2016/02/23 13:07:57</time>
    <width>352</width>
    <height>240</height>
    <weather>3</weather>
    <facing>3</facing>
    <flow>2</flow>
    <vehicle>
        <id>1</id>
        <bndbox>
            <xmax>351</xmax>
            <xmin>264</xmin>
            <ymax>230</ymax>
            <ymin>183</ymin>
        </bndbox>
        <type>7</type>
        <direction>4</direction>
        <previous>2</previous>
    </vehicle>
    <vehicle>
        <id>2</id>
        <bndbox>
            <xmax>249</xmax>
            <xmin>151</xmin>
            <ymax>229</ymax>
            <ymin>194</ymin>
        </bndbox>
        <type>3</type>
        <direction>4</direction>
        <previous>3</previous>
    </vehicle>
    <vehicle>
        <id>3</id>
        <bndbox>
            <xmax>126</xmax>
            <xmin>52</xmin>
            <ymax>226</ymax>
            <ymin>173</ymin>
        </bndbox>
        <type>3</type>
        <direction>8</direction>
        <previous>4</previous>
    </vehicle>
    <vehicle>
        <id>4</id>
        <bndbox>
            <xmax>53</xmax>
            <xmin>17</xmin>
            <ymax>197</ymax>
            <ymin>155</ymin>
        </bndbox>
        <type>2</type>
        <direction>8</direction>
        <previous>5</previous>
    </vehicle>
    <vehicle>
        <id>5</id>
        <bndbox>
            <xmax>56</xmax>
            <xmin>23</xmin>
            <ymax>151</ymax>
            <ymin>129</ymin>
        </bndbox>
        <type>3</type>
        <direction>2</direction>
        <previous>7</previous>
    </vehicle>
    <vehicle>
        <id>6</id>
        <bndbox>
            <xmax>71</xmax>
            <xmin>45</xmin>
            <ymax>128</ymax>
            <ymin>109</ymin>
        </bndbox>
        <type>3</type>
        <direction>2</direction>
        <previous>8</previous>
    </vehicle>
    <vehicle>
        <id>7</id>
        <bndbox>
            <xmax>95</xmax>
            <xmin>76</xmin>
            <ymax>109</ymax>
            <ymin>94</ymin>
        </bndbox>
        <type>2</type>
        <direction>2</direction>
        <previous>9</previous>
    </vehicle>
    <vehicle>
        <id>8</id>
        <bndbox>
            <xmax>109</xmax>
            <xmin>95</xmin>
            <ymax>95</ymax>
            <ymin>85</ymin>
        </bndbox>
        <type>3</type>
        <direction>2</direction>
        <previous>10</previous>
    </vehicle>
    <vehicle>
        <id>9</id>
        <bndbox>
            <xmax>131</xmax>
            <xmin>119</xmin>
            <ymax>76</ymax>
            <ymin>68</ymin>
        </bndbox>
        <type>3</type>
        <direction>2</direction>
        <previous>0</previous>
    </vehicle>
    <vehicle>
        <id>10</id>
        <bndbox>
            <xmax>139</xmax>
            <xmin>132</xmin>
            <ymax>67</ymax>
            <ymin>60</ymin>
        </bndbox>
        <type>7</type>
        <direction>2</direction>
        <previous>0</previous>
    </vehicle>
    <vehicle>
        <id>11</id>
        <bndbox>
            <xmax>16</xmax>
            <xmin>0</xmin>
            <ymax>182</ymax>
            <ymin>151</ymin>
        </bndbox>
        <type>3</type>
        <direction>2</direction>
        <previous>6</previous>
    </vehicle>
    <vehicle>
        <id>12</id>
        <bndbox>
            <xmax>10</xmax>
            <xmin>0</xmin>
            <ymax>150</ymax>
            <ymin>131</ymin>
        </bndbox>
        <type>3</type>
        <direction>2</direction>
        <previous>16</previous>
    </vehicle>
    <vehicle>
        <id>13</id>
        <bndbox>
            <xmax>49</xmax>
            <xmin>20</xmin>
            <ymax>129</ymax>
            <ymin>107</ymin>
        </bndbox>
        <type>3</type>
        <direction>2</direction>
        <previous>0</previous>
    </vehicle>
    <vehicle>
        <id>14</id>
        <bndbox>
            <xmax>68</xmax>
            <xmin>49</xmin>
            <ymax>112</ymax>
            <ymin>102</ymin>
        </bndbox>
        <type>3</type>
        <direction>2</direction>
        <previous>0</previous>
    </vehicle>
    <vehicle>
        <id>15</id>
        <bndbox>
            <xmax>83</xmax>
            <xmin>63</xmin>
            <ymax>102</ymax>
            <ymin>85</ymin>
        </bndbox>
        <type>7</type>
        <direction>2</direction>
        <previous>0</previous>
    </vehicle>
    <vehicle>
        <id>16</id>
        <bndbox>
            <xmax>102</xmax>
            <xmin>81</xmin>
            <ymax>89</ymax>
            <ymin>68</ymin>
        </bndbox>
        <type>5</type>
        <direction>2</direction>
        <previous>0</previous>
    </vehicle>
    <vehicle>
        <id>17</id>
        <bndbox>
            <xmax>33</xmax>
            <xmin>3</xmin>
            <ymax>124</ymax>
            <ymin>108</ymin>
        </bndbox>
        <type>2</type>
        <direction>2</direction>
        <previous>0</previous>
    </vehicle>
    <vehicle>
        <id>18</id>
        <bndbox>
            <xmax>97</xmax>
            <xmin>67</xmin>
            <ymax>82</ymax>
            <ymin>61</ymin>
        </bndbox>
        <type>6</type>
        <direction>2</direction>
        <previous>0</previous>
    </vehicle>
    <vehicle>
        <id>19</id>
        <bndbox>
            <xmax>212</xmax>
            <xmin>194</xmin>
            <ymax>83</ymax>
            <ymin>73</ymin>
        </bndbox>
        <type>3</type>
        <direction>1</direction>
        <previous>0</previous>
    </vehicle>
    <vehicle>
        <id>20</id>
        <bndbox>
            <xmax>290</xmax>
            <xmin>158</xmin>
            <ymax>239</ymax>
            <ymin>227</ymin>
        </bndbox>
        <type>2</type>
        <direction>4</direction>
        <previous>0</previous>
    </vehicle>
</annotation>
