<annotation>
    <video>164-20160223-12.avi</video>
    <frame>000186</frame>
    <time>2016/02/23 13:23:27</time>
    <width>352</width>
    <height>240</height>
    <weather>3</weather>
    <facing>3</facing>
    <flow>1</flow>
    <vehicle>
        <id>1</id>
        <bndbox>
            <xmax>15</xmax>
            <xmin>0</xmin>
            <ymax>92</ymax>
            <ymin>83</ymin>
        </bndbox>
        <type>5</type>
        <direction>2</direction>
        <previous>1</previous>
    </vehicle>
    <vehicle>
        <id>2</id>
        <bndbox>
            <xmax>40</xmax>
            <xmin>19</xmin>
            <ymax>87</ymax>
            <ymin>78</ymin>
        </bndbox>
        <type>5</type>
        <direction>2</direction>
        <previous>2</previous>
    </vehicle>
    <vehicle>
        <id>3</id>
        <bndbox>
            <xmax>67</xmax>
            <xmin>42</xmin>
            <ymax>80</ymax>
            <ymin>69</ymin>
        </bndbox>
        <type>6</type>
        <direction>2</direction>
        <previous>5</previous>
    </vehicle>
    <vehicle>
        <id>4</id>
        <bndbox>
            <xmax>49</xmax>
            <xmin>31</xmin>
            <ymax>94</ymax>
            <ymin>82</ymin>
        </bndbox>
        <type>7</type>
        <direction>2</direction>
        <previous>4</previous>
    </vehicle>
    <vehicle>
        <id>5</id>
        <bndbox>
            <xmax>42</xmax>
            <xmin>0</xmin>
            <ymax>124</ymax>
            <ymin>88</ymin>
        </bndbox>
        <type>6</type>
        <direction>2</direction>
        <previous>6</previous>
    </vehicle>
    <vehicle>
        <id>6</id>
        <bndbox>
            <xmax>55</xmax>
            <xmin>41</xmin>
            <ymax>106</ymax>
            <ymin>92</ymin>
        </bndbox>
        <type>3</type>
        <direction>2</direction>
        <previous>13</previous>
    </vehicle>
    <vehicle>
        <id>7</id>
        <bndbox>
            <xmax>59</xmax>
            <xmin>49</xmin>
            <ymax>90</ymax>
            <ymin>79</ymin>
        </bndbox>
        <type>3</type>
        <direction>2</direction>
        <previous>3</previous>
    </vehicle>
    <vehicle>
        <id>8</id>
        <bndbox>
            <xmax>88</xmax>
            <xmin>57</xmin>
            <ymax>96</ymax>
            <ymin>69</ymin>
        </bndbox>
        <type>5</type>
        <direction>2</direction>
        <previous>0</previous>
    </vehicle>
    <vehicle>
        <id>9</id>
        <bndbox>
            <xmax>98</xmax>
            <xmin>87</xmin>
            <ymax>84</ymax>
            <ymin>71</ymin>
        </bndbox>
        <type>7</type>
        <direction>2</direction>
        <previous>0</previous>
    </vehicle>
    <vehicle>
        <id>10</id>
        <bndbox>
            <xmax>109</xmax>
            <xmin>95</xmin>
            <ymax>73</ymax>
            <ymin>66</ymin>
        </bndbox>
        <type>1</type>
        <direction>2</direction>
        <previous>0</previous>
    </vehicle>
    <vehicle>
        <id>11</id>
        <bndbox>
            <xmax>19</xmax>
            <xmin>0</xmin>
            <ymax>156</ymax>
            <ymin>131</ymin>
        </bndbox>
        <type>2</type>
        <direction>2</direction>
        <previous>0</previous>
    </vehicle>
    <vehicle>
        <id>12</id>
        <bndbox>
            <xmax>51</xmax>
            <xmin>19</xmin>
            <ymax>129</ymax>
            <ymin>105</ymin>
        </bndbox>
        <type>2</type>
        <direction>2</direction>
        <previous>0</previous>
    </vehicle>
    <vehicle>
        <id>13</id>
        <bndbox>
            <xmax>81</xmax>
            <xmin>60</xmin>
            <ymax>108</ymax>
            <ymin>90</ymin>
        </bndbox>
        <type>3</type>
        <direction>2</direction>
        <previous>0</previous>
    </vehicle>
    <vehicle>
        <id>14</id>
        <bndbox>
            <xmax>50</xmax>
            <xmin>10</xmin>
            <ymax>157</ymax>
            <ymin>127</ymin>
        </bndbox>
        <type>3</type>
        <direction>2</direction>
        <previous>0</previous>
    </vehicle>
    <vehicle>
        <id>15</id>
        <bndbox>
            <xmax>75</xmax>
            <xmin>47</xmin>
            <ymax>134</ymax>
            <ymin>111</ymin>
        </bndbox>
        <type>3</type>
        <direction>2</direction>
        <previous>0</previous>
    </vehicle>
    <vehicle>
        <id>16</id>
        <bndbox>
            <xmax>91</xmax>
            <xmin>70</xmin>
            <ymax>115</ymax>
            <ymin>101</ymin>
        </bndbox>
        <type>3</type>
        <direction>2</direction>
        <previous>0</previous>
    </vehicle>
    <vehicle>
        <id>17</id>
        <bndbox>
            <xmax>101</xmax>
            <xmin>87</xmin>
            <ymax>101</ymax>
            <ymin>89</ymin>
        </bndbox>
        <type>2</type>
        <direction>2</direction>
        <previous>0</previous>
    </vehicle>
    <vehicle>
        <id>18</id>
        <bndbox>
            <xmax>114</xmax>
            <xmin>102</xmin>
            <ymax>88</ymax>
            <ymin>79</ymin>
        </bndbox>
        <type>3</type>
        <direction>2</direction>
        <previous>0</previous>
    </vehicle>
    <vehicle>
        <id>19</id>
        <bndbox>
            <xmax>130</xmax>
            <xmin>119</xmin>
            <ymax>77</ymax>
            <ymin>68</ymin>
        </bndbox>
        <type>3</type>
        <direction>2</direction>
        <previous>0</previous>
    </vehicle>
    <vehicle>
        <id>20</id>
        <bndbox>
            <xmax>141</xmax>
            <xmin>130</xmin>
            <ymax>67</ymax>
            <ymin>59</ymin>
        </bndbox>
        <type>3</type>
        <direction>2</direction>
        <previous>0</previous>
    </vehicle>
    <vehicle>
        <id>21</id>
        <bndbox>
            <xmax>132</xmax>
            <xmin>121</xmin>
            <ymax>66</ymax>
            <ymin>60</ymin>
        </bndbox>
        <type>1</type>
        <direction>2</direction>
        <previous>0</previous>
    </vehicle>
    <vehicle>
        <id>22</id>
        <bndbox>
            <xmax>24</xmax>
            <xmin>2</xmin>
            <ymax>231</ymax>
            <ymin>202</ymin>
        </bndbox>
        <type>2</type>
        <direction>4</direction>
        <previous>0</previous>
    </vehicle>
    <vehicle>
        <id>23</id>
        <bndbox>
            <xmax>143</xmax>
            <xmin>70</xmin>
            <ymax>200</ymax>
            <ymin>170</ymin>
        </bndbox>
        <type>2</type>
        <direction>4</direction>
        <previous>0</previous>
    </vehicle>
    <vehicle>
        <id>24</id>
        <bndbox>
            <xmax>284</xmax>
            <xmin>178</xmin>
            <ymax>234</ymax>
            <ymin>187</ymin>
        </bndbox>
        <type>2</type>
        <direction>4</direction>
        <previous>0</previous>
    </vehicle>
    <vehicle>
        <id>25</id>
        <bndbox>
            <xmax>319</xmax>
            <xmin>243</xmin>
            <ymax>185</ymax>
            <ymin>151</ymin>
        </bndbox>
        <type>2</type>
        <direction>4</direction>
        <previous>0</previous>
    </vehicle>
</annotation>
