<annotation>
    <video>164-20160223-12.avi</video>
    <frame>000192</frame>
    <time>2016/02/23 13:25:50</time>
    <width>352</width>
    <height>240</height>
    <weather>3</weather>
    <facing>3</facing>
    <flow>2</flow>
    <vehicle>
        <id>1</id>
        <bndbox>
            <xmax>351</xmax>
            <xmin>328</xmin>
            <ymax>215</ymax>
            <ymin>181</ymin>
        </bndbox>
        <type>3</type>
        <direction>4</direction>
        <previous>2</previous>
    </vehicle>
    <vehicle>
        <id>2</id>
        <bndbox>
            <xmax>351</xmax>
            <xmin>296</xmin>
            <ymax>196</ymax>
            <ymin>165</ymin>
        </bndbox>
        <type>2</type>
        <direction>4</direction>
        <previous>0</previous>
    </vehicle>
    <vehicle>
        <id>3</id>
        <bndbox>
            <xmax>276</xmax>
            <xmin>156</xmin>
            <ymax>239</ymax>
            <ymin>190</ymin>
        </bndbox>
        <type>2</type>
        <direction>4</direction>
        <previous>0</previous>
    </vehicle>
    <vehicle>
        <id>4</id>
        <bndbox>
            <xmax>232</xmax>
            <xmin>110</xmin>
            <ymax>239</ymax>
            <ymin>227</ymin>
        </bndbox>
        <type>4</type>
        <direction>2</direction>
        <previous>6</previous>
    </vehicle>
    <vehicle>
        <id>5</id>
        <bndbox>
            <xmax>147</xmax>
            <xmin>65</xmin>
            <ymax>239</ymax>
            <ymin>185</ymin>
        </bndbox>
        <type>2</type>
        <direction>8</direction>
        <previous>3</previous>
    </vehicle>
    <vehicle>
        <id>6</id>
        <bndbox>
            <xmax>68</xmax>
            <xmin>28</xmin>
            <ymax>190</ymax>
            <ymin>155</ymin>
        </bndbox>
        <type>3</type>
        <direction>8</direction>
        <previous>4</previous>
    </vehicle>
    <vehicle>
        <id>7</id>
        <bndbox>
            <xmax>60</xmax>
            <xmin>0</xmin>
            <ymax>239</ymax>
            <ymin>156</ymin>
        </bndbox>
        <type>5</type>
        <direction>8</direction>
        <previous>8</previous>
    </vehicle>
    <vehicle>
        <id>8</id>
        <bndbox>
            <xmax>12</xmax>
            <xmin>1</xmin>
            <ymax>159</ymax>
            <ymin>120</ymin>
        </bndbox>
        <type>5</type>
        <direction>2</direction>
        <previous>9</previous>
    </vehicle>
    <vehicle>
        <id>9</id>
        <bndbox>
            <xmax>65</xmax>
            <xmin>39</xmin>
            <ymax>138</ymax>
            <ymin>118</ymin>
        </bndbox>
        <type>3</type>
        <direction>2</direction>
        <previous>5</previous>
    </vehicle>
    <vehicle>
        <id>10</id>
        <bndbox>
            <xmax>107</xmax>
            <xmin>95</xmin>
            <ymax>77</ymax>
            <ymin>71</ymin>
        </bndbox>
        <type>3</type>
        <direction>2</direction>
        <previous>0</previous>
    </vehicle>
    <vehicle>
        <id>11</id>
        <bndbox>
            <xmax>133</xmax>
            <xmin>116</xmin>
            <ymax>78</ymax>
            <ymin>59</ymin>
        </bndbox>
        <type>5</type>
        <direction>2</direction>
        <previous>0</previous>
    </vehicle>
    <vehicle>
        <id>12</id>
        <bndbox>
            <xmax>161</xmax>
            <xmin>154</xmin>
            <ymax>64</ymax>
            <ymin>60</ymin>
        </bndbox>
        <type>3</type>
        <direction>1</direction>
        <previous>0</previous>
    </vehicle>
    <vehicle>
        <id>13</id>
        <bndbox>
            <xmax>183</xmax>
            <xmin>169</xmin>
            <ymax>70</ymax>
            <ymin>60</ymin>
        </bndbox>
        <type>6</type>
        <direction>2</direction>
        <previous>0</previous>
    </vehicle>
    <vehicle>
        <id>14</id>
        <bndbox>
            <xmax>172</xmax>
            <xmin>161</xmin>
            <ymax>74</ymax>
            <ymin>66</ymin>
        </bndbox>
        <type>3</type>
        <direction>1</direction>
        <previous>0</previous>
    </vehicle>
    <vehicle>
        <id>15</id>
        <bndbox>
            <xmax>197</xmax>
            <xmin>183</xmin>
            <ymax>76</ymax>
            <ymin>66</ymin>
        </bndbox>
        <type>2</type>
        <direction>1</direction>
        <previous>0</previous>
    </vehicle>
    <vehicle>
        <id>16</id>
        <bndbox>
            <xmax>209</xmax>
            <xmin>190</xmin>
            <ymax>88</ymax>
            <ymin>77</ymin>
        </bndbox>
        <type>7</type>
        <direction>1</direction>
        <previous>0</previous>
    </vehicle>
    <vehicle>
        <id>17</id>
        <bndbox>
            <xmax>255</xmax>
            <xmin>225</xmin>
            <ymax>95</ymax>
            <ymin>81</ymin>
        </bndbox>
        <type>5</type>
        <direction>1</direction>
        <previous>0</previous>
    </vehicle>
    <vehicle>
        <id>18</id>
        <bndbox>
            <xmax>334</xmax>
            <xmin>297</xmin>
            <ymax>112</ymax>
            <ymin>96</ymin>
        </bndbox>
        <type>3</type>
        <direction>1</direction>
        <previous>0</previous>
    </vehicle>
</annotation>
