<annotation>
    <video>164-20160223-12.avi</video>
    <frame>000150</frame>
    <time>2016/02/23 13:09:09</time>
    <width>352</width>
    <height>240</height>
    <weather>3</weather>
    <facing>3</facing>
    <flow>1</flow>
    <vehicle>
        <id>1</id>
        <bndbox>
            <xmax>351</xmax>
            <xmin>293</xmin>
            <ymax>196</ymax>
            <ymin>163</ymin>
        </bndbox>
        <type>2</type>
        <direction>4</direction>
        <previous>2</previous>
    </vehicle>
    <vehicle>
        <id>2</id>
        <bndbox>
            <xmax>269</xmax>
            <xmin>197</xmin>
            <ymax>199</ymax>
            <ymin>167</ymin>
        </bndbox>
        <type>3</type>
        <direction>4</direction>
        <previous>3</previous>
    </vehicle>
    <vehicle>
        <id>3</id>
        <bndbox>
            <xmax>110</xmax>
            <xmin>42</xmin>
            <ymax>209</ymax>
            <ymin>167</ymin>
        </bndbox>
        <type>3</type>
        <direction>8</direction>
        <previous>4</previous>
    </vehicle>
    <vehicle>
        <id>4</id>
        <bndbox>
            <xmax>54</xmax>
            <xmin>15</xmin>
            <ymax>159</ymax>
            <ymin>117</ymin>
        </bndbox>
        <type>7</type>
        <direction>2</direction>
        <previous>5</previous>
    </vehicle>
    <vehicle>
        <id>5</id>
        <bndbox>
            <xmax>78</xmax>
            <xmin>53</xmin>
            <ymax>130</ymax>
            <ymin>107</ymin>
        </bndbox>
        <type>3</type>
        <direction>2</direction>
        <previous>6</previous>
    </vehicle>
    <vehicle>
        <id>6</id>
        <bndbox>
            <xmax>94</xmax>
            <xmin>75</xmin>
            <ymax>113</ymax>
            <ymin>95</ymin>
        </bndbox>
        <type>2</type>
        <direction>2</direction>
        <previous>7</previous>
    </vehicle>
    <vehicle>
        <id>7</id>
        <bndbox>
            <xmax>106</xmax>
            <xmin>90</xmin>
            <ymax>95</ymax>
            <ymin>83</ymin>
        </bndbox>
        <type>2</type>
        <direction>2</direction>
        <previous>8</previous>
    </vehicle>
    <vehicle>
        <id>8</id>
        <bndbox>
            <xmax>124</xmax>
            <xmin>106</xmin>
            <ymax>86</ymax>
            <ymin>67</ymin>
        </bndbox>
        <type>5</type>
        <direction>2</direction>
        <previous>9</previous>
    </vehicle>
    <vehicle>
        <id>9</id>
        <bndbox>
            <xmax>144</xmax>
            <xmin>136</xmin>
            <ymax>66</ymax>
            <ymin>61</ymin>
        </bndbox>
        <type>3</type>
        <direction>2</direction>
        <previous>0</previous>
    </vehicle>
    <vehicle>
        <id>10</id>
        <bndbox>
            <xmax>242</xmax>
            <xmin>142</xmin>
            <ymax>239</ymax>
            <ymin>195</ymin>
        </bndbox>
        <type>2</type>
        <direction>4</direction>
        <previous>0</previous>
    </vehicle>
    <vehicle>
        <id>11</id>
        <bndbox>
            <xmax>93</xmax>
            <xmin>0</xmin>
            <ymax>239</ymax>
            <ymin>183</ymin>
        </bndbox>
        <type>7</type>
        <direction>8</direction>
        <previous>0</previous>
    </vehicle>
    <vehicle>
        <id>12</id>
        <bndbox>
            <xmax>14</xmax>
            <xmin>0</xmin>
            <ymax>156</ymax>
            <ymin>134</ymin>
        </bndbox>
        <type>3</type>
        <direction>2</direction>
        <previous>0</previous>
    </vehicle>
    <vehicle>
        <id>13</id>
        <bndbox>
            <xmax>42</xmax>
            <xmin>17</xmin>
            <ymax>136</ymax>
            <ymin>110</ymin>
        </bndbox>
        <type>1</type>
        <direction>2</direction>
        <previous>0</previous>
    </vehicle>
    <vehicle>
        <id>14</id>
        <bndbox>
            <xmax>68</xmax>
            <xmin>37</xmin>
            <ymax>116</ymax>
            <ymin>92</ymin>
        </bndbox>
        <type>7</type>
        <direction>2</direction>
        <previous>16</previous>
    </vehicle>
    <vehicle>
        <id>15</id>
        <bndbox>
            <xmax>81</xmax>
            <xmin>68</xmin>
            <ymax>102</ymax>
            <ymin>91</ymin>
        </bndbox>
        <type>3</type>
        <direction>2</direction>
        <previous>17</previous>
    </vehicle>
    <vehicle>
        <id>16</id>
        <bndbox>
            <xmax>101</xmax>
            <xmin>73</xmin>
            <ymax>91</ymax>
            <ymin>67</ymin>
        </bndbox>
        <type>5</type>
        <direction>2</direction>
        <previous>0</previous>
    </vehicle>
    <vehicle>
        <id>17</id>
        <bndbox>
            <xmax>106</xmax>
            <xmin>101</xmin>
            <ymax>81</ymax>
            <ymin>68</ymin>
        </bndbox>
        <type>3</type>
        <direction>2</direction>
        <previous>0</previous>
    </vehicle>
    <vehicle>
        <id>18</id>
        <bndbox>
            <xmax>125</xmax>
            <xmin>116</xmin>
            <ymax>68</ymax>
            <ymin>63</ymin>
        </bndbox>
        <type>3</type>
        <direction>2</direction>
        <previous>0</previous>
    </vehicle>
    <vehicle>
        <id>19</id>
        <bndbox>
            <xmax>135</xmax>
            <xmin>127</xmin>
            <ymax>65</ymax>
            <ymin>60</ymin>
        </bndbox>
        <type>3</type>
        <direction>2</direction>
        <previous>0</previous>
    </vehicle>
    <vehicle>
        <id>20</id>
        <bndbox>
            <xmax>8</xmax>
            <xmin>1</xmin>
            <ymax>131</ymax>
            <ymin>117</ymin>
        </bndbox>
        <type>2</type>
        <direction>2</direction>
        <previous>0</previous>
    </vehicle>
    <vehicle>
        <id>21</id>
        <bndbox>
            <xmax>33</xmax>
            <xmin>6</xmin>
            <ymax>120</ymax>
            <ymin>106</ymin>
        </bndbox>
        <type>1</type>
        <direction>2</direction>
        <previous>0</previous>
    </vehicle>
    <vehicle>
        <id>22</id>
        <bndbox>
            <xmax>75</xmax>
            <xmin>66</xmin>
            <ymax>83</ymax>
            <ymin>74</ymin>
        </bndbox>
        <type>3</type>
        <direction>2</direction>
        <previous>0</previous>
    </vehicle>
</annotation>
