<annotation>
    <video>164-20160223-12.avi</video>
    <frame>000154</frame>
    <time>2016/02/23 13:10:44</time>
    <width>352</width>
    <height>240</height>
    <weather>3</weather>
    <facing>3</facing>
    <flow>2</flow>
    <vehicle>
        <id>1</id>
        <bndbox>
            <xmax>123</xmax>
            <xmin>35</xmin>
            <ymax>187</ymax>
            <ymin>126</ymin>
        </bndbox>
        <type>5</type>
        <direction>8</direction>
        <previous>4</previous>
    </vehicle>
    <vehicle>
        <id>2</id>
        <bndbox>
            <xmax>66</xmax>
            <xmin>30</xmin>
            <ymax>144</ymax>
            <ymin>118</ymin>
        </bndbox>
        <type>3</type>
        <direction>2</direction>
        <previous>5</previous>
    </vehicle>
    <vehicle>
        <id>3</id>
        <bndbox>
            <xmax>92</xmax>
            <xmin>66</xmin>
            <ymax>117</ymax>
            <ymin>96</ymin>
        </bndbox>
        <type>3</type>
        <direction>2</direction>
        <previous>6</previous>
    </vehicle>
    <vehicle>
        <id>4</id>
        <bndbox>
            <xmax>106</xmax>
            <xmin>91</xmin>
            <ymax>97</ymax>
            <ymin>87</ymin>
        </bndbox>
        <type>2</type>
        <direction>2</direction>
        <previous>7</previous>
    </vehicle>
    <vehicle>
        <id>5</id>
        <bndbox>
            <xmax>112</xmax>
            <xmin>102</xmin>
            <ymax>87</ymax>
            <ymin>80</ymin>
        </bndbox>
        <type>3</type>
        <direction>2</direction>
        <previous>8</previous>
    </vehicle>
    <vehicle>
        <id>6</id>
        <bndbox>
            <xmax>125</xmax>
            <xmin>115</xmin>
            <ymax>82</ymax>
            <ymin>72</ymin>
        </bndbox>
        <type>3</type>
        <direction>2</direction>
        <previous>9</previous>
    </vehicle>
    <vehicle>
        <id>7</id>
        <bndbox>
            <xmax>139</xmax>
            <xmin>125</xmin>
            <ymax>71</ymax>
            <ymin>57</ymin>
        </bndbox>
        <type>5</type>
        <direction>2</direction>
        <previous>0</previous>
    </vehicle>
    <vehicle>
        <id>8</id>
        <bndbox>
            <xmax>227</xmax>
            <xmin>115</xmin>
            <ymax>228</ymax>
            <ymin>174</ymin>
        </bndbox>
        <type>2</type>
        <direction>4</direction>
        <previous>13</previous>
    </vehicle>
    <vehicle>
        <id>9</id>
        <bndbox>
            <xmax>19</xmax>
            <xmin>0</xmin>
            <ymax>151</ymax>
            <ymin>117</ymin>
        </bndbox>
        <type>7</type>
        <direction>2</direction>
        <previous>14</previous>
    </vehicle>
    <vehicle>
        <id>10</id>
        <bndbox>
            <xmax>48</xmax>
            <xmin>18</xmin>
            <ymax>132</ymax>
            <ymin>111</ymin>
        </bndbox>
        <type>3</type>
        <direction>2</direction>
        <previous>15</previous>
    </vehicle>
    <vehicle>
        <id>11</id>
        <bndbox>
            <xmax>78</xmax>
            <xmin>60</xmin>
            <ymax>107</ymax>
            <ymin>92</ymin>
        </bndbox>
        <type>3</type>
        <direction>2</direction>
        <previous>16</previous>
    </vehicle>
    <vehicle>
        <id>12</id>
        <bndbox>
            <xmax>25</xmax>
            <xmin>3</xmin>
            <ymax>122</ymax>
            <ymin>111</ymin>
        </bndbox>
        <type>2</type>
        <direction>2</direction>
        <previous>0</previous>
    </vehicle>
    <vehicle>
        <id>13</id>
        <bndbox>
            <xmax>56</xmax>
            <xmin>33</xmin>
            <ymax>110</ymax>
            <ymin>94</ymin>
        </bndbox>
        <type>3</type>
        <direction>2</direction>
        <previous>0</previous>
    </vehicle>
    <vehicle>
        <id>14</id>
        <bndbox>
            <xmax>84</xmax>
            <xmin>67</xmin>
            <ymax>90</ymax>
            <ymin>76</ymin>
        </bndbox>
        <type>7</type>
        <direction>2</direction>
        <previous>0</previous>
    </vehicle>
    <vehicle>
        <id>15</id>
        <bndbox>
            <xmax>94</xmax>
            <xmin>81</xmin>
            <ymax>93</ymax>
            <ymin>83</ymin>
        </bndbox>
        <type>2</type>
        <direction>2</direction>
        <previous>0</previous>
    </vehicle>
    <vehicle>
        <id>16</id>
        <bndbox>
            <xmax>110</xmax>
            <xmin>98</xmin>
            <ymax>82</ymax>
            <ymin>72</ymin>
        </bndbox>
        <type>2</type>
        <direction>2</direction>
        <previous>0</previous>
    </vehicle>
    <vehicle>
        <id>17</id>
        <bndbox>
            <xmax>113</xmax>
            <xmin>102</xmin>
            <ymax>74</ymax>
            <ymin>66</ymin>
        </bndbox>
        <type>2</type>
        <direction>2</direction>
        <previous>0</previous>
    </vehicle>
    <vehicle>
        <id>18</id>
        <bndbox>
            <xmax>164</xmax>
            <xmin>157</xmin>
            <ymax>62</ymax>
            <ymin>57</ymin>
        </bndbox>
        <type>3</type>
        <direction>1</direction>
        <previous>0</previous>
    </vehicle>
    <vehicle>
        <id>19</id>
        <bndbox>
            <xmax>192</xmax>
            <xmin>178</xmin>
            <ymax>82</ymax>
            <ymin>72</ymin>
        </bndbox>
        <type>3</type>
        <direction>1</direction>
        <previous>0</previous>
    </vehicle>
    <vehicle>
        <id>20</id>
        <bndbox>
            <xmax>240</xmax>
            <xmin>216</xmin>
            <ymax>99</ymax>
            <ymin>86</ymin>
        </bndbox>
        <type>2</type>
        <direction>1</direction>
        <previous>0</previous>
    </vehicle>
    <vehicle>
        <id>21</id>
        <bndbox>
            <xmax>282</xmax>
            <xmin>255</xmin>
            <ymax>102</ymax>
            <ymin>89</ymin>
        </bndbox>
        <type>3</type>
        <direction>1</direction>
        <previous>0</previous>
    </vehicle>
    <vehicle>
        <id>22</id>
        <bndbox>
            <xmax>351</xmax>
            <xmin>286</xmin>
            <ymax>216</ymax>
            <ymin>150</ymin>
        </bndbox>
        <type>5</type>
        <direction>4</direction>
        <previous>0</previous>
    </vehicle>
    <vehicle>
        <id>23</id>
        <bndbox>
            <xmax>350</xmax>
            <xmin>240</xmin>
            <ymax>239</ymax>
            <ymin>213</ymin>
        </bndbox>
        <type>3</type>
        <direction>4</direction>
        <previous>0</previous>
    </vehicle>
</annotation>
