<annotation>
    <video>164-20160223-12.avi</video>
    <frame>000184</frame>
    <time>2016/02/23 13:22:40</time>
    <width>352</width>
    <height>240</height>
    <weather>3</weather>
    <facing>3</facing>
    <flow>2</flow>
    <vehicle>
        <id>1</id>
        <bndbox>
            <xmax>34</xmax>
            <xmin>0</xmin>
            <ymax>107</ymax>
            <ymin>78</ymin>
        </bndbox>
        <type>5</type>
        <direction>2</direction>
        <previous>26</previous>
    </vehicle>
    <vehicle>
        <id>2</id>
        <bndbox>
            <xmax>32</xmax>
            <xmin>10</xmin>
            <ymax>109</ymax>
            <ymin>97</ymin>
        </bndbox>
        <type>2</type>
        <direction>2</direction>
        <previous>0</previous>
    </vehicle>
    <vehicle>
        <id>3</id>
        <bndbox>
            <xmax>62</xmax>
            <xmin>47</xmin>
            <ymax>85</ymax>
            <ymin>78</ymin>
        </bndbox>
        <type>3</type>
        <direction>2</direction>
        <previous>18</previous>
    </vehicle>
    <vehicle>
        <id>4</id>
        <bndbox>
            <xmax>66</xmax>
            <xmin>52</xmin>
            <ymax>90</ymax>
            <ymin>83</ymin>
        </bndbox>
        <type>3</type>
        <direction>2</direction>
        <previous>19</previous>
    </vehicle>
    <vehicle>
        <id>5</id>
        <bndbox>
            <xmax>89</xmax>
            <xmin>73</xmin>
            <ymax>78</ymax>
            <ymin>68</ymin>
        </bndbox>
        <type>3</type>
        <direction>2</direction>
        <previous>20</previous>
    </vehicle>
    <vehicle>
        <id>6</id>
        <bndbox>
            <xmax>118</xmax>
            <xmin>95</xmin>
            <ymax>71</ymax>
            <ymin>60</ymin>
        </bndbox>
        <type>5</type>
        <direction>2</direction>
        <previous>21</previous>
    </vehicle>
    <vehicle>
        <id>7</id>
        <bndbox>
            <xmax>24</xmax>
            <xmin>0</xmin>
            <ymax>152</ymax>
            <ymin>114</ymin>
        </bndbox>
        <type>5</type>
        <direction>2</direction>
        <previous>0</previous>
    </vehicle>
    <vehicle>
        <id>8</id>
        <bndbox>
            <xmax>61</xmax>
            <xmin>35</xmin>
            <ymax>119</ymax>
            <ymin>104</ymin>
        </bndbox>
        <type>2</type>
        <direction>2</direction>
        <previous>0</previous>
    </vehicle>
    <vehicle>
        <id>9</id>
        <bndbox>
            <xmax>102</xmax>
            <xmin>79</xmin>
            <ymax>100</ymax>
            <ymin>84</ymin>
        </bndbox>
        <type>7</type>
        <direction>2</direction>
        <previous>0</previous>
    </vehicle>
    <vehicle>
        <id>10</id>
        <bndbox>
            <xmax>137</xmax>
            <xmin>127</xmin>
            <ymax>71</ymax>
            <ymin>62</ymin>
        </bndbox>
        <type>3</type>
        <direction>2</direction>
        <previous>0</previous>
    </vehicle>
    <vehicle>
        <id>11</id>
        <bndbox>
            <xmax>54</xmax>
            <xmin>18</xmin>
            <ymax>190</ymax>
            <ymin>148</ymin>
        </bndbox>
        <type>7</type>
        <direction>8</direction>
        <previous>0</previous>
    </vehicle>
    <vehicle>
        <id>12</id>
        <bndbox>
            <xmax>16</xmax>
            <xmin>0</xmin>
            <ymax>239</ymax>
            <ymin>211</ymin>
        </bndbox>
        <type>1</type>
        <direction>4</direction>
        <previous>0</previous>
    </vehicle>
    <vehicle>
        <id>13</id>
        <bndbox>
            <xmax>127</xmax>
            <xmin>39</xmin>
            <ymax>239</ymax>
            <ymin>223</ymin>
        </bndbox>
        <type>2</type>
        <direction>4</direction>
        <previous>0</previous>
    </vehicle>
    <vehicle>
        <id>14</id>
        <bndbox>
            <xmax>196</xmax>
            <xmin>98</xmin>
            <ymax>227</ymax>
            <ymin>184</ymin>
        </bndbox>
        <type>2</type>
        <direction>8</direction>
        <previous>0</previous>
    </vehicle>
    <vehicle>
        <id>15</id>
        <bndbox>
            <xmax>351</xmax>
            <xmin>254</xmin>
            <ymax>239</ymax>
            <ymin>231</ymin>
        </bndbox>
        <type>1</type>
        <direction>4</direction>
        <previous>0</previous>
    </vehicle>
    <vehicle>
        <id>16</id>
        <bndbox>
            <xmax>351</xmax>
            <xmin>317</xmin>
            <ymax>138</ymax>
            <ymin>118</ymin>
        </bndbox>
        <type>2</type>
        <direction>2</direction>
        <previous>0</previous>
    </vehicle>
    <vehicle>
        <id>17</id>
        <bndbox>
            <xmax>241</xmax>
            <xmin>216</xmin>
            <ymax>101</ymax>
            <ymin>88</ymin>
        </bndbox>
        <type>3</type>
        <direction>1</direction>
        <previous>0</previous>
    </vehicle>
    <vehicle>
        <id>18</id>
        <bndbox>
            <xmax>187</xmax>
            <xmin>176</xmin>
            <ymax>75</ymax>
            <ymin>66</ymin>
        </bndbox>
        <type>3</type>
        <direction>2</direction>
        <previous>0</previous>
    </vehicle>
    <vehicle>
        <id>19</id>
        <bndbox>
            <xmax>173</xmax>
            <xmin>165</xmin>
            <ymax>66</ymax>
            <ymin>60</ymin>
        </bndbox>
        <type>3</type>
        <direction>1</direction>
        <previous>0</previous>
    </vehicle>
</annotation>
