<annotation>
    <video>164-20160223-12.avi</video>
    <frame>000187</frame>
    <time>2016/02/23 13:23:51</time>
    <width>352</width>
    <height>240</height>
    <weather>3</weather>
    <facing>3</facing>
    <flow>1</flow>
    <vehicle>
        <id>1</id>
        <bndbox>
            <xmax>15</xmax>
            <xmin>0</xmin>
            <ymax>92</ymax>
            <ymin>83</ymin>
        </bndbox>
        <type>5</type>
        <direction>2</direction>
        <previous>1</previous>
    </vehicle>
    <vehicle>
        <id>2</id>
        <bndbox>
            <xmax>40</xmax>
            <xmin>19</xmin>
            <ymax>87</ymax>
            <ymin>78</ymin>
        </bndbox>
        <type>5</type>
        <direction>2</direction>
        <previous>2</previous>
    </vehicle>
    <vehicle>
        <id>3</id>
        <bndbox>
            <xmax>67</xmax>
            <xmin>42</xmin>
            <ymax>80</ymax>
            <ymin>69</ymin>
        </bndbox>
        <type>6</type>
        <direction>2</direction>
        <previous>3</previous>
    </vehicle>
    <vehicle>
        <id>4</id>
        <bndbox>
            <xmax>49</xmax>
            <xmin>31</xmin>
            <ymax>94</ymax>
            <ymin>82</ymin>
        </bndbox>
        <type>7</type>
        <direction>2</direction>
        <previous>4</previous>
    </vehicle>
    <vehicle>
        <id>5</id>
        <bndbox>
            <xmax>42</xmax>
            <xmin>0</xmin>
            <ymax>124</ymax>
            <ymin>88</ymin>
        </bndbox>
        <type>6</type>
        <direction>2</direction>
        <previous>5</previous>
    </vehicle>
    <vehicle>
        <id>6</id>
        <bndbox>
            <xmax>55</xmax>
            <xmin>41</xmin>
            <ymax>106</ymax>
            <ymin>92</ymin>
        </bndbox>
        <type>3</type>
        <direction>2</direction>
        <previous>6</previous>
    </vehicle>
    <vehicle>
        <id>7</id>
        <bndbox>
            <xmax>59</xmax>
            <xmin>49</xmin>
            <ymax>90</ymax>
            <ymin>79</ymin>
        </bndbox>
        <type>3</type>
        <direction>2</direction>
        <previous>7</previous>
    </vehicle>
    <vehicle>
        <id>8</id>
        <bndbox>
            <xmax>88</xmax>
            <xmin>57</xmin>
            <ymax>96</ymax>
            <ymin>69</ymin>
        </bndbox>
        <type>5</type>
        <direction>2</direction>
        <previous>8</previous>
    </vehicle>
    <vehicle>
        <id>9</id>
        <bndbox>
            <xmax>98</xmax>
            <xmin>87</xmin>
            <ymax>79</ymax>
            <ymin>71</ymin>
        </bndbox>
        <type>7</type>
        <direction>2</direction>
        <previous>9</previous>
    </vehicle>
    <vehicle>
        <id>10</id>
        <bndbox>
            <xmax>107</xmax>
            <xmin>95</xmin>
            <ymax>75</ymax>
            <ymin>68</ymin>
        </bndbox>
        <type>1</type>
        <direction>2</direction>
        <previous>10</previous>
    </vehicle>
    <vehicle>
        <id>11</id>
        <bndbox>
            <xmax>14</xmax>
            <xmin>0</xmin>
            <ymax>156</ymax>
            <ymin>134</ymin>
        </bndbox>
        <type>2</type>
        <direction>2</direction>
        <previous>11</previous>
    </vehicle>
    <vehicle>
        <id>12</id>
        <bndbox>
            <xmax>52</xmax>
            <xmin>19</xmin>
            <ymax>129</ymax>
            <ymin>107</ymin>
        </bndbox>
        <type>2</type>
        <direction>2</direction>
        <previous>12</previous>
    </vehicle>
    <vehicle>
        <id>13</id>
        <bndbox>
            <xmax>77</xmax>
            <xmin>54</xmin>
            <ymax>112</ymax>
            <ymin>94</ymin>
        </bndbox>
        <type>3</type>
        <direction>2</direction>
        <previous>13</previous>
    </vehicle>
    <vehicle>
        <id>14</id>
        <bndbox>
            <xmax>50</xmax>
            <xmin>10</xmin>
            <ymax>157</ymax>
            <ymin>127</ymin>
        </bndbox>
        <type>3</type>
        <direction>2</direction>
        <previous>14</previous>
    </vehicle>
    <vehicle>
        <id>15</id>
        <bndbox>
            <xmax>74</xmax>
            <xmin>47</xmin>
            <ymax>134</ymax>
            <ymin>112</ymin>
        </bndbox>
        <type>3</type>
        <direction>2</direction>
        <previous>15</previous>
    </vehicle>
    <vehicle>
        <id>16</id>
        <bndbox>
            <xmax>91</xmax>
            <xmin>70</xmin>
            <ymax>115</ymax>
            <ymin>101</ymin>
        </bndbox>
        <type>3</type>
        <direction>2</direction>
        <previous>16</previous>
    </vehicle>
    <vehicle>
        <id>17</id>
        <bndbox>
            <xmax>101</xmax>
            <xmin>87</xmin>
            <ymax>101</ymax>
            <ymin>91</ymin>
        </bndbox>
        <type>2</type>
        <direction>2</direction>
        <previous>17</previous>
    </vehicle>
    <vehicle>
        <id>18</id>
        <bndbox>
            <xmax>111</xmax>
            <xmin>100</xmin>
            <ymax>91</ymax>
            <ymin>82</ymin>
        </bndbox>
        <type>3</type>
        <direction>2</direction>
        <previous>18</previous>
    </vehicle>
    <vehicle>
        <id>19</id>
        <bndbox>
            <xmax>128</xmax>
            <xmin>115</xmin>
            <ymax>81</ymax>
            <ymin>70</ymin>
        </bndbox>
        <type>3</type>
        <direction>2</direction>
        <previous>19</previous>
    </vehicle>
    <vehicle>
        <id>20</id>
        <bndbox>
            <xmax>90</xmax>
            <xmin>71</xmin>
            <ymax>98</ymax>
            <ymin>83</ymin>
        </bndbox>
        <type>3</type>
        <direction>2</direction>
        <previous>20</previous>
    </vehicle>
    <vehicle>
        <id>21</id>
        <bndbox>
            <xmax>100</xmax>
            <xmin>89</xmin>
            <ymax>88</ymax>
            <ymin>78</ymin>
        </bndbox>
        <type>1</type>
        <direction>2</direction>
        <previous>21</previous>
    </vehicle>
    <vehicle>
        <id>22</id>
        <bndbox>
            <xmax>109</xmax>
            <xmin>99</xmin>
            <ymax>80</ymax>
            <ymin>76</ymin>
        </bndbox>
        <type>3</type>
        <direction>2</direction>
        <previous>0</previous>
    </vehicle>
    <vehicle>
        <id>23</id>
        <bndbox>
            <xmax>115</xmax>
            <xmin>106</xmin>
            <ymax>77</ymax>
            <ymin>71</ymin>
        </bndbox>
        <type>3</type>
        <direction>2</direction>
        <previous>0</previous>
    </vehicle>
    <vehicle>
        <id>24</id>
        <bndbox>
            <xmax>134</xmax>
            <xmin>127</xmin>
            <ymax>73</ymax>
            <ymin>67</ymin>
        </bndbox>
        <type>3</type>
        <direction>2</direction>
        <previous>0</previous>
    </vehicle>
    <vehicle>
        <id>25</id>
        <bndbox>
            <xmax>141</xmax>
            <xmin>132</xmin>
            <ymax>69</ymax>
            <ymin>63</ymin>
        </bndbox>
        <type>2</type>
        <direction>2</direction>
        <previous>0</previous>
    </vehicle>
    <vehicle>
        <id>26</id>
        <bndbox>
            <xmax>116</xmax>
            <xmin>106</xmin>
            <ymax>70</ymax>
            <ymin>65</ymin>
        </bndbox>
        <type>3</type>
        <direction>2</direction>
        <previous>0</previous>
    </vehicle>
    <vehicle>
        <id>27</id>
        <bndbox>
            <xmax>123</xmax>
            <xmin>116</xmin>
            <ymax>67</ymax>
            <ymin>63</ymin>
        </bndbox>
        <type>3</type>
        <direction>2</direction>
        <previous>0</previous>
    </vehicle>
    <vehicle>
        <id>28</id>
        <bndbox>
            <xmax>133</xmax>
            <xmin>125</xmin>
            <ymax>65</ymax>
            <ymin>59</ymin>
        </bndbox>
        <type>3</type>
        <direction>2</direction>
        <previous>0</previous>
    </vehicle>
    <vehicle>
        <id>29</id>
        <bndbox>
            <xmax>162</xmax>
            <xmin>156</xmin>
            <ymax>62</ymax>
            <ymin>54</ymin>
        </bndbox>
        <type>5</type>
        <direction>1</direction>
        <previous>0</previous>
    </vehicle>
    <vehicle>
        <id>30</id>
        <bndbox>
            <xmax>170</xmax>
            <xmin>160</xmin>
            <ymax>73</ymax>
            <ymin>64</ymin>
        </bndbox>
        <type>3</type>
        <direction>1</direction>
        <previous>0</previous>
    </vehicle>
    <vehicle>
        <id>31</id>
        <bndbox>
            <xmax>222</xmax>
            <xmin>193</xmin>
            <ymax>90</ymax>
            <ymin>70</ymin>
        </bndbox>
        <type>5</type>
        <direction>1</direction>
        <previous>0</previous>
    </vehicle>
    <vehicle>
        <id>32</id>
        <bndbox>
            <xmax>351</xmax>
            <xmin>325</xmin>
            <ymax>137</ymax>
            <ymin>110</ymin>
        </bndbox>
        <type>7</type>
        <direction>1</direction>
        <previous>0</previous>
    </vehicle>
    <vehicle>
        <id>33</id>
        <bndbox>
            <xmax>324</xmax>
            <xmin>295</xmin>
            <ymax>153</ymax>
            <ymin>127</ymin>
        </bndbox>
        <type>2</type>
        <direction>7</direction>
        <previous>0</previous>
    </vehicle>
    <vehicle>
        <id>34</id>
        <bndbox>
            <xmax>296</xmax>
            <xmin>234</xmin>
            <ymax>189</ymax>
            <ymin>148</ymin>
        </bndbox>
        <type>2</type>
        <direction>7</direction>
        <previous>0</previous>
    </vehicle>
    <vehicle>
        <id>35</id>
        <bndbox>
            <xmax>351</xmax>
            <xmin>273</xmin>
            <ymax>219</ymax>
            <ymin>151</ymin>
        </bndbox>
        <type>9</type>
        <direction>7</direction>
        <previous>0</previous>
    </vehicle>
    <vehicle>
        <id>36</id>
        <bndbox>
            <xmax>347</xmax>
            <xmin>225</xmin>
            <ymax>239</ymax>
            <ymin>212</ymin>
        </bndbox>
        <type>2</type>
        <direction>4</direction>
        <previous>0</previous>
    </vehicle>
    <vehicle>
        <id>37</id>
        <bndbox>
            <xmax>163</xmax>
            <xmin>76</xmin>
            <ymax>206</ymax>
            <ymin>169</ymin>
        </bndbox>
        <type>2</type>
        <direction>4</direction>
        <previous>0</previous>
    </vehicle>
    <vehicle>
        <id>38</id>
        <bndbox>
            <xmax>31</xmax>
            <xmin>0</xmin>
            <ymax>232</ymax>
            <ymin>195</ymin>
        </bndbox>
        <type>2</type>
        <direction>4</direction>
        <previous>0</previous>
    </vehicle>
</annotation>
