<annotation>
    <video>164-20160223-12.avi</video>
    <frame>000143</frame>
    <time>2016/02/23 13:06:22</time>
    <width>352</width>
    <height>240</height>
    <weather>3</weather>
    <facing>3</facing>
    <flow>2</flow>
    <vehicle>
        <id>1</id>
        <bndbox>
            <xmax>351</xmax>
            <xmin>322</xmin>
            <ymax>221</ymax>
            <ymin>162</ymin>
        </bndbox>
        <type>6</type>
        <direction>4</direction>
        <previous>1</previous>
    </vehicle>
    <vehicle>
        <id>2</id>
        <bndbox>
            <xmax>303</xmax>
            <xmin>204</xmin>
            <ymax>231</ymax>
            <ymin>194</ymin>
        </bndbox>
        <type>3</type>
        <direction>4</direction>
        <previous>2</previous>
    </vehicle>
    <vehicle>
        <id>3</id>
        <bndbox>
            <xmax>193</xmax>
            <xmin>95</xmin>
            <ymax>239</ymax>
            <ymin>198</ymin>
        </bndbox>
        <type>2</type>
        <direction>4</direction>
        <previous>3</previous>
    </vehicle>
    <vehicle>
        <id>4</id>
        <bndbox>
            <xmax>85</xmax>
            <xmin>25</xmin>
            <ymax>207</ymax>
            <ymin>150</ymin>
        </bndbox>
        <type>7</type>
        <direction>8</direction>
        <previous>4</previous>
    </vehicle>
    <vehicle>
        <id>5</id>
        <bndbox>
            <xmax>48</xmax>
            <xmin>19</xmin>
            <ymax>165</ymax>
            <ymin>138</ymin>
        </bndbox>
        <type>3</type>
        <direction>2</direction>
        <previous>5</previous>
    </vehicle>
    <vehicle>
        <id>6</id>
        <bndbox>
            <xmax>69</xmax>
            <xmin>40</xmin>
            <ymax>139</ymax>
            <ymin>119</ymin>
        </bndbox>
        <type>2</type>
        <direction>2</direction>
        <previous>6</previous>
    </vehicle>
    <vehicle>
        <id>7</id>
        <bndbox>
            <xmax>94</xmax>
            <xmin>73</xmin>
            <ymax>113</ymax>
            <ymin>93</ymin>
        </bndbox>
        <type>7</type>
        <direction>2</direction>
        <previous>7</previous>
    </vehicle>
    <vehicle>
        <id>8</id>
        <bndbox>
            <xmax>101</xmax>
            <xmin>91</xmin>
            <ymax>97</ymax>
            <ymin>89</ymin>
        </bndbox>
        <type>3</type>
        <direction>2</direction>
        <previous>8</previous>
    </vehicle>
    <vehicle>
        <id>9</id>
        <bndbox>
            <xmax>114</xmax>
            <xmin>99</xmin>
            <ymax>91</ymax>
            <ymin>80</ymin>
        </bndbox>
        <type>3</type>
        <direction>2</direction>
        <previous>9</previous>
    </vehicle>
    <vehicle>
        <id>10</id>
        <bndbox>
            <xmax>123</xmax>
            <xmin>111</xmin>
            <ymax>83</ymax>
            <ymin>75</ymin>
        </bndbox>
        <type>2</type>
        <direction>2</direction>
        <previous>0</previous>
    </vehicle>
    <vehicle>
        <id>11</id>
        <bndbox>
            <xmax>129</xmax>
            <xmin>119</xmin>
            <ymax>79</ymax>
            <ymin>71</ymin>
        </bndbox>
        <type>3</type>
        <direction>2</direction>
        <previous>0</previous>
    </vehicle>
    <vehicle>
        <id>12</id>
        <bndbox>
            <xmax>140</xmax>
            <xmin>129</xmin>
            <ymax>70</ymax>
            <ymin>61</ymin>
        </bndbox>
        <type>3</type>
        <direction>2</direction>
        <previous>0</previous>
    </vehicle>
    <vehicle>
        <id>13</id>
        <bndbox>
            <xmax>340</xmax>
            <xmin>249</xmin>
            <ymax>239</ymax>
            <ymin>224</ymin>
        </bndbox>
        <type>2</type>
        <direction>4</direction>
        <previous>35</previous>
    </vehicle>
    <vehicle>
        <id>14</id>
        <bndbox>
            <xmax>55</xmax>
            <xmin>1</xmin>
            <ymax>239</ymax>
            <ymin>204</ymin>
        </bndbox>
        <type>2</type>
        <direction>8</direction>
        <previous>10</previous>
    </vehicle>
    <vehicle>
        <id>15</id>
        <bndbox>
            <xmax>37</xmax>
            <xmin>2</xmin>
            <ymax>145</ymax>
            <ymin>112</ymin>
        </bndbox>
        <type>3</type>
        <direction>2</direction>
        <previous>11</previous>
    </vehicle>
    <vehicle>
        <id>16</id>
        <bndbox>
            <xmax>61</xmax>
            <xmin>37</xmin>
            <ymax>118</ymax>
            <ymin>102</ymin>
        </bndbox>
        <type>3</type>
        <direction>2</direction>
        <previous>0</previous>
    </vehicle>
    <vehicle>
        <id>17</id>
        <bndbox>
            <xmax>110</xmax>
            <xmin>96</xmin>
            <ymax>80</ymax>
            <ymin>72</ymin>
        </bndbox>
        <type>1</type>
        <direction>2</direction>
        <previous>0</previous>
    </vehicle>
    <vehicle>
        <id>18</id>
        <bndbox>
            <xmax>123</xmax>
            <xmin>115</xmin>
            <ymax>70</ymax>
            <ymin>64</ymin>
        </bndbox>
        <type>2</type>
        <direction>2</direction>
        <previous>0</previous>
    </vehicle>
    <vehicle>
        <id>19</id>
        <bndbox>
            <xmax>6</xmax>
            <xmin>0</xmin>
            <ymax>117</ymax>
            <ymin>106</ymin>
        </bndbox>
        <type>3</type>
        <direction>2</direction>
        <previous>0</previous>
    </vehicle>
    <vehicle>
        <id>20</id>
        <bndbox>
            <xmax>20</xmax>
            <xmin>0</xmin>
            <ymax>106</ymax>
            <ymin>95</ymin>
        </bndbox>
        <type>2</type>
        <direction>2</direction>
        <previous>0</previous>
    </vehicle>
    <vehicle>
        <id>21</id>
        <bndbox>
            <xmax>67</xmax>
            <xmin>27</xmin>
            <ymax>112</ymax>
            <ymin>78</ymin>
        </bndbox>
        <type>6</type>
        <direction>2</direction>
        <previous>0</previous>
    </vehicle>
    <vehicle>
        <id>22</id>
        <bndbox>
            <xmax>98</xmax>
            <xmin>86</xmin>
            <ymax>77</ymax>
            <ymin>69</ymin>
        </bndbox>
        <type>1</type>
        <direction>2</direction>
        <previous>0</previous>
    </vehicle>
    <vehicle>
        <id>23</id>
        <bndbox>
            <xmax>190</xmax>
            <xmin>171</xmin>
            <ymax>72</ymax>
            <ymin>57</ymin>
        </bndbox>
        <type>5</type>
        <direction>1</direction>
        <previous>0</previous>
    </vehicle>
    <vehicle>
        <id>24</id>
        <bndbox>
            <xmax>202</xmax>
            <xmin>185</xmin>
            <ymax>84</ymax>
            <ymin>74</ymin>
        </bndbox>
        <type>3</type>
        <direction>1</direction>
        <previous>0</previous>
    </vehicle>
    <vehicle>
        <id>25</id>
        <bndbox>
            <xmax>292</xmax>
            <xmin>262</xmin>
            <ymax>108</ymax>
            <ymin>93</ymin>
        </bndbox>
        <type>2</type>
        <direction>1</direction>
        <previous>0</previous>
    </vehicle>
</annotation>
