<annotation>
    <video>164-20160223-12.avi</video>
    <frame>000236</frame>
    <time>2016/02/23 13:43:26</time>
    <width>352</width>
    <height>240</height>
    <weather>3</weather>
    <facing>3</facing>
    <flow>1</flow>
    <vehicle>
        <id>1</id>
        <bndbox>
            <xmax>120</xmax>
            <xmin>102</xmin>
            <ymax>87</ymax>
            <ymin>75</ymin>
        </bndbox>
        <type>3</type>
        <direction>2</direction>
        <previous>0</previous>
    </vehicle>
    <vehicle>
        <id>2</id>
        <bndbox>
            <xmax>85</xmax>
            <xmin>64</xmin>
            <ymax>93</ymax>
            <ymin>72</ymin>
        </bndbox>
        <type>6</type>
        <direction>2</direction>
        <previous>0</previous>
    </vehicle>
    <vehicle>
        <id>3</id>
        <bndbox>
            <xmax>99</xmax>
            <xmin>83</xmin>
            <ymax>107</ymax>
            <ymin>89</ymin>
        </bndbox>
        <type>3</type>
        <direction>2</direction>
        <previous>4</previous>
    </vehicle>
    <vehicle>
        <id>4</id>
        <bndbox>
            <xmax>84</xmax>
            <xmin>59</xmin>
            <ymax>108</ymax>
            <ymin>92</ymin>
        </bndbox>
        <type>3</type>
        <direction>2</direction>
        <previous>5</previous>
    </vehicle>
    <vehicle>
        <id>5</id>
        <bndbox>
            <xmax>85</xmax>
            <xmin>62</xmin>
            <ymax>120</ymax>
            <ymin>104</ymin>
        </bndbox>
        <type>3</type>
        <direction>2</direction>
        <previous>10</previous>
    </vehicle>
    <vehicle>
        <id>6</id>
        <bndbox>
            <xmax>59</xmax>
            <xmin>33</xmin>
            <ymax>120</ymax>
            <ymin>107</ymin>
        </bndbox>
        <type>2</type>
        <direction>2</direction>
        <previous>0</previous>
    </vehicle>
    <vehicle>
        <id>7</id>
        <bndbox>
            <xmax>67</xmax>
            <xmin>43</xmin>
            <ymax>118</ymax>
            <ymin>102</ymin>
        </bndbox>
        <type>2</type>
        <direction>2</direction>
        <previous>0</previous>
    </vehicle>
    <vehicle>
        <id>8</id>
        <bndbox>
            <xmax>29</xmax>
            <xmin>0</xmin>
            <ymax>126</ymax>
            <ymin>89</ymin>
        </bndbox>
        <type>6</type>
        <direction>2</direction>
        <previous>8</previous>
    </vehicle>
    <vehicle>
        <id>9</id>
        <bndbox>
            <xmax>70</xmax>
            <xmin>38</xmin>
            <ymax>136</ymax>
            <ymin>114</ymin>
        </bndbox>
        <type>3</type>
        <direction>2</direction>
        <previous>11</previous>
    </vehicle>
    <vehicle>
        <id>10</id>
        <bndbox>
            <xmax>45</xmax>
            <xmin>4</xmin>
            <ymax>143</ymax>
            <ymin>118</ymin>
        </bndbox>
        <type>2</type>
        <direction>2</direction>
        <previous>12</previous>
    </vehicle>
    <vehicle>
        <id>11</id>
        <bndbox>
            <xmax>8</xmax>
            <xmin>0</xmin>
            <ymax>154</ymax>
            <ymin>132</ymin>
        </bndbox>
        <type>2</type>
        <direction>2</direction>
        <previous>13</previous>
    </vehicle>
    <vehicle>
        <id>12</id>
        <bndbox>
            <xmax>54</xmax>
            <xmin>22</xmin>
            <ymax>172</ymax>
            <ymin>132</ymin>
        </bndbox>
        <type>2</type>
        <direction>2</direction>
        <previous>14</previous>
    </vehicle>
    <vehicle>
        <id>13</id>
        <bndbox>
            <xmax>52</xmax>
            <xmin>33</xmin>
            <ymax>98</ymax>
            <ymin>86</ymin>
        </bndbox>
        <type>1</type>
        <direction>2</direction>
        <previous>0</previous>
    </vehicle>
    <vehicle>
        <id>14</id>
        <bndbox>
            <xmax>212</xmax>
            <xmin>125</xmin>
            <ymax>198</ymax>
            <ymin>166</ymin>
        </bndbox>
        <type>2</type>
        <direction>4</direction>
        <previous>0</previous>
    </vehicle>
    <vehicle>
        <id>15</id>
        <bndbox>
            <xmax>247</xmax>
            <xmin>143</xmin>
            <ymax>239</ymax>
            <ymin>215</ymin>
        </bndbox>
        <type>2</type>
        <direction>4</direction>
        <previous>0</previous>
    </vehicle>
    <vehicle>
        <id>16</id>
        <bndbox>
            <xmax>318</xmax>
            <xmin>253</xmin>
            <ymax>182</ymax>
            <ymin>144</ymin>
        </bndbox>
        <type>3</type>
        <direction>7</direction>
        <previous>0</previous>
    </vehicle>
    <vehicle>
        <id>17</id>
        <bndbox>
            <xmax>346</xmax>
            <xmin>307</xmin>
            <ymax>131</ymax>
            <ymin>101</ymin>
        </bndbox>
        <type>10</type>
        <direction>1</direction>
        <previous>0</previous>
    </vehicle>
    <vehicle>
        <id>18</id>
        <bndbox>
            <xmax>256</xmax>
            <xmin>224</xmin>
            <ymax>106</ymax>
            <ymin>85</ymin>
        </bndbox>
        <type>3</type>
        <direction>1</direction>
        <previous>0</previous>
    </vehicle>
    <vehicle>
        <id>19</id>
        <bndbox>
            <xmax>207</xmax>
            <xmin>189</xmin>
            <ymax>90</ymax>
            <ymin>78</ymin>
        </bndbox>
        <type>3</type>
        <direction>1</direction>
        <previous>0</previous>
    </vehicle>
    <vehicle>
        <id>20</id>
        <bndbox>
            <xmax>173</xmax>
            <xmin>161</xmin>
            <ymax>74</ymax>
            <ymin>65</ymin>
        </bndbox>
        <type>3</type>
        <direction>1</direction>
        <previous>0</previous>
    </vehicle>
</annotation>
