<annotation>
    <video>164-20160223-12.avi</video>
    <frame>000221</frame>
    <time>2016/02/23 13:37:25</time>
    <width>352</width>
    <height>240</height>
    <weather>3</weather>
    <facing>3</facing>
    <flow>2</flow>
    <vehicle>
        <id>1</id>
        <bndbox>
            <xmax>143</xmax>
            <xmin>110</xmin>
            <ymax>74</ymax>
            <ymin>56</ymin>
        </bndbox>
        <type>6</type>
        <direction>2</direction>
        <previous>1</previous>
    </vehicle>
    <vehicle>
        <id>2</id>
        <bndbox>
            <xmax>116</xmax>
            <xmin>91</xmin>
            <ymax>82</ymax>
            <ymin>61</ymin>
        </bndbox>
        <type>6</type>
        <direction>2</direction>
        <previous>2</previous>
    </vehicle>
    <vehicle>
        <id>3</id>
        <bndbox>
            <xmax>93</xmax>
            <xmin>63</xmin>
            <ymax>101</ymax>
            <ymin>71</ymin>
        </bndbox>
        <type>6</type>
        <direction>2</direction>
        <previous>3</previous>
    </vehicle>
    <vehicle>
        <id>4</id>
        <bndbox>
            <xmax>42</xmax>
            <xmin>1</xmin>
            <ymax>108</ymax>
            <ymin>78</ymin>
        </bndbox>
        <type>9</type>
        <direction>2</direction>
        <previous>0</previous>
    </vehicle>
    <vehicle>
        <id>5</id>
        <bndbox>
            <xmax>59</xmax>
            <xmin>42</xmin>
            <ymax>92</ymax>
            <ymin>76</ymin>
        </bndbox>
        <type>2</type>
        <direction>2</direction>
        <previous>0</previous>
    </vehicle>
    <vehicle>
        <id>6</id>
        <bndbox>
            <xmax>53</xmax>
            <xmin>28</xmin>
            <ymax>110</ymax>
            <ymin>92</ymin>
        </bndbox>
        <type>2</type>
        <direction>2</direction>
        <previous>0</previous>
    </vehicle>
    <vehicle>
        <id>7</id>
        <bndbox>
            <xmax>96</xmax>
            <xmin>78</xmin>
            <ymax>109</ymax>
            <ymin>89</ymin>
        </bndbox>
        <type>3</type>
        <direction>2</direction>
        <previous>6</previous>
    </vehicle>
    <vehicle>
        <id>8</id>
        <bndbox>
            <xmax>67</xmax>
            <xmin>42</xmin>
            <ymax>118</ymax>
            <ymin>98</ymin>
        </bndbox>
        <type>2</type>
        <direction>2</direction>
        <previous>0</previous>
    </vehicle>
    <vehicle>
        <id>9</id>
        <bndbox>
            <xmax>82</xmax>
            <xmin>62</xmin>
            <ymax>123</ymax>
            <ymin>103</ymin>
        </bndbox>
        <type>3</type>
        <direction>2</direction>
        <previous>7</previous>
    </vehicle>
    <vehicle>
        <id>10</id>
        <bndbox>
            <xmax>53</xmax>
            <xmin>4</xmin>
            <ymax>174</ymax>
            <ymin>109</ymin>
        </bndbox>
        <type>6</type>
        <direction>8</direction>
        <previous>11</previous>
    </vehicle>
    <vehicle>
        <id>11</id>
        <bndbox>
            <xmax>147</xmax>
            <xmin>15</xmin>
            <ymax>239</ymax>
            <ymin>216</ymin>
        </bndbox>
        <type>2</type>
        <direction>4</direction>
        <previous>0</previous>
    </vehicle>
    <vehicle>
        <id>12</id>
        <bndbox>
            <xmax>328</xmax>
            <xmin>219</xmin>
            <ymax>239</ymax>
            <ymin>190</ymin>
        </bndbox>
        <type>4</type>
        <direction>4</direction>
        <previous>0</previous>
    </vehicle>
    <vehicle>
        <id>13</id>
        <bndbox>
            <xmax>291</xmax>
            <xmin>210</xmin>
            <ymax>195</ymax>
            <ymin>161</ymin>
        </bndbox>
        <type>3</type>
        <direction>7</direction>
        <previous>0</previous>
    </vehicle>
    <vehicle>
        <id>14</id>
        <bndbox>
            <xmax>321</xmax>
            <xmin>285</xmin>
            <ymax>159</ymax>
            <ymin>131</ymin>
        </bndbox>
        <type>3</type>
        <direction>1</direction>
        <previous>0</previous>
    </vehicle>
    <vehicle>
        <id>15</id>
        <bndbox>
            <xmax>351</xmax>
            <xmin>281</xmin>
            <ymax>138</ymax>
            <ymin>93</ymin>
        </bndbox>
        <type>9</type>
        <direction>1</direction>
        <previous>0</previous>
    </vehicle>
    <vehicle>
        <id>16</id>
        <bndbox>
            <xmax>273</xmax>
            <xmin>248</xmin>
            <ymax>98</ymax>
            <ymin>85</ymin>
        </bndbox>
        <type>1</type>
        <direction>1</direction>
        <previous>0</previous>
    </vehicle>
    <vehicle>
        <id>17</id>
        <bndbox>
            <xmax>226</xmax>
            <xmin>202</xmin>
            <ymax>84</ymax>
            <ymin>72</ymin>
        </bndbox>
        <type>3</type>
        <direction>1</direction>
        <previous>0</previous>
    </vehicle>
    <vehicle>
        <id>18</id>
        <bndbox>
            <xmax>196</xmax>
            <xmin>179</xmin>
            <ymax>84</ymax>
            <ymin>76</ymin>
        </bndbox>
        <type>3</type>
        <direction>1</direction>
        <previous>0</previous>
    </vehicle>
    <vehicle>
        <id>19</id>
        <bndbox>
            <xmax>168</xmax>
            <xmin>157</xmin>
            <ymax>73</ymax>
            <ymin>65</ymin>
        </bndbox>
        <type>3</type>
        <direction>1</direction>
        <previous>0</previous>
    </vehicle>
    <vehicle>
        <id>20</id>
        <bndbox>
            <xmax>188</xmax>
            <xmin>169</xmin>
            <ymax>73</ymax>
            <ymin>58</ymin>
        </bndbox>
        <type>6</type>
        <direction>1</direction>
        <previous>0</previous>
    </vehicle>
</annotation>
