<annotation>
    <video>164-20160223-12.avi</video>
    <frame>000223</frame>
    <time>2016/02/23 13:38:13</time>
    <width>352</width>
    <height>240</height>
    <weather>3</weather>
    <facing>3</facing>
    <flow>2</flow>
    <vehicle>
        <id>1</id>
        <bndbox>
            <xmax>123</xmax>
            <xmin>106</xmin>
            <ymax>87</ymax>
            <ymin>72</ymin>
        </bndbox>
        <type>3</type>
        <direction>2</direction>
        <previous>0</previous>
    </vehicle>
    <vehicle>
        <id>2</id>
        <bndbox>
            <xmax>94</xmax>
            <xmin>81</xmin>
            <ymax>94</ymax>
            <ymin>82</ymin>
        </bndbox>
        <type>3</type>
        <direction>2</direction>
        <previous>0</previous>
    </vehicle>
    <vehicle>
        <id>3</id>
        <bndbox>
            <xmax>82</xmax>
            <xmin>0</xmin>
            <ymax>149</ymax>
            <ymin>76</ymin>
        </bndbox>
        <type>6</type>
        <direction>2</direction>
        <previous>5</previous>
    </vehicle>
    <vehicle>
        <id>4</id>
        <bndbox>
            <xmax>97</xmax>
            <xmin>73</xmin>
            <ymax>113</ymax>
            <ymin>94</ymin>
        </bndbox>
        <type>2</type>
        <direction>2</direction>
        <previous>4</previous>
    </vehicle>
    <vehicle>
        <id>5</id>
        <bndbox>
            <xmax>80</xmax>
            <xmin>52</xmin>
            <ymax>125</ymax>
            <ymin>105</ymin>
        </bndbox>
        <type>3</type>
        <direction>2</direction>
        <previous>6</previous>
    </vehicle>
    <vehicle>
        <id>6</id>
        <bndbox>
            <xmax>48</xmax>
            <xmin>16</xmin>
            <ymax>159</ymax>
            <ymin>131</ymin>
        </bndbox>
        <type>2</type>
        <direction>8</direction>
        <previous>7</previous>
    </vehicle>
    <vehicle>
        <id>7</id>
        <bndbox>
            <xmax>121</xmax>
            <xmin>54</xmin>
            <ymax>190</ymax>
            <ymin>154</ymin>
        </bndbox>
        <type>2</type>
        <direction>8</direction>
        <previous>8</previous>
    </vehicle>
    <vehicle>
        <id>8</id>
        <bndbox>
            <xmax>210</xmax>
            <xmin>0</xmin>
            <ymax>239</ymax>
            <ymin>177</ymin>
        </bndbox>
        <type>6</type>
        <direction>4</direction>
        <previous>10</previous>
    </vehicle>
    <vehicle>
        <id>9</id>
        <bndbox>
            <xmax>259</xmax>
            <xmin>159</xmin>
            <ymax>226</ymax>
            <ymin>183</ymin>
        </bndbox>
        <type>2</type>
        <direction>4</direction>
        <previous>9</previous>
    </vehicle>
    <vehicle>
        <id>10</id>
        <bndbox>
            <xmax>351</xmax>
            <xmin>325</xmin>
            <ymax>221</ymax>
            <ymin>181</ymin>
        </bndbox>
        <type>7</type>
        <direction>4</direction>
        <previous>11</previous>
    </vehicle>
    <vehicle>
        <id>11</id>
        <bndbox>
            <xmax>163</xmax>
            <xmin>155</xmin>
            <ymax>67</ymax>
            <ymin>58</ymin>
        </bndbox>
        <type>3</type>
        <direction>1</direction>
        <previous>0</previous>
    </vehicle>
</annotation>
