<annotation>
    <video>164-20160223-12.avi</video>
    <frame>000218</frame>
    <time>2016/02/23 13:36:14</time>
    <width>352</width>
    <height>240</height>
    <weather>3</weather>
    <facing>3</facing>
    <flow>2</flow>
    <vehicle>
        <id>1</id>
        <bndbox>
            <xmax>105</xmax>
            <xmin>76</xmin>
            <ymax>82</ymax>
            <ymin>63</ymin>
        </bndbox>
        <type>6</type>
        <direction>2</direction>
        <previous>19</previous>
    </vehicle>
    <vehicle>
        <id>2</id>
        <bndbox>
            <xmax>119</xmax>
            <xmin>105</xmin>
            <ymax>89</ymax>
            <ymin>76</ymin>
        </bndbox>
        <type>3</type>
        <direction>2</direction>
        <previous>1</previous>
    </vehicle>
    <vehicle>
        <id>3</id>
        <bndbox>
            <xmax>101</xmax>
            <xmin>69</xmin>
            <ymax>111</ymax>
            <ymin>80</ymin>
        </bndbox>
        <type>6</type>
        <direction>2</direction>
        <previous>0</previous>
    </vehicle>
    <vehicle>
        <id>4</id>
        <bndbox>
            <xmax>58</xmax>
            <xmin>39</xmin>
            <ymax>89</ymax>
            <ymin>80</ymin>
        </bndbox>
        <type>2</type>
        <direction>2</direction>
        <previous>0</previous>
    </vehicle>
    <vehicle>
        <id>5</id>
        <bndbox>
            <xmax>69</xmax>
            <xmin>43</xmin>
            <ymax>104</ymax>
            <ymin>86</ymin>
        </bndbox>
        <type>7</type>
        <direction>2</direction>
        <previous>0</previous>
    </vehicle>
    <vehicle>
        <id>6</id>
        <bndbox>
            <xmax>25</xmax>
            <xmin>4</xmin>
            <ymax>106</ymax>
            <ymin>94</ymin>
        </bndbox>
        <type>2</type>
        <direction>2</direction>
        <previous>0</previous>
    </vehicle>
    <vehicle>
        <id>7</id>
        <bndbox>
            <xmax>79</xmax>
            <xmin>38</xmin>
            <ymax>135</ymax>
            <ymin>105</ymin>
        </bndbox>
        <type>5</type>
        <direction>2</direction>
        <previous>0</previous>
    </vehicle>
    <vehicle>
        <id>8</id>
        <bndbox>
            <xmax>51</xmax>
            <xmin>23</xmin>
            <ymax>129</ymax>
            <ymin>106</ymin>
        </bndbox>
        <type>2</type>
        <direction>2</direction>
        <previous>0</previous>
    </vehicle>
    <vehicle>
        <id>9</id>
        <bndbox>
            <xmax>27</xmax>
            <xmin>1</xmin>
            <ymax>126</ymax>
            <ymin>107</ymin>
        </bndbox>
        <type>1</type>
        <direction>2</direction>
        <previous>0</previous>
    </vehicle>
    <vehicle>
        <id>10</id>
        <bndbox>
            <xmax>47</xmax>
            <xmin>15</xmin>
            <ymax>163</ymax>
            <ymin>133</ymin>
        </bndbox>
        <type>1</type>
        <direction>2</direction>
        <previous>5</previous>
    </vehicle>
    <vehicle>
        <id>11</id>
        <bndbox>
            <xmax>46</xmax>
            <xmin>10</xmin>
            <ymax>201</ymax>
            <ymin>162</ymin>
        </bndbox>
        <type>2</type>
        <direction>8</direction>
        <previous>6</previous>
    </vehicle>
    <vehicle>
        <id>12</id>
        <bndbox>
            <xmax>145</xmax>
            <xmin>63</xmin>
            <ymax>213</ymax>
            <ymin>172</ymin>
        </bndbox>
        <type>2</type>
        <direction>8</direction>
        <previous>14</previous>
    </vehicle>
    <vehicle>
        <id>13</id>
        <bndbox>
            <xmax>244</xmax>
            <xmin>108</xmin>
            <ymax>239</ymax>
            <ymin>215</ymin>
        </bndbox>
        <type>3</type>
        <direction>4</direction>
        <previous>0</previous>
    </vehicle>
    <vehicle>
        <id>14</id>
        <bndbox>
            <xmax>258</xmax>
            <xmin>169</xmin>
            <ymax>218</ymax>
            <ymin>172</ymin>
        </bndbox>
        <type>2</type>
        <direction>4</direction>
        <previous>0</previous>
    </vehicle>
    <vehicle>
        <id>15</id>
        <bndbox>
            <xmax>351</xmax>
            <xmin>257</xmin>
            <ymax>238</ymax>
            <ymin>196</ymin>
        </bndbox>
        <type>3</type>
        <direction>4</direction>
        <previous>16</previous>
    </vehicle>
    <vehicle>
        <id>16</id>
        <bndbox>
            <xmax>351</xmax>
            <xmin>328</xmin>
            <ymax>194</ymax>
            <ymin>163</ymin>
        </bndbox>
        <type>1</type>
        <direction>4</direction>
        <previous>18</previous>
    </vehicle>
    <vehicle>
        <id>17</id>
        <bndbox>
            <xmax>344</xmax>
            <xmin>287</xmin>
            <ymax>116</ymax>
            <ymin>92</ymin>
        </bndbox>
        <type>4</type>
        <direction>1</direction>
        <previous>0</previous>
    </vehicle>
    <vehicle>
        <id>18</id>
        <bndbox>
            <xmax>240</xmax>
            <xmin>217</xmin>
            <ymax>99</ymax>
            <ymin>86</ymin>
        </bndbox>
        <type>2</type>
        <direction>1</direction>
        <previous>0</previous>
    </vehicle>
    <vehicle>
        <id>19</id>
        <bndbox>
            <xmax>245</xmax>
            <xmin>221</xmin>
            <ymax>91</ymax>
            <ymin>79</ymin>
        </bndbox>
        <type>2</type>
        <direction>1</direction>
        <previous>0</previous>
    </vehicle>
    <vehicle>
        <id>20</id>
        <bndbox>
            <xmax>177</xmax>
            <xmin>163</xmin>
            <ymax>76</ymax>
            <ymin>66</ymin>
        </bndbox>
        <type>3</type>
        <direction>1</direction>
        <previous>0</previous>
    </vehicle>
</annotation>
