<annotation>
    <video>164-20160223-12.avi</video>
    <frame>000233</frame>
    <time>2016/02/23 13:42:13</time>
    <width>352</width>
    <height>240</height>
    <weather>3</weather>
    <facing>3</facing>
    <flow>2</flow>
    <vehicle>
        <id>1</id>
        <bndbox>
            <xmax>118</xmax>
            <xmin>97</xmin>
            <ymax>77</ymax>
            <ymin>61</ymin>
        </bndbox>
        <type>6</type>
        <direction>2</direction>
        <previous>0</previous>
    </vehicle>
    <vehicle>
        <id>2</id>
        <bndbox>
            <xmax>88</xmax>
            <xmin>41</xmin>
            <ymax>104</ymax>
            <ymin>67</ymin>
        </bndbox>
        <type>6</type>
        <direction>2</direction>
        <previous>0</previous>
    </vehicle>
    <vehicle>
        <id>3</id>
        <bndbox>
            <xmax>117</xmax>
            <xmin>102</xmin>
            <ymax>89</ymax>
            <ymin>77</ymin>
        </bndbox>
        <type>3</type>
        <direction>2</direction>
        <previous>0</previous>
    </vehicle>
    <vehicle>
        <id>4</id>
        <bndbox>
            <xmax>102</xmax>
            <xmin>85</xmin>
            <ymax>98</ymax>
            <ymin>88</ymin>
        </bndbox>
        <type>3</type>
        <direction>2</direction>
        <previous>0</previous>
    </vehicle>
    <vehicle>
        <id>5</id>
        <bndbox>
            <xmax>92</xmax>
            <xmin>72</xmin>
            <ymax>113</ymax>
            <ymin>96</ymin>
        </bndbox>
        <type>3</type>
        <direction>2</direction>
        <previous>0</previous>
    </vehicle>
    <vehicle>
        <id>6</id>
        <bndbox>
            <xmax>53</xmax>
            <xmin>28</xmin>
            <ymax>127</ymax>
            <ymin>109</ymin>
        </bndbox>
        <type>2</type>
        <direction>2</direction>
        <previous>0</previous>
    </vehicle>
    <vehicle>
        <id>7</id>
        <bndbox>
            <xmax>71</xmax>
            <xmin>40</xmin>
            <ymax>135</ymax>
            <ymin>107</ymin>
        </bndbox>
        <type>2</type>
        <direction>2</direction>
        <previous>0</previous>
    </vehicle>
    <vehicle>
        <id>8</id>
        <bndbox>
            <xmax>32</xmax>
            <xmin>1</xmin>
            <ymax>148</ymax>
            <ymin>119</ymin>
        </bndbox>
        <type>2</type>
        <direction>2</direction>
        <previous>0</previous>
    </vehicle>
    <vehicle>
        <id>9</id>
        <bndbox>
            <xmax>66</xmax>
            <xmin>32</xmin>
            <ymax>171</ymax>
            <ymin>134</ymin>
        </bndbox>
        <type>7</type>
        <direction>8</direction>
        <previous>0</previous>
    </vehicle>
    <vehicle>
        <id>10</id>
        <bndbox>
            <xmax>25</xmax>
            <xmin>0</xmin>
            <ymax>239</ymax>
            <ymin>174</ymin>
        </bndbox>
        <type>3</type>
        <direction>8</direction>
        <previous>0</previous>
    </vehicle>
    <vehicle>
        <id>11</id>
        <bndbox>
            <xmax>132</xmax>
            <xmin>52</xmin>
            <ymax>202</ymax>
            <ymin>161</ymin>
        </bndbox>
        <type>5</type>
        <direction>8</direction>
        <previous>0</previous>
    </vehicle>
    <vehicle>
        <id>12</id>
        <bndbox>
            <xmax>185</xmax>
            <xmin>66</xmin>
            <ymax>239</ymax>
            <ymin>196</ymin>
        </bndbox>
        <type>8</type>
        <direction>4</direction>
        <previous>0</previous>
    </vehicle>
    <vehicle>
        <id>13</id>
        <bndbox>
            <xmax>263</xmax>
            <xmin>160</xmin>
            <ymax>231</ymax>
            <ymin>187</ymin>
        </bndbox>
        <type>2</type>
        <direction>4</direction>
        <previous>0</previous>
    </vehicle>
    <vehicle>
        <id>14</id>
        <bndbox>
            <xmax>305</xmax>
            <xmin>218</xmin>
            <ymax>204</ymax>
            <ymin>175</ymin>
        </bndbox>
        <type>2</type>
        <direction>4</direction>
        <previous>0</previous>
    </vehicle>
    <vehicle>
        <id>15</id>
        <bndbox>
            <xmax>351</xmax>
            <xmin>329</xmin>
            <ymax>219</ymax>
            <ymin>190</ymin>
        </bndbox>
        <type>2</type>
        <direction>4</direction>
        <previous>0</previous>
    </vehicle>
    <vehicle>
        <id>16</id>
        <bndbox>
            <xmax>351</xmax>
            <xmin>334</xmin>
            <ymax>132</ymax>
            <ymin>113</ymin>
        </bndbox>
        <type>3</type>
        <direction>1</direction>
        <previous>0</previous>
    </vehicle>
    <vehicle>
        <id>17</id>
        <bndbox>
            <xmax>259</xmax>
            <xmin>228</xmin>
            <ymax>106</ymax>
            <ymin>90</ymin>
        </bndbox>
        <type>3</type>
        <direction>1</direction>
        <previous>0</previous>
    </vehicle>
    <vehicle>
        <id>18</id>
        <bndbox>
            <xmax>187</xmax>
            <xmin>167</xmin>
            <ymax>71</ymax>
            <ymin>57</ymin>
        </bndbox>
        <type>6</type>
        <direction>1</direction>
        <previous>0</previous>
    </vehicle>
</annotation>
