<annotation>
    <video>164-20160223-12.avi</video>
    <frame>000227</frame>
    <time>2016/02/23 13:39:48</time>
    <width>352</width>
    <height>240</height>
    <weather>3</weather>
    <facing>3</facing>
    <flow>1</flow>
    <vehicle>
        <id>1</id>
        <bndbox>
            <xmax>132</xmax>
            <xmin>120</xmin>
            <ymax>80</ymax>
            <ymin>71</ymin>
        </bndbox>
        <type>1</type>
        <direction>2</direction>
        <previous>0</previous>
    </vehicle>
    <vehicle>
        <id>2</id>
        <bndbox>
            <xmax>110</xmax>
            <xmin>92</xmin>
            <ymax>79</ymax>
            <ymin>68</ymin>
        </bndbox>
        <type>3</type>
        <direction>2</direction>
        <previous>0</previous>
    </vehicle>
    <vehicle>
        <id>3</id>
        <bndbox>
            <xmax>116</xmax>
            <xmin>103</xmin>
            <ymax>89</ymax>
            <ymin>76</ymin>
        </bndbox>
        <type>2</type>
        <direction>2</direction>
        <previous>0</previous>
    </vehicle>
    <vehicle>
        <id>4</id>
        <bndbox>
            <xmax>99</xmax>
            <xmin>85</xmin>
            <ymax>90</ymax>
            <ymin>80</ymin>
        </bndbox>
        <type>1</type>
        <direction>2</direction>
        <previous>0</previous>
    </vehicle>
    <vehicle>
        <id>5</id>
        <bndbox>
            <xmax>84</xmax>
            <xmin>73</xmin>
            <ymax>98</ymax>
            <ymin>87</ymin>
        </bndbox>
        <type>1</type>
        <direction>2</direction>
        <previous>0</previous>
    </vehicle>
    <vehicle>
        <id>6</id>
        <bndbox>
            <xmax>68</xmax>
            <xmin>48</xmin>
            <ymax>102</ymax>
            <ymin>89</ymin>
        </bndbox>
        <type>1</type>
        <direction>2</direction>
        <previous>0</previous>
    </vehicle>
    <vehicle>
        <id>7</id>
        <bndbox>
            <xmax>73</xmax>
            <xmin>55</xmin>
            <ymax>111</ymax>
            <ymin>96</ymin>
        </bndbox>
        <type>1</type>
        <direction>2</direction>
        <previous>0</previous>
    </vehicle>
    <vehicle>
        <id>8</id>
        <bndbox>
            <xmax>96</xmax>
            <xmin>72</xmin>
            <ymax>114</ymax>
            <ymin>95</ymin>
        </bndbox>
        <type>2</type>
        <direction>2</direction>
        <previous>4</previous>
    </vehicle>
    <vehicle>
        <id>9</id>
        <bndbox>
            <xmax>79</xmax>
            <xmin>54</xmin>
            <ymax>126</ymax>
            <ymin>109</ymin>
        </bndbox>
        <type>3</type>
        <direction>2</direction>
        <previous>6</previous>
    </vehicle>
    <vehicle>
        <id>10</id>
        <bndbox>
            <xmax>39</xmax>
            <xmin>5</xmin>
            <ymax>124</ymax>
            <ymin>103</ymin>
        </bndbox>
        <type>2</type>
        <direction>2</direction>
        <previous>5</previous>
    </vehicle>
    <vehicle>
        <id>11</id>
        <bndbox>
            <xmax>62</xmax>
            <xmin>17</xmin>
            <ymax>153</ymax>
            <ymin>117</ymin>
        </bndbox>
        <type>4</type>
        <direction>2</direction>
        <previous>7</previous>
    </vehicle>
    <vehicle>
        <id>12</id>
        <bndbox>
            <xmax>22</xmax>
            <xmin>0</xmin>
            <ymax>154</ymax>
            <ymin>131</ymin>
        </bndbox>
        <type>2</type>
        <direction>2</direction>
        <previous>0</previous>
    </vehicle>
    <vehicle>
        <id>13</id>
        <bndbox>
            <xmax>113</xmax>
            <xmin>17</xmin>
            <ymax>240</ymax>
            <ymin>226</ymin>
        </bndbox>
        <type>2</type>
        <direction>4</direction>
        <previous>0</previous>
    </vehicle>
    <vehicle>
        <id>14</id>
        <bndbox>
            <xmax>337</xmax>
            <xmin>237</xmin>
            <ymax>202</ymax>
            <ymin>157</ymin>
        </bndbox>
        <type>3</type>
        <direction>4</direction>
        <previous>0</previous>
    </vehicle>
    <vehicle>
        <id>15</id>
        <bndbox>
            <xmax>351</xmax>
            <xmin>321</xmin>
            <ymax>230</ymax>
            <ymin>191</ymin>
        </bndbox>
        <type>2</type>
        <direction>4</direction>
        <previous>0</previous>
    </vehicle>
    <vehicle>
        <id>16</id>
        <bndbox>
            <xmax>351</xmax>
            <xmin>263</xmin>
            <ymax>149</ymax>
            <ymin>77</ymin>
        </bndbox>
        <type>6</type>
        <direction>1</direction>
        <previous>9</previous>
    </vehicle>
    <vehicle>
        <id>17</id>
        <bndbox>
            <xmax>52</xmax>
            <xmin>23</xmin>
            <ymax>126</ymax>
            <ymin>109</ymin>
        </bndbox>
        <type>2</type>
        <direction>2</direction>
        <previous>0</previous>
    </vehicle>
</annotation>
