<annotation>
    <video>164-20160223-12.avi</video>
    <frame>000346</frame>
    <time>2016/02/23 14:27:16</time>
    <width>352</width>
    <height>240</height>
    <weather>3</weather>
    <facing>3</facing>
    <flow>2</flow>
    <vehicle>
        <id>1</id>
        <bndbox>
            <xmax>126</xmax>
            <xmin>117</xmin>
            <ymax>71</ymax>
            <ymin>63</ymin>
        </bndbox>
        <type>3</type>
        <direction>2</direction>
        <previous>0</previous>
    </vehicle>
    <vehicle>
        <id>2</id>
        <bndbox>
            <xmax>105</xmax>
            <xmin>92</xmin>
            <ymax>80</ymax>
            <ymin>72</ymin>
        </bndbox>
        <type>2</type>
        <direction>2</direction>
        <previous>0</previous>
    </vehicle>
    <vehicle>
        <id>3</id>
        <bndbox>
            <xmax>76</xmax>
            <xmin>58</xmin>
            <ymax>95</ymax>
            <ymin>83</ymin>
        </bndbox>
        <type>2</type>
        <direction>2</direction>
        <previous>0</previous>
    </vehicle>
    <vehicle>
        <id>4</id>
        <bndbox>
            <xmax>102</xmax>
            <xmin>84</xmin>
            <ymax>102</ymax>
            <ymin>87</ymin>
        </bndbox>
        <type>3</type>
        <direction>2</direction>
        <previous>0</previous>
    </vehicle>
    <vehicle>
        <id>5</id>
        <bndbox>
            <xmax>81</xmax>
            <xmin>60</xmin>
            <ymax>105</ymax>
            <ymin>92</ymin>
        </bndbox>
        <type>3</type>
        <direction>2</direction>
        <previous>0</previous>
    </vehicle>
    <vehicle>
        <id>6</id>
        <bndbox>
            <xmax>80</xmax>
            <xmin>52</xmin>
            <ymax>126</ymax>
            <ymin>104</ymin>
        </bndbox>
        <type>2</type>
        <direction>2</direction>
        <previous>0</previous>
    </vehicle>
    <vehicle>
        <id>7</id>
        <bndbox>
            <xmax>58</xmax>
            <xmin>31</xmin>
            <ymax>126</ymax>
            <ymin>105</ymin>
        </bndbox>
        <type>2</type>
        <direction>2</direction>
        <previous>0</previous>
    </vehicle>
    <vehicle>
        <id>8</id>
        <bndbox>
            <xmax>43</xmax>
            <xmin>17</xmin>
            <ymax>120</ymax>
            <ymin>101</ymin>
        </bndbox>
        <type>1</type>
        <direction>2</direction>
        <previous>0</previous>
    </vehicle>
    <vehicle>
        <id>9</id>
        <bndbox>
            <xmax>58</xmax>
            <xmin>31</xmin>
            <ymax>151</ymax>
            <ymin>125</ymin>
        </bndbox>
        <type>2</type>
        <direction>2</direction>
        <previous>0</previous>
    </vehicle>
    <vehicle>
        <id>10</id>
        <bndbox>
            <xmax>23</xmax>
            <xmin>0</xmin>
            <ymax>151</ymax>
            <ymin>122</ymin>
        </bndbox>
        <type>2</type>
        <direction>2</direction>
        <previous>0</previous>
    </vehicle>
    <vehicle>
        <id>11</id>
        <bndbox>
            <xmax>132</xmax>
            <xmin>51</xmin>
            <ymax>200</ymax>
            <ymin>151</ymin>
        </bndbox>
        <type>4</type>
        <direction>8</direction>
        <previous>0</previous>
    </vehicle>
    <vehicle>
        <id>12</id>
        <bndbox>
            <xmax>134</xmax>
            <xmin>38</xmin>
            <ymax>234</ymax>
            <ymin>194</ymin>
        </bndbox>
        <type>2</type>
        <direction>8</direction>
        <previous>0</previous>
    </vehicle>
    <vehicle>
        <id>13</id>
        <bndbox>
            <xmax>223</xmax>
            <xmin>71</xmin>
            <ymax>239</ymax>
            <ymin>214</ymin>
        </bndbox>
        <type>4</type>
        <direction>4</direction>
        <previous>0</previous>
    </vehicle>
    <vehicle>
        <id>14</id>
        <bndbox>
            <xmax>301</xmax>
            <xmin>176</xmin>
            <ymax>239</ymax>
            <ymin>184</ymin>
        </bndbox>
        <type>4</type>
        <direction>4</direction>
        <previous>0</previous>
    </vehicle>
    <vehicle>
        <id>15</id>
        <bndbox>
            <xmax>248</xmax>
            <xmin>198</xmin>
            <ymax>189</ymax>
            <ymin>175</ymin>
        </bndbox>
        <type>2</type>
        <direction>4</direction>
        <previous>0</previous>
    </vehicle>
    <vehicle>
        <id>16</id>
        <bndbox>
            <xmax>351</xmax>
            <xmin>301</xmin>
            <ymax>131</ymax>
            <ymin>110</ymin>
        </bndbox>
        <type>2</type>
        <direction>1</direction>
        <previous>0</previous>
    </vehicle>
    <vehicle>
        <id>17</id>
        <bndbox>
            <xmax>249</xmax>
            <xmin>192</xmin>
            <ymax>94</ymax>
            <ymin>66</ymin>
        </bndbox>
        <type>9</type>
        <direction>1</direction>
        <previous>0</previous>
    </vehicle>
    <vehicle>
        <id>18</id>
        <bndbox>
            <xmax>195</xmax>
            <xmin>182</xmin>
            <ymax>76</ymax>
            <ymin>68</ymin>
        </bndbox>
        <type>3</type>
        <direction>1</direction>
        <previous>0</previous>
    </vehicle>
</annotation>
