<annotation>
    <video>164-20160223-12.avi</video>
    <frame>000345</frame>
    <time>2016/02/23 14:26:52</time>
    <width>352</width>
    <height>240</height>
    <weather>3</weather>
    <facing>3</facing>
    <flow>1</flow>
    <vehicle>
        <id>1</id>
        <bndbox>
            <xmax>120</xmax>
            <xmin>105</xmin>
            <ymax>85</ymax>
            <ymin>72</ymin>
        </bndbox>
        <type>3</type>
        <direction>2</direction>
        <previous>0</previous>
    </vehicle>
    <vehicle>
        <id>2</id>
        <bndbox>
            <xmax>107</xmax>
            <xmin>95</xmin>
            <ymax>83</ymax>
            <ymin>74</ymin>
        </bndbox>
        <type>1</type>
        <direction>2</direction>
        <previous>0</previous>
    </vehicle>
    <vehicle>
        <id>3</id>
        <bndbox>
            <xmax>76</xmax>
            <xmin>57</xmin>
            <ymax>85</ymax>
            <ymin>74</ymin>
        </bndbox>
        <type>3</type>
        <direction>2</direction>
        <previous>0</previous>
    </vehicle>
    <vehicle>
        <id>4</id>
        <bndbox>
            <xmax>102</xmax>
            <xmin>82</xmin>
            <ymax>104</ymax>
            <ymin>86</ymin>
        </bndbox>
        <type>4</type>
        <direction>2</direction>
        <previous>1</previous>
    </vehicle>
    <vehicle>
        <id>5</id>
        <bndbox>
            <xmax>85</xmax>
            <xmin>63</xmin>
            <ymax>102</ymax>
            <ymin>85</ymin>
        </bndbox>
        <type>4</type>
        <direction>2</direction>
        <previous>5</previous>
    </vehicle>
    <vehicle>
        <id>6</id>
        <bndbox>
            <xmax>65</xmax>
            <xmin>48</xmin>
            <ymax>99</ymax>
            <ymin>86</ymin>
        </bndbox>
        <type>2</type>
        <direction>2</direction>
        <previous>0</previous>
    </vehicle>
    <vehicle>
        <id>7</id>
        <bndbox>
            <xmax>40</xmax>
            <xmin>13</xmin>
            <ymax>106</ymax>
            <ymin>87</ymin>
        </bndbox>
        <type>4</type>
        <direction>2</direction>
        <previous>0</previous>
    </vehicle>
    <vehicle>
        <id>8</id>
        <bndbox>
            <xmax>55</xmax>
            <xmin>28</xmin>
            <ymax>109</ymax>
            <ymin>95</ymin>
        </bndbox>
        <type>2</type>
        <direction>2</direction>
        <previous>0</previous>
    </vehicle>
    <vehicle>
        <id>9</id>
        <bndbox>
            <xmax>66</xmax>
            <xmin>42</xmin>
            <ymax>118</ymax>
            <ymin>99</ymin>
        </bndbox>
        <type>2</type>
        <direction>2</direction>
        <previous>0</previous>
    </vehicle>
    <vehicle>
        <id>10</id>
        <bndbox>
            <xmax>89</xmax>
            <xmin>64</xmin>
            <ymax>121</ymax>
            <ymin>94</ymin>
        </bndbox>
        <type>7</type>
        <direction>2</direction>
        <previous>6</previous>
    </vehicle>
    <vehicle>
        <id>11</id>
        <bndbox>
            <xmax>18</xmax>
            <xmin>0</xmin>
            <ymax>105</ymax>
            <ymin>94</ymin>
        </bndbox>
        <type>2</type>
        <direction>2</direction>
        <previous>0</previous>
    </vehicle>
    <vehicle>
        <id>12</id>
        <bndbox>
            <xmax>18</xmax>
            <xmin>0</xmin>
            <ymax>117</ymax>
            <ymin>103</ymin>
        </bndbox>
        <type>2</type>
        <direction>2</direction>
        <previous>0</previous>
    </vehicle>
    <vehicle>
        <id>13</id>
        <bndbox>
            <xmax>33</xmax>
            <xmin>4</xmin>
            <ymax>128</ymax>
            <ymin>110</ymin>
        </bndbox>
        <type>2</type>
        <direction>2</direction>
        <previous>0</previous>
    </vehicle>
    <vehicle>
        <id>14</id>
        <bndbox>
            <xmax>47</xmax>
            <xmin>16</xmin>
            <ymax>133</ymax>
            <ymin>116</ymin>
        </bndbox>
        <type>2</type>
        <direction>2</direction>
        <previous>0</previous>
    </vehicle>
    <vehicle>
        <id>15</id>
        <bndbox>
            <xmax>69</xmax>
            <xmin>43</xmin>
            <ymax>138</ymax>
            <ymin>118</ymin>
        </bndbox>
        <type>2</type>
        <direction>2</direction>
        <previous>0</previous>
    </vehicle>
    <vehicle>
        <id>16</id>
        <bndbox>
            <xmax>17</xmax>
            <xmin>0</xmin>
            <ymax>154</ymax>
            <ymin>129</ymin>
        </bndbox>
        <type>3</type>
        <direction>2</direction>
        <previous>0</previous>
    </vehicle>
    <vehicle>
        <id>17</id>
        <bndbox>
            <xmax>135</xmax>
            <xmin>54</xmin>
            <ymax>197</ymax>
            <ymin>163</ymin>
        </bndbox>
        <type>2</type>
        <direction>4</direction>
        <previous>0</previous>
    </vehicle>
    <vehicle>
        <id>18</id>
        <bndbox>
            <xmax>243</xmax>
            <xmin>147</xmin>
            <ymax>229</ymax>
            <ymin>188</ymin>
        </bndbox>
        <type>2</type>
        <direction>4</direction>
        <previous>0</previous>
    </vehicle>
    <vehicle>
        <id>19</id>
        <bndbox>
            <xmax>351</xmax>
            <xmin>322</xmin>
            <ymax>233</ymax>
            <ymin>190</ymin>
        </bndbox>
        <type>2</type>
        <direction>4</direction>
        <previous>0</previous>
    </vehicle>
    <vehicle>
        <id>20</id>
        <bndbox>
            <xmax>337</xmax>
            <xmin>244</xmin>
            <ymax>182</ymax>
            <ymin>118</ymin>
        </bndbox>
        <type>6</type>
        <direction>7</direction>
        <previous>0</previous>
    </vehicle>
    <vehicle>
        <id>21</id>
        <bndbox>
            <xmax>303</xmax>
            <xmin>268</xmin>
            <ymax>120</ymax>
            <ymin>99</ymin>
        </bndbox>
        <type>3</type>
        <direction>7</direction>
        <previous>0</previous>
    </vehicle>
    <vehicle>
        <id>22</id>
        <bndbox>
            <xmax>351</xmax>
            <xmin>330</xmin>
            <ymax>126</ymax>
            <ymin>106</ymin>
        </bndbox>
        <type>3</type>
        <direction>1</direction>
        <previous>0</previous>
    </vehicle>
    <vehicle>
        <id>23</id>
        <bndbox>
            <xmax>222</xmax>
            <xmin>202</xmin>
            <ymax>92</ymax>
            <ymin>80</ymin>
        </bndbox>
        <type>2</type>
        <direction>1</direction>
        <previous>0</previous>
    </vehicle>
    <vehicle>
        <id>24</id>
        <bndbox>
            <xmax>178</xmax>
            <xmin>165</xmin>
            <ymax>77</ymax>
            <ymin>69</ymin>
        </bndbox>
        <type>2</type>
        <direction>1</direction>
        <previous>0</previous>
    </vehicle>
    <vehicle>
        <id>25</id>
        <bndbox>
            <xmax>188</xmax>
            <xmin>175</xmin>
            <ymax>74</ymax>
            <ymin>64</ymin>
        </bndbox>
        <type>3</type>
        <direction>1</direction>
        <previous>0</previous>
    </vehicle>
</annotation>
