<annotation>
    <video>164-20160223-12.avi</video>
    <frame>000342</frame>
    <time>2016/02/23 14:25:41</time>
    <width>352</width>
    <height>240</height>
    <weather>3</weather>
    <facing>3</facing>
    <flow>2</flow>
    <vehicle>
        <id>1</id>
        <bndbox>
            <xmax>121</xmax>
            <xmin>106</xmin>
            <ymax>80</ymax>
            <ymin>68</ymin>
        </bndbox>
        <type>2</type>
        <direction>2</direction>
        <previous>0</previous>
    </vehicle>
    <vehicle>
        <id>2</id>
        <bndbox>
            <xmax>103</xmax>
            <xmin>86</xmin>
            <ymax>84</ymax>
            <ymin>73</ymin>
        </bndbox>
        <type>2</type>
        <direction>2</direction>
        <previous>0</previous>
    </vehicle>
    <vehicle>
        <id>3</id>
        <bndbox>
            <xmax>102</xmax>
            <xmin>89</xmin>
            <ymax>91</ymax>
            <ymin>80</ymin>
        </bndbox>
        <type>2</type>
        <direction>2</direction>
        <previous>0</previous>
    </vehicle>
    <vehicle>
        <id>4</id>
        <bndbox>
            <xmax>72</xmax>
            <xmin>56</xmin>
            <ymax>89</ymax>
            <ymin>78</ymin>
        </bndbox>
        <type>3</type>
        <direction>2</direction>
        <previous>0</previous>
    </vehicle>
    <vehicle>
        <id>5</id>
        <bndbox>
            <xmax>82</xmax>
            <xmin>68</xmin>
            <ymax>91</ymax>
            <ymin>79</ymin>
        </bndbox>
        <type>2</type>
        <direction>2</direction>
        <previous>0</previous>
    </vehicle>
    <vehicle>
        <id>6</id>
        <bndbox>
            <xmax>61</xmax>
            <xmin>37</xmin>
            <ymax>109</ymax>
            <ymin>92</ymin>
        </bndbox>
        <type>2</type>
        <direction>2</direction>
        <previous>0</previous>
    </vehicle>
    <vehicle>
        <id>7</id>
        <bndbox>
            <xmax>80</xmax>
            <xmin>55</xmin>
            <ymax>110</ymax>
            <ymin>91</ymin>
        </bndbox>
        <type>3</type>
        <direction>2</direction>
        <previous>0</previous>
    </vehicle>
    <vehicle>
        <id>8</id>
        <bndbox>
            <xmax>78</xmax>
            <xmin>49</xmin>
            <ymax>131</ymax>
            <ymin>108</ymin>
        </bndbox>
        <type>3</type>
        <direction>2</direction>
        <previous>0</previous>
    </vehicle>
    <vehicle>
        <id>9</id>
        <bndbox>
            <xmax>37</xmax>
            <xmin>0</xmin>
            <ymax>143</ymax>
            <ymin>116</ymin>
        </bndbox>
        <type>2</type>
        <direction>2</direction>
        <previous>0</previous>
    </vehicle>
    <vehicle>
        <id>10</id>
        <bndbox>
            <xmax>31</xmax>
            <xmin>0</xmin>
            <ymax>173</ymax>
            <ymin>142</ymin>
        </bndbox>
        <type>2</type>
        <direction>2</direction>
        <previous>0</previous>
    </vehicle>
    <vehicle>
        <id>11</id>
        <bndbox>
            <xmax>77</xmax>
            <xmin>31</xmin>
            <ymax>182</ymax>
            <ymin>143</ymin>
        </bndbox>
        <type>2</type>
        <direction>8</direction>
        <previous>0</previous>
    </vehicle>
    <vehicle>
        <id>12</id>
        <bndbox>
            <xmax>143</xmax>
            <xmin>36</xmin>
            <ymax>229</ymax>
            <ymin>180</ymin>
        </bndbox>
        <type>2</type>
        <direction>8</direction>
        <previous>0</previous>
    </vehicle>
    <vehicle>
        <id>13</id>
        <bndbox>
            <xmax>175</xmax>
            <xmin>94</xmin>
            <ymax>202</ymax>
            <ymin>167</ymin>
        </bndbox>
        <type>2</type>
        <direction>4</direction>
        <previous>0</previous>
    </vehicle>
    <vehicle>
        <id>14</id>
        <bndbox>
            <xmax>302</xmax>
            <xmin>197</xmin>
            <ymax>207</ymax>
            <ymin>167</ymin>
        </bndbox>
        <type>4</type>
        <direction>4</direction>
        <previous>0</previous>
    </vehicle>
    <vehicle>
        <id>15</id>
        <bndbox>
            <xmax>329</xmax>
            <xmin>225</xmin>
            <ymax>239</ymax>
            <ymin>206</ymin>
        </bndbox>
        <type>3</type>
        <direction>4</direction>
        <previous>0</previous>
    </vehicle>
    <vehicle>
        <id>16</id>
        <bndbox>
            <xmax>351</xmax>
            <xmin>309</xmin>
            <ymax>206</ymax>
            <ymin>165</ymin>
        </bndbox>
        <type>2</type>
        <direction>4</direction>
        <previous>0</previous>
    </vehicle>
    <vehicle>
        <id>17</id>
        <bndbox>
            <xmax>350</xmax>
            <xmin>331</xmin>
            <ymax>133</ymax>
            <ymin>117</ymin>
        </bndbox>
        <type>2</type>
        <direction>1</direction>
        <previous>0</previous>
    </vehicle>
    <vehicle>
        <id>18</id>
        <bndbox>
            <xmax>306</xmax>
            <xmin>270</xmin>
            <ymax>108</ymax>
            <ymin>91</ymin>
        </bndbox>
        <type>2</type>
        <direction>1</direction>
        <previous>0</previous>
    </vehicle>
    <vehicle>
        <id>19</id>
        <bndbox>
            <xmax>251</xmax>
            <xmin>218</xmin>
            <ymax>91</ymax>
            <ymin>73</ymin>
        </bndbox>
        <type>3</type>
        <direction>1</direction>
        <previous>0</previous>
    </vehicle>
    <vehicle>
        <id>20</id>
        <bndbox>
            <xmax>192</xmax>
            <xmin>177</xmin>
            <ymax>80</ymax>
            <ymin>72</ymin>
        </bndbox>
        <type>2</type>
        <direction>1</direction>
        <previous>0</previous>
    </vehicle>
    <vehicle>
        <id>21</id>
        <bndbox>
            <xmax>170</xmax>
            <xmin>155</xmin>
            <ymax>73</ymax>
            <ymin>62</ymin>
        </bndbox>
        <type>6</type>
        <direction>1</direction>
        <previous>0</previous>
    </vehicle>
</annotation>
