<annotation>
    <video>164-20160223-12.avi</video>
    <frame>000385</frame>
    <time>2016/02/23 14:42:44</time>
    <width>352</width>
    <height>240</height>
    <weather>3</weather>
    <facing>3</facing>
    <flow>1</flow>
    <vehicle>
        <id>1</id>
        <bndbox>
            <xmax>72</xmax>
            <xmin>55</xmin>
            <ymax>84</ymax>
            <ymin>72</ymin>
        </bndbox>
        <type>2</type>
        <direction>2</direction>
        <previous>0</previous>
    </vehicle>
    <vehicle>
        <id>2</id>
        <bndbox>
            <xmax>51</xmax>
            <xmin>1</xmin>
            <ymax>119</ymax>
            <ymin>74</ymin>
        </bndbox>
        <type>6</type>
        <direction>2</direction>
        <previous>0</previous>
    </vehicle>
    <vehicle>
        <id>3</id>
        <bndbox>
            <xmax>73</xmax>
            <xmin>25</xmin>
            <ymax>126</ymax>
            <ymin>84</ymin>
        </bndbox>
        <type>6</type>
        <direction>2</direction>
        <previous>0</previous>
    </vehicle>
    <vehicle>
        <id>4</id>
        <bndbox>
            <xmax>31</xmax>
            <xmin>1</xmin>
            <ymax>151</ymax>
            <ymin>121</ymin>
        </bndbox>
        <type>2</type>
        <direction>2</direction>
        <previous>0</previous>
    </vehicle>
    <vehicle>
        <id>5</id>
        <bndbox>
            <xmax>19</xmax>
            <xmin>0</xmin>
            <ymax>236</ymax>
            <ymin>183</ymin>
        </bndbox>
        <type>3</type>
        <direction>8</direction>
        <previous>0</previous>
    </vehicle>
    <vehicle>
        <id>6</id>
        <bndbox>
            <xmax>250</xmax>
            <xmin>146</xmin>
            <ymax>239</ymax>
            <ymin>228</ymin>
        </bndbox>
        <type>3</type>
        <direction>4</direction>
        <previous>0</previous>
    </vehicle>
    <vehicle>
        <id>7</id>
        <bndbox>
            <xmax>263</xmax>
            <xmin>170</xmin>
            <ymax>232</ymax>
            <ymin>190</ymin>
        </bndbox>
        <type>3</type>
        <direction>4</direction>
        <previous>0</previous>
    </vehicle>
    <vehicle>
        <id>8</id>
        <bndbox>
            <xmax>351</xmax>
            <xmin>315</xmin>
            <ymax>237</ymax>
            <ymin>193</ymin>
        </bndbox>
        <type>3</type>
        <direction>4</direction>
        <previous>0</previous>
    </vehicle>
    <vehicle>
        <id>9</id>
        <bndbox>
            <xmax>139</xmax>
            <xmin>129</xmin>
            <ymax>72</ymax>
            <ymin>62</ymin>
        </bndbox>
        <type>2</type>
        <direction>2</direction>
        <previous>0</previous>
    </vehicle>
</annotation>
