<annotation>
    <video>164-20160223-12.avi</video>
    <frame>000392</frame>
    <time>2016/02/23 14:45:35</time>
    <width>352</width>
    <height>240</height>
    <weather>3</weather>
    <facing>3</facing>
    <flow>2</flow>
    <vehicle>
        <id>1</id>
        <bndbox>
            <xmax>22</xmax>
            <xmin>1</xmin>
            <ymax>110</ymax>
            <ymin>93</ymin>
        </bndbox>
        <type>2</type>
        <direction>2</direction>
        <previous>0</previous>
    </vehicle>
    <vehicle>
        <id>2</id>
        <bndbox>
            <xmax>63</xmax>
            <xmin>0</xmin>
            <ymax>222</ymax>
            <ymin>91</ymin>
        </bndbox>
        <type>6</type>
        <direction>8</direction>
        <previous>0</previous>
    </vehicle>
    <vehicle>
        <id>3</id>
        <bndbox>
            <xmax>220</xmax>
            <xmin>120</xmin>
            <ymax>238</ymax>
            <ymin>198</ymin>
        </bndbox>
        <type>2</type>
        <direction>4</direction>
        <previous>0</previous>
    </vehicle>
    <vehicle>
        <id>4</id>
        <bndbox>
            <xmax>210</xmax>
            <xmin>129</xmin>
            <ymax>198</ymax>
            <ymin>168</ymin>
        </bndbox>
        <type>2</type>
        <direction>4</direction>
        <previous>0</previous>
    </vehicle>
    <vehicle>
        <id>5</id>
        <bndbox>
            <xmax>343</xmax>
            <xmin>207</xmin>
            <ymax>239</ymax>
            <ymin>217</ymin>
        </bndbox>
        <type>2</type>
        <direction>4</direction>
        <previous>0</previous>
    </vehicle>
    <vehicle>
        <id>6</id>
        <bndbox>
            <xmax>350</xmax>
            <xmin>288</xmin>
            <ymax>235</ymax>
            <ymin>198</ymin>
        </bndbox>
        <type>2</type>
        <direction>4</direction>
        <previous>0</previous>
    </vehicle>
    <vehicle>
        <id>7</id>
        <bndbox>
            <xmax>318</xmax>
            <xmin>234</xmin>
            <ymax>195</ymax>
            <ymin>154</ymin>
        </bndbox>
        <type>4</type>
        <direction>7</direction>
        <previous>0</previous>
    </vehicle>
    <vehicle>
        <id>8</id>
        <bndbox>
            <xmax>191</xmax>
            <xmin>175</xmin>
            <ymax>75</ymax>
            <ymin>63</ymin>
        </bndbox>
        <type>5</type>
        <direction>1</direction>
        <previous>0</previous>
    </vehicle>
</annotation>
