<annotation>
    <video>164-20160223-12.avi</video>
    <frame>000390</frame>
    <time>2016/02/23 14:44:46</time>
    <width>352</width>
    <height>240</height>
    <weather>3</weather>
    <facing>3</facing>
    <flow>1</flow>
    <vehicle>
        <id>1</id>
        <bndbox>
            <xmax>45</xmax>
            <xmin>0</xmin>
            <ymax>130</ymax>
            <ymin>86</ymin>
        </bndbox>
        <type>6</type>
        <direction>2</direction>
        <previous>0</previous>
    </vehicle>
    <vehicle>
        <id>2</id>
        <bndbox>
            <xmax>28</xmax>
            <xmin>0</xmin>
            <ymax>149</ymax>
            <ymin>126</ymin>
        </bndbox>
        <type>3</type>
        <direction>2</direction>
        <previous>0</previous>
    </vehicle>
    <vehicle>
        <id>3</id>
        <bndbox>
            <xmax>57</xmax>
            <xmin>28</xmin>
            <ymax>127</ymax>
            <ymin>107</ymin>
        </bndbox>
        <type>2</type>
        <direction>2</direction>
        <previous>0</previous>
    </vehicle>
    <vehicle>
        <id>4</id>
        <bndbox>
            <xmax>71</xmax>
            <xmin>53</xmin>
            <ymax>109</ymax>
            <ymin>98</ymin>
        </bndbox>
        <type>3</type>
        <direction>2</direction>
        <previous>0</previous>
    </vehicle>
    <vehicle>
        <id>5</id>
        <bndbox>
            <xmax>59</xmax>
            <xmin>28</xmin>
            <ymax>152</ymax>
            <ymin>127</ymin>
        </bndbox>
        <type>4</type>
        <direction>2</direction>
        <previous>0</previous>
    </vehicle>
    <vehicle>
        <id>6</id>
        <bndbox>
            <xmax>78</xmax>
            <xmin>49</xmin>
            <ymax>129</ymax>
            <ymin>107</ymin>
        </bndbox>
        <type>2</type>
        <direction>2</direction>
        <previous>0</previous>
    </vehicle>
    <vehicle>
        <id>7</id>
        <bndbox>
            <xmax>96</xmax>
            <xmin>74</xmin>
            <ymax>113</ymax>
            <ymin>94</ymin>
        </bndbox>
        <type>3</type>
        <direction>2</direction>
        <previous>0</previous>
    </vehicle>
    <vehicle>
        <id>8</id>
        <bndbox>
            <xmax>92</xmax>
            <xmin>73</xmin>
            <ymax>100</ymax>
            <ymin>86</ymin>
        </bndbox>
        <type>3</type>
        <direction>2</direction>
        <previous>0</previous>
    </vehicle>
    <vehicle>
        <id>9</id>
        <bndbox>
            <xmax>78</xmax>
            <xmin>61</xmin>
            <ymax>94</ymax>
            <ymin>82</ymin>
        </bndbox>
        <type>2</type>
        <direction>2</direction>
        <previous>0</previous>
    </vehicle>
    <vehicle>
        <id>10</id>
        <bndbox>
            <xmax>105</xmax>
            <xmin>89</xmin>
            <ymax>89</ymax>
            <ymin>76</ymin>
        </bndbox>
        <type>2</type>
        <direction>2</direction>
        <previous>0</previous>
    </vehicle>
    <vehicle>
        <id>11</id>
        <bndbox>
            <xmax>99</xmax>
            <xmin>86</xmin>
            <ymax>85</ymax>
            <ymin>74</ymin>
        </bndbox>
        <type>2</type>
        <direction>2</direction>
        <previous>0</previous>
    </vehicle>
    <vehicle>
        <id>12</id>
        <bndbox>
            <xmax>114</xmax>
            <xmin>102</xmin>
            <ymax>84</ymax>
            <ymin>72</ymin>
        </bndbox>
        <type>2</type>
        <direction>2</direction>
        <previous>0</previous>
    </vehicle>
    <vehicle>
        <id>13</id>
        <bndbox>
            <xmax>117</xmax>
            <xmin>106</xmin>
            <ymax>79</ymax>
            <ymin>69</ymin>
        </bndbox>
        <type>2</type>
        <direction>2</direction>
        <previous>0</previous>
    </vehicle>
    <vehicle>
        <id>14</id>
        <bndbox>
            <xmax>124</xmax>
            <xmin>114</xmin>
            <ymax>71</ymax>
            <ymin>61</ymin>
        </bndbox>
        <type>3</type>
        <direction>2</direction>
        <previous>0</previous>
    </vehicle>
    <vehicle>
        <id>15</id>
        <bndbox>
            <xmax>142</xmax>
            <xmin>131</xmin>
            <ymax>70</ymax>
            <ymin>62</ymin>
        </bndbox>
        <type>3</type>
        <direction>2</direction>
        <previous>0</previous>
    </vehicle>
    <vehicle>
        <id>16</id>
        <bndbox>
            <xmax>152</xmax>
            <xmin>0</xmin>
            <ymax>232</ymax>
            <ymin>173</ymin>
        </bndbox>
        <type>3</type>
        <direction>4</direction>
        <previous>0</previous>
    </vehicle>
    <vehicle>
        <id>17</id>
        <bndbox>
            <xmax>154</xmax>
            <xmin>64</xmin>
            <ymax>197</ymax>
            <ymin>163</ymin>
        </bndbox>
        <type>2</type>
        <direction>4</direction>
        <previous>0</previous>
    </vehicle>
    <vehicle>
        <id>18</id>
        <bndbox>
            <xmax>302</xmax>
            <xmin>196</xmin>
            <ymax>239</ymax>
            <ymin>210</ymin>
        </bndbox>
        <type>1</type>
        <direction>4</direction>
        <previous>0</previous>
    </vehicle>
    <vehicle>
        <id>19</id>
        <bndbox>
            <xmax>351</xmax>
            <xmin>300</xmin>
            <ymax>209</ymax>
            <ymin>168</ymin>
        </bndbox>
        <type>3</type>
        <direction>7</direction>
        <previous>0</previous>
    </vehicle>
    <vehicle>
        <id>20</id>
        <bndbox>
            <xmax>313</xmax>
            <xmin>250</xmin>
            <ymax>177</ymax>
            <ymin>145</ymin>
        </bndbox>
        <type>2</type>
        <direction>7</direction>
        <previous>0</previous>
    </vehicle>
    <vehicle>
        <id>21</id>
        <bndbox>
            <xmax>319</xmax>
            <xmin>290</xmin>
            <ymax>147</ymax>
            <ymin>113</ymin>
        </bndbox>
        <type>4</type>
        <direction>7</direction>
        <previous>0</previous>
    </vehicle>
    <vehicle>
        <id>22</id>
        <bndbox>
            <xmax>340</xmax>
            <xmin>299</xmin>
            <ymax>126</ymax>
            <ymin>104</ymin>
        </bndbox>
        <type>2</type>
        <direction>7</direction>
        <previous>0</previous>
    </vehicle>
    <vehicle>
        <id>23</id>
        <bndbox>
            <xmax>280</xmax>
            <xmin>248</xmin>
            <ymax>117</ymax>
            <ymin>98</ymin>
        </bndbox>
        <type>3</type>
        <direction>1</direction>
        <previous>0</previous>
    </vehicle>
    <vehicle>
        <id>24</id>
        <bndbox>
            <xmax>261</xmax>
            <xmin>197</xmin>
            <ymax>94</ymax>
            <ymin>66</ymin>
        </bndbox>
        <type>6</type>
        <direction>1</direction>
        <previous>0</previous>
    </vehicle>
    <vehicle>
        <id>25</id>
        <bndbox>
            <xmax>189</xmax>
            <xmin>172</xmin>
            <ymax>74</ymax>
            <ymin>59</ymin>
        </bndbox>
        <type>6</type>
        <direction>1</direction>
        <previous>0</previous>
    </vehicle>
</annotation>
