<annotation>
    <video>164-20160223-12.avi</video>
    <frame>000386</frame>
    <time>2016/02/23 14:43:08</time>
    <width>352</width>
    <height>240</height>
    <weather>3</weather>
    <facing>3</facing>
    <flow>1</flow>
    <vehicle>
        <id>1</id>
        <bndbox>
            <xmax>131</xmax>
            <xmin>117</xmin>
            <ymax>74</ymax>
            <ymin>65</ymin>
        </bndbox>
        <type>2</type>
        <direction>2</direction>
        <previous>0</previous>
    </vehicle>
    <vehicle>
        <id>2</id>
        <bndbox>
            <xmax>122</xmax>
            <xmin>108</xmin>
            <ymax>87</ymax>
            <ymin>75</ymin>
        </bndbox>
        <type>3</type>
        <direction>2</direction>
        <previous>0</previous>
    </vehicle>
    <vehicle>
        <id>3</id>
        <bndbox>
            <xmax>100</xmax>
            <xmin>72</xmin>
            <ymax>82</ymax>
            <ymin>64</ymin>
        </bndbox>
        <type>6</type>
        <direction>2</direction>
        <previous>0</previous>
    </vehicle>
    <vehicle>
        <id>4</id>
        <bndbox>
            <xmax>70</xmax>
            <xmin>53</xmin>
            <ymax>88</ymax>
            <ymin>76</ymin>
        </bndbox>
        <type>2</type>
        <direction>2</direction>
        <previous>0</previous>
    </vehicle>
    <vehicle>
        <id>5</id>
        <bndbox>
            <xmax>99</xmax>
            <xmin>81</xmin>
            <ymax>91</ymax>
            <ymin>79</ymin>
        </bndbox>
        <type>2</type>
        <direction>2</direction>
        <previous>0</previous>
    </vehicle>
    <vehicle>
        <id>6</id>
        <bndbox>
            <xmax>108</xmax>
            <xmin>95</xmin>
            <ymax>96</ymax>
            <ymin>87</ymin>
        </bndbox>
        <type>3</type>
        <direction>2</direction>
        <previous>0</previous>
    </vehicle>
    <vehicle>
        <id>7</id>
        <bndbox>
            <xmax>98</xmax>
            <xmin>73</xmin>
            <ymax>114</ymax>
            <ymin>91</ymin>
        </bndbox>
        <type>3</type>
        <direction>2</direction>
        <previous>0</previous>
    </vehicle>
    <vehicle>
        <id>8</id>
        <bndbox>
            <xmax>48</xmax>
            <xmin>0</xmin>
            <ymax>117</ymax>
            <ymin>74</ymin>
        </bndbox>
        <type>6</type>
        <direction>2</direction>
        <previous>2</previous>
    </vehicle>
    <vehicle>
        <id>9</id>
        <bndbox>
            <xmax>74</xmax>
            <xmin>19</xmin>
            <ymax>126</ymax>
            <ymin>85</ymin>
        </bndbox>
        <type>6</type>
        <direction>2</direction>
        <previous>3</previous>
    </vehicle>
    <vehicle>
        <id>10</id>
        <bndbox>
            <xmax>75</xmax>
            <xmin>49</xmin>
            <ymax>133</ymax>
            <ymin>111</ymin>
        </bndbox>
        <type>2</type>
        <direction>2</direction>
        <previous>0</previous>
    </vehicle>
    <vehicle>
        <id>11</id>
        <bndbox>
            <xmax>30</xmax>
            <xmin>0</xmin>
            <ymax>151</ymax>
            <ymin>121</ymin>
        </bndbox>
        <type>2</type>
        <direction>2</direction>
        <previous>0</previous>
    </vehicle>
    <vehicle>
        <id>12</id>
        <bndbox>
            <xmax>68</xmax>
            <xmin>0</xmin>
            <ymax>232</ymax>
            <ymin>184</ymin>
        </bndbox>
        <type>3</type>
        <direction>4</direction>
        <previous>0</previous>
    </vehicle>
    <vehicle>
        <id>13</id>
        <bndbox>
            <xmax>174</xmax>
            <xmin>94</xmin>
            <ymax>200</ymax>
            <ymin>164</ymin>
        </bndbox>
        <type>3</type>
        <direction>4</direction>
        <previous>0</previous>
    </vehicle>
    <vehicle>
        <id>14</id>
        <bndbox>
            <xmax>286</xmax>
            <xmin>184</xmin>
            <ymax>238</ymax>
            <ymin>192</ymin>
        </bndbox>
        <type>1</type>
        <direction>4</direction>
        <previous>0</previous>
    </vehicle>
    <vehicle>
        <id>15</id>
        <bndbox>
            <xmax>329</xmax>
            <xmin>216</xmin>
            <ymax>193</ymax>
            <ymin>126</ymin>
        </bndbox>
        <type>6</type>
        <direction>7</direction>
        <previous>0</previous>
    </vehicle>
    <vehicle>
        <id>16</id>
        <bndbox>
            <xmax>312</xmax>
            <xmin>280</xmin>
            <ymax>110</ymax>
            <ymin>95</ymin>
        </bndbox>
        <type>3</type>
        <direction>1</direction>
        <previous>0</previous>
    </vehicle>
    <vehicle>
        <id>17</id>
        <bndbox>
            <xmax>267</xmax>
            <xmin>240</xmin>
            <ymax>111</ymax>
            <ymin>95</ymin>
        </bndbox>
        <type>2</type>
        <direction>1</direction>
        <previous>0</previous>
    </vehicle>
    <vehicle>
        <id>18</id>
        <bndbox>
            <xmax>198</xmax>
            <xmin>180</xmin>
            <ymax>86</ymax>
            <ymin>77</ymin>
        </bndbox>
        <type>2</type>
        <direction>1</direction>
        <previous>0</previous>
    </vehicle>
    <vehicle>
        <id>19</id>
        <bndbox>
            <xmax>223</xmax>
            <xmin>205</xmin>
            <ymax>85</ymax>
            <ymin>73</ymin>
        </bndbox>
        <type>1</type>
        <direction>1</direction>
        <previous>0</previous>
    </vehicle>
    <vehicle>
        <id>20</id>
        <bndbox>
            <xmax>178</xmax>
            <xmin>164</xmin>
            <ymax>78</ymax>
            <ymin>68</ymin>
        </bndbox>
        <type>3</type>
        <direction>1</direction>
        <previous>0</previous>
    </vehicle>
    <vehicle>
        <id>21</id>
        <bndbox>
            <xmax>181</xmax>
            <xmin>168</xmin>
            <ymax>72</ymax>
            <ymin>61</ymin>
        </bndbox>
        <type>3</type>
        <direction>1</direction>
        <previous>0</previous>
    </vehicle>
</annotation>
