<annotation>
    <video>164-20160223-12.avi</video>
    <frame>000351</frame>
    <time>2016/02/23 14:29:16</time>
    <width>352</width>
    <height>240</height>
    <weather>3</weather>
    <facing>3</facing>
    <flow>1</flow>
    <vehicle>
        <id>1</id>
        <bndbox>
            <xmax>119</xmax>
            <xmin>106</xmin>
            <ymax>80</ymax>
            <ymin>68</ymin>
        </bndbox>
        <type>3</type>
        <direction>2</direction>
        <previous>0</previous>
    </vehicle>
    <vehicle>
        <id>2</id>
        <bndbox>
            <xmax>109</xmax>
            <xmin>91</xmin>
            <ymax>85</ymax>
            <ymin>72</ymin>
        </bndbox>
        <type>3</type>
        <direction>2</direction>
        <previous>0</previous>
    </vehicle>
    <vehicle>
        <id>3</id>
        <bndbox>
            <xmax>83</xmax>
            <xmin>66</xmin>
            <ymax>92</ymax>
            <ymin>78</ymin>
        </bndbox>
        <type>3</type>
        <direction>2</direction>
        <previous>0</previous>
    </vehicle>
    <vehicle>
        <id>4</id>
        <bndbox>
            <xmax>75</xmax>
            <xmin>60</xmin>
            <ymax>86</ymax>
            <ymin>77</ymin>
        </bndbox>
        <type>3</type>
        <direction>2</direction>
        <previous>0</previous>
    </vehicle>
    <vehicle>
        <id>5</id>
        <bndbox>
            <xmax>88</xmax>
            <xmin>71</xmin>
            <ymax>100</ymax>
            <ymin>85</ymin>
        </bndbox>
        <type>2</type>
        <direction>2</direction>
        <previous>0</previous>
    </vehicle>
    <vehicle>
        <id>6</id>
        <bndbox>
            <xmax>101</xmax>
            <xmin>84</xmin>
            <ymax>105</ymax>
            <ymin>89</ymin>
        </bndbox>
        <type>2</type>
        <direction>2</direction>
        <previous>0</previous>
    </vehicle>
    <vehicle>
        <id>7</id>
        <bndbox>
            <xmax>52</xmax>
            <xmin>33</xmin>
            <ymax>100</ymax>
            <ymin>87</ymin>
        </bndbox>
        <type>2</type>
        <direction>2</direction>
        <previous>0</previous>
    </vehicle>
    <vehicle>
        <id>8</id>
        <bndbox>
            <xmax>67</xmax>
            <xmin>50</xmin>
            <ymax>102</ymax>
            <ymin>88</ymin>
        </bndbox>
        <type>1</type>
        <direction>2</direction>
        <previous>0</previous>
    </vehicle>
    <vehicle>
        <id>9</id>
        <bndbox>
            <xmax>84</xmax>
            <xmin>61</xmin>
            <ymax>121</ymax>
            <ymin>105</ymin>
        </bndbox>
        <type>2</type>
        <direction>2</direction>
        <previous>0</previous>
    </vehicle>
    <vehicle>
        <id>10</id>
        <bndbox>
            <xmax>76</xmax>
            <xmin>51</xmin>
            <ymax>112</ymax>
            <ymin>96</ymin>
        </bndbox>
        <type>3</type>
        <direction>2</direction>
        <previous>0</previous>
    </vehicle>
    <vehicle>
        <id>11</id>
        <bndbox>
            <xmax>51</xmax>
            <xmin>28</xmin>
            <ymax>113</ymax>
            <ymin>99</ymin>
        </bndbox>
        <type>3</type>
        <direction>2</direction>
        <previous>0</previous>
    </vehicle>
    <vehicle>
        <id>12</id>
        <bndbox>
            <xmax>30</xmax>
            <xmin>3</xmin>
            <ymax>126</ymax>
            <ymin>109</ymin>
        </bndbox>
        <type>3</type>
        <direction>2</direction>
        <previous>0</previous>
    </vehicle>
    <vehicle>
        <id>13</id>
        <bndbox>
            <xmax>61</xmax>
            <xmin>34</xmin>
            <ymax>125</ymax>
            <ymin>108</ymin>
        </bndbox>
        <type>2</type>
        <direction>2</direction>
        <previous>0</previous>
    </vehicle>
    <vehicle>
        <id>14</id>
        <bndbox>
            <xmax>64</xmax>
            <xmin>32</xmin>
            <ymax>141</ymax>
            <ymin>120</ymin>
        </bndbox>
        <type>2</type>
        <direction>2</direction>
        <previous>0</previous>
    </vehicle>
    <vehicle>
        <id>15</id>
        <bndbox>
            <xmax>34</xmax>
            <xmin>1</xmin>
            <ymax>145</ymax>
            <ymin>119</ymin>
        </bndbox>
        <type>2</type>
        <direction>2</direction>
        <previous>0</previous>
    </vehicle>
    <vehicle>
        <id>16</id>
        <bndbox>
            <xmax>48</xmax>
            <xmin>3</xmin>
            <ymax>193</ymax>
            <ymin>145</ymin>
        </bndbox>
        <type>2</type>
        <direction>8</direction>
        <previous>0</previous>
    </vehicle>
    <vehicle>
        <id>17</id>
        <bndbox>
            <xmax>61</xmax>
            <xmin>0</xmin>
            <ymax>239</ymax>
            <ymin>161</ymin>
        </bndbox>
        <type>6</type>
        <direction>8</direction>
        <previous>0</previous>
    </vehicle>
    <vehicle>
        <id>18</id>
        <bndbox>
            <xmax>217</xmax>
            <xmin>102</xmin>
            <ymax>236</ymax>
            <ymin>184</ymin>
        </bndbox>
        <type>2</type>
        <direction>4</direction>
        <previous>0</previous>
    </vehicle>
    <vehicle>
        <id>19</id>
        <bndbox>
            <xmax>332</xmax>
            <xmin>191</xmin>
            <ymax>239</ymax>
            <ymin>219</ymin>
        </bndbox>
        <type>2</type>
        <direction>4</direction>
        <previous>0</previous>
    </vehicle>
</annotation>
