<annotation>
    <video>164-20160223-12.avi</video>
    <frame>000395</frame>
    <time>2016/02/23 14:46:48</time>
    <width>352</width>
    <height>240</height>
    <weather>3</weather>
    <facing>3</facing>
    <flow>2</flow>
    <vehicle>
        <id>1</id>
        <bndbox>
            <xmax>132</xmax>
            <xmin>124</xmin>
            <ymax>72</ymax>
            <ymin>63</ymin>
        </bndbox>
        <type>2</type>
        <direction>2</direction>
        <previous>0</previous>
    </vehicle>
    <vehicle>
        <id>2</id>
        <bndbox>
            <xmax>27</xmax>
            <xmin>1</xmin>
            <ymax>114</ymax>
            <ymin>97</ymin>
        </bndbox>
        <type>2</type>
        <direction>2</direction>
        <previous>0</previous>
    </vehicle>
    <vehicle>
        <id>3</id>
        <bndbox>
            <xmax>136</xmax>
            <xmin>48</xmin>
            <ymax>239</ymax>
            <ymin>208</ymin>
        </bndbox>
        <type>2</type>
        <direction>8</direction>
        <previous>0</previous>
    </vehicle>
    <vehicle>
        <id>4</id>
        <bndbox>
            <xmax>286</xmax>
            <xmin>188</xmin>
            <ymax>235</ymax>
            <ymin>189</ymin>
        </bndbox>
        <type>3</type>
        <direction>4</direction>
        <previous>0</previous>
    </vehicle>
    <vehicle>
        <id>5</id>
        <bndbox>
            <xmax>343</xmax>
            <xmin>245</xmin>
            <ymax>240</ymax>
            <ymin>232</ymin>
        </bndbox>
        <type>3</type>
        <direction>4</direction>
        <previous>0</previous>
    </vehicle>
    <vehicle>
        <id>6</id>
        <bndbox>
            <xmax>351</xmax>
            <xmin>305</xmin>
            <ymax>236</ymax>
            <ymin>185</ymin>
        </bndbox>
        <type>4</type>
        <direction>4</direction>
        <previous>0</previous>
    </vehicle>
    <vehicle>
        <id>7</id>
        <bndbox>
            <xmax>322</xmax>
            <xmin>273</xmin>
            <ymax>118</ymax>
            <ymin>99</ymin>
        </bndbox>
        <type>4</type>
        <direction>1</direction>
        <previous>0</previous>
    </vehicle>
    <vehicle>
        <id>8</id>
        <bndbox>
            <xmax>194</xmax>
            <xmin>170</xmin>
            <ymax>79</ymax>
            <ymin>63</ymin>
        </bndbox>
        <type>6</type>
        <direction>1</direction>
        <previous>0</previous>
    </vehicle>
    <vehicle>
        <id>9</id>
        <bndbox>
            <xmax>179</xmax>
            <xmin>165</xmin>
            <ymax>69</ymax>
            <ymin>55</ymin>
        </bndbox>
        <type>6</type>
        <direction>1</direction>
        <previous>0</previous>
    </vehicle>
</annotation>
